place_id,DEFICIENCY_HIGH,DEFICIENCY_MEDIUM_HIGH,DEFICIENCY_MEDIUM,DEFICIENCY_MEDIUM_LOW,DEFICIENCY_LOW,TOTAL_INSPECTIONS,TOTAL_ASSESSMENTS,TOTAL_CAPACITY,ISSUANCE_DATE,PROGRAMS_PROVIDED,ACCEPTS_CHILD_CARE_SUBSIDIES,CORRECTIVE_ACTION,ADVERSE_ACTION,TEMPORARILY_CLOSED,OPERATION_ID,OPERATION_NAME,CITY,ADDRESS_LINE,ZIPCODE,google_name,google_rating,google_review_count,review_count_returned,match_confidence,YEARS_IN_OPERATION,IS_ACCREDITED,ACCEPTS_SUBSIDIES,HAS_CORRECTIVE_ACTION,HAS_ADVERSE_ACTION,WAS_TEMP_CLOSED,TOTAL_DEFICIENCIES,DEFICIENCY_RATE,HIGH_DEFICIENCY_RATE
ChIJ--Sbfoa0RIYRMsKN2gq4dhI,6,8,4,1,4,14,3,75,2014-02-19,"School Age Care,Meals Provided ,Field Trips",N,NO,NO,NO,1124172,"Child, Inc. American Youth Works",AUSTIN,1911 E BEN WHITE BLVD,78741 7853,American YouthWorks,4.6,81.0,5,medium_confidence,11.9,0,0,0,0,0,23,1.643,0.429
ChIJ--dcWCTLQIYR3JXHfeHHOwc,0,5,1,0,0,5,0,70,2025-10-02,"School Age Care,Before School Care,Meals Provided ,After School Care,Snacks Provided,Drop-In Care,Part Time Care,Transportation to/from School ,Field Trips",N,NO,NO,NO,1509739,"Tiny Scholars Academy, LLC",HOUSTON,14504 NORTH FWY,77090 6808,Tiny Scholars Academy,4.7,14.0,5,high_confidence,0.2,0,0,0,0,0,6,1.2,0.0
ChIJ-0ZtcGiLXIYRJORd0gSotaM,10,25,13,1,1,30,0,106,2016-07-01,"School Age Care,Meals Provided ,After School Care,Snacks Provided,Part Time Care,Transportation to/from School ,Field Trips",N,NO,NO,NO,1186978,The Little Engine Learning Center,SAN ANTONIO,4122 AVENIDA PRIMA ST,78233 6819,The Little Engine Learning Center,4.2,25.0,5,high_confidence,9.5,0,0,0,0,0,50,1.667,0.333
ChIJ-4eNPHCfToYRkxevVmr-27Y,0,5,1,0,0,13,0,180,2014-04-04,"School Age Care,Before School Care,After School Care,Skill Classes,Part Time Care",N,NO,NO,NO,1117938,Spanish World School - Skillman,DALLAS,4411 SKILLMAN ST,75206 5437,Spanish World School,5.0,11.0,5,medium_confidence,11.7,0,0,0,0,0,6,0.462,0.0
ChIJ-5hPjoC5QIYRJJONJNcITb0,3,18,0,0,0,63,3,200,2022-02-10,"School Age Care,After School Care,Snacks Provided,Skill Classes",N,NO,NO,NO,1383768,Kidventure After School at Travis Elementary,HOUSTON,3311 BEAUCHAMP ST,77009 6613,Kidventure After School at Travis Elementary,5.0,20.0,5,high_confidence,3.9,0,0,0,0,0,21,0.333,0.048
ChIJ-6Lp8t_NQIYRADCWmMDSbh4,13,25,17,0,0,14,0,94,2025-01-31,"School Age Care,Before School Care,Meals Provided ,After School Care,Snacks Provided,Transportation to/from School ,Field Trips,Night Care",Y,NO,NO,NO,1477354,Little Stars Childcare 2,HOUSTON,4507 FOUNTAINHEAD DR,77066 2632,Little Stars ChildCare 2,4.5,33.0,5,high_confidence,0.9,0,1,0,0,0,55,3.929,0.929
ChIJ-7OmHZLNQIYR6SQ5gSzjqug,0,0,8,0,0,7,0,239,1986-12-29,"Snacks Provided,Part Time Care",N,NO,NO,NO,95678,Bright Beginners Preschool and Infant Care,HOUSTON,14225 HARGRAVE RD,77070 3843,Bright Beginners Preschool and Infant Care,4.6,11.0,5,high_confidence,39.0,0,0,0,0,0,8,1.143,0.0
ChIJ-U1s6GuMXIYREbk3jnKEIPI,2,0,1,0,0,13,0,107,1986-12-03,"Before School Care,Accredited,Meals Provided ,After School Care,Snacks Provided,Transportation to/from School ,Field Trips",Y,NO,NO,NO,102161,La Petite Academy Judson,SAN ANTONIO,16345 JUDSON RD,78247 1378,La Petite Academy on Judson Road,3.6,37.0,5,high_confidence,39.1,1,1,0,0,0,3,0.231,0.154
ChIJ-WIGBn6kToYReZtzk9NX6uE,1,2,0,0,1,10,0,95,1998-10-16,"After School Care,Transportation to/from School ,Field Trips",Y,NO,NO,NO,155026,Play and Learn Christian Academy,DALLAS,9510 MILITARY PKWY,75227 4715,Play-N-Learn Christian Academy,4.1,57.0,5,medium_confidence,27.2,0,1,0,0,0,4,0.4,0.1
ChIJ-XplVXp1ToYRckXVWzxxcu4,0,6,2,2,0,7,2,150,2009-02-24,"After School Care,Snacks Provided,Part Time Care",Y,NO,NO,NO,364577,Parkview Elementary - Northwest YMCA,FORT WORTH,6225 CRYSTAL LAKE DR,76179 8701,Parkview Elementary School,,,0,medium_confidence,16.9,0,1,0,0,0,10,1.429,0.0
ChIJ-ZjstG-dQIYRgDSkTsWdxRs,4,7,5,0,2,12,0,102,2025-01-31,"School Age Care,Before School Care,Meals Provided ,After School Care,Snacks Provided,Part Time Care",Y,NO,NO,NO,1480929,Little Oaks Early Learning Academy,HOUSTON,15700 SPACE CENTER BLVD,77062 4602,Little Oaks Early Learning Academy - Clear Lake Campus,5.0,14.0,5,medium_confidence,0.9,0,1,0,0,0,18,1.5,0.333
ChIJ-_DhB1lYXIYR8qb7Ys4Ee8A,5,12,8,2,0,10,2,30,2016-01-21,"School Age Care,Meals Provided ,After School Care,Snacks Provided,Drop-In Care,Part Time Care,Transportation to/from School ,Weekend Care,Field Trips",Y,NO,NO,NO,1223198,San Antonio Cottage Child Dev. Center,SAN ANTONIO,706 DIVISION AVE,78225 2500,San Antonio Cottage Child Development Center,4.0,2.0,2,high_confidence,9.9,0,1,0,0,0,27,2.7,0.5
ChIJ-_DhB1lYXIYRXdLK4uqtkZ8,6,12,7,3,0,17,1,83,2020-10-26,"School Age Care,Before School Care,Meals Provided ,After School Care,Snacks Provided,Drop-In Care,Part Time Care,Transportation to/from School ,Field Trips",Y,NO,NO,NO,1350388,Little Treehouse Early Learning Center #3,SAN ANTONIO,5310 INTERSTATE HIGHWAY 35 S,78211 1762,Little Treehouse Early Learning Center,3.8,13.0,5,high_confidence,5.2,0,1,0,0,0,28,1.647,0.353
ChIJ-_Uth6b3XIYR3yZ1Mid9xKE,1,1,1,0,0,8,0,49,2025-03-05,"School Age Care,Meals Provided ,After School Care,Snacks Provided,Part Time Care",Y,NO,NO,NO,1483871,EJ'S Kids Daycare and Learning Center LLC,SAN ANTONIO,1720 S WW WHITE RD,78220 4760,EJ'S Kids Daycare and Learning Center,5.0,13.0,5,high_confidence,0.8,0,1,0,0,0,3,0.375,0.125
ChIJ-b90-XDdQIYRrGURpqQljk4,2,7,5,0,0,16,1,80,2014-03-21,"Meals Provided ,Snacks Provided,Drop-In Care,Transportation to/from School ,Weekend Care",Y,NO,NO,NO,1123855,Hope's Children Academy,HOUSTON,8500 COOK RD STE H,77072 3944,Hope's Children Academy,4.5,19.0,5,high_confidence,11.8,0,1,0,0,0,14,0.875,0.125
ChIJ-bVih37AQIYRvWLZGuwXw6I,6,3,1,0,0,12,0,242,1990-10-26,"School Age Care,Accredited,Meals Provided ,Snacks Provided,Part Time Care",Y,NO,NO,NO,108792,Becker Early Childhood Center,HOUSTON,1500 SUNSET BLVD,77005 1845,Becker School,5.0,10.0,5,medium_confidence,35.2,1,1,0,0,0,10,0.833,0.5
ChIJ-bhDuN5eXIYRr11fuv9vaL8,2,10,6,0,0,15,0,56,1999-06-21,"Meals Provided ,Snacks Provided",N,NO,NO,NO,159058,Avance San Antonio CDC Frank Garrett,SAN ANTONIO,1226 NW 18TH ST,78207 1300,Frank Garrett Multi Service Center,4.3,82.0,5,medium_confidence,26.5,0,0,0,0,0,18,1.2,0.133
ChIJ-bxnDV91ToYR5XUh0v-7vnU,4,14,3,0,0,14,2,100,2017-02-22,"School Age Care,After School Care,Snacks Provided",Y,NO,NO,NO,1252549,Dozier Elementary - Northwest YMCA,FORT WORTH,6201 REDEAGEL CRK,76179,Dozier Elementary School,,,0,medium_confidence,8.9,0,1,0,0,0,21,1.5,0.286
ChIJ-cNSwrG_QIYR0L0pmu8O7hM,0,0,0,0,0,8,0,77,2023-05-08,"School Age Care,Meals Provided ,Snacks Provided",N,NO,NO,NO,1418498,Lockhart Elementary School,HOUSTON,3200 ROSEDALE ST,77004 6211,Lockhart Elementary School,,,0,high_confidence,2.7,0,0,0,0,0,0,0.0,0.0
ChIJ-cbbFEqJXIYRmPFsxMAz3oc,3,7,1,0,0,11,0,269,2024-07-11,"School Age Care,Accredited,Meals Provided ,After School Care,Snacks Provided,Part Time Care",N,NO,NO,NO,1471633,Montessori Kids Universe of Stone Oak,SAN ANTONIO,24170 US HIGHWAY 281 N,78258 7231,Montessori Kids Universe Stone Oak,4.8,91.0,5,high_confidence,1.5,1,0,0,0,0,11,1.0,0.273
ChIJ-em8DzJvToYRsWnKcRGGXTI,0,2,0,0,0,10,0,120,2022-12-19,"School Age Care,Before School Care,After School Care,Snacks Provided",Y,NO,NO,NO,1414685,KCE Champions LLC @ IDEA Southeast,FORT WORTH,2935 E SEMINARY DR,76119 5500,Champions at IDEA Southeast,,,0,high_confidence,3.0,0,1,0,0,0,2,0.2,0.0
ChIJ-fy3sJO5QIYR16XPuXkrYSg,4,13,11,2,1,10,2,60,1993-04-19,"School Age Care,Before School Care,Meals Provided ,After School Care,Snacks Provided,Part Time Care,Transportation to/from School ,Field Trips",Y,NO,NO,NO,127224,Kids Plus Academy,HOUSTON,4506 LAURA KOPPE RD,77016 5035,Kids Plus Academy,4.2,6.0,5,high_confidence,32.7,0,1,0,0,0,31,3.1,0.4
ChIJ-w7ftCD3XIYRGgivw0VbB3E,4,4,2,1,0,13,1,78,2023-03-09,"School Age Care,Before School Care,Meals Provided ,After School Care,Snacks Provided,Drop-In Care,Part Time Care",Y,NO,NO,NO,1418104,Mama Bear Learning Center,SAN ANTONIO,3930 E SOUTHCROSS BLVD BLDG 2,78222 3520,Mama Bear Learning Center,4.7,17.0,5,high_confidence,2.8,0,1,0,0,0,11,0.846,0.308
ChIJ-wFCQ27eQIYRfJIrJ3YQYZE,2,4,2,0,0,6,0,153,2019-02-07,"School Age Care,Before School Care,Accredited,Meals Provided ,After School Care,Snacks Provided,Part Time Care,Transportation to/from School ,Field Trips",Y,NO,NO,NO,1313726,Grace Academy,HOUSTON,15401 BELLAIRE BLVD,77083 3014,Grace Academy Bellaire Blvd,5.0,9.0,5,medium_confidence,6.9,1,1,0,0,0,8,1.333,0.333
ChIJ-wJRbQnKRIYRw_IQyNdZpII,0,0,0,0,0,2,0,75,2025-08-06,"School Age Care,Part Time Care",N,NO,NO,NO,1510235,Copernicus STEM Academy,AUSTIN,4503 N INTERSTATE 35,78722 1001,Copernicus STEM Academy,4.8,25.0,5,high_confidence,0.4,0,0,0,0,0,0,0.0,0.0
ChIJ-waqCsyKXIYRfBkEDUbWuhI,1,6,2,0,0,3,0,56,2026-01-12,"School Age Care,Meals Provided ,After School Care,Snacks Provided,Drop-In Care,Part Time Care",N,NO,NO,NO,1520008,Revive Christian Academy,SAN ANTONIO,303 W RAMSEY RD,78216 3818,Revive Ministries San Antonio Church,4.8,34.0,5,medium_confidence,-0.0,0,0,0,0,0,9,3.0,0.333
ChIJ0-HR1TTRQIYRYUScV_MIMCw,1,7,0,0,0,5,0,107,2020-02-11,"Before School Care,Meals Provided ,After School Care,Snacks Provided,Drop-In Care,Part Time Care,Transportation to/from School",Y,NO,NO,NO,1322266,"Gloria D. Lacson FC., INC., DBA., Sweet Angels Day Care",HOUSTON,11242 HARVEST BEND BLVD,77064 4128,"Gloria D. Lacson FC., Inc., DBA. Sweet Angels Day Care",4.4,7.0,5,high_confidence,5.9,0,1,0,0,0,8,1.6,0.2
ChIJ0-XnnHHLRIYRk8mQ3Pz_7Fg,1,2,1,0,0,9,0,120,2010-05-26,"Before School Care,After School Care",N,NO,NO,NO,517168,Casner Christian Academy,AUSTIN,2700 NORTHLAND DR,78756 1000,Casner Christian Academy,,,0,high_confidence,15.6,0,0,0,0,0,4,0.444,0.111
ChIJ0-XnnHHLRIYRztvfSamRCSE,1,0,5,0,0,4,0,250,2025-11-14,"Before School Care,Meals Provided ,After School Care,Snacks Provided,Part Time Care,Transportation to/from School",N,NO,NO,NO,1518159,Hillcrest Childrens Academy,AUSTIN,3838 STECK AVE,78759 8637,Hillcrest Children's Academy,5.0,3.0,3,high_confidence,0.1,0,0,0,0,0,6,1.5,0.25
ChIJ0-ydIrDLRIYRu1qjMFMRI4g,0,1,0,0,0,8,0,29,2022-12-20,"Drop-In Care,Skill Classes,Part Time Care",N,NO,NO,NO,1407823,The Rosedale Preschool,AUSTIN,5615 ADAMS AVE,78756 1102,The Rosedale Preschool,5.0,5.0,5,high_confidence,3.0,0,0,0,0,0,1,0.125,0.0
ChIJ009M5j9wToYRVWdjU6p2ENw,4,0,0,0,0,13,0,58,2019-06-14,"Meals Provided ,Snacks Provided",Y,NO,NO,NO,1321895,The Morris Foundation Child Development Center,FORT WORTH,2701 MORESBY ST,76105,The Morris Foundation Child Development Center,5.0,2.0,2,high_confidence,6.6,0,1,0,0,0,4,0.308,0.308
ChIJ00S6Lz5sToYRDjJGh4GLEzQ,0,0,0,0,0,1,0,218,2026-03-31,"School Age Care,Before School Care,Meals Provided ,After School Care,Drop-In Care,Part Time Care,Transportation to/from School ,Field Trips",N,NO,NO,NO,1525757,Childcare Network #261,FORT WORTH,3420 W RISINGER RD,76123 2338,Childcare Network,4.2,96.0,5,high_confidence,0.0,0,0,0,0,0,0,0.0,0.0
ChIJ01_UUiigToYRh1yJ4IFMPHI,3,3,3,0,0,11,0,156,2024-05-06,"School Age Care,Before School Care,Meals Provided ,After School Care,Snacks Provided,Drop-In Care,Part Time Care,Transportation to/from School ,Field Trips",Y,NO,NO,NO,1473753,East Ridge Academy,DALLAS,6310 EASTRIDGE DR,75231 7809,Eastridge Academy,4.3,40.0,5,high_confidence,1.7,0,1,0,0,0,9,0.818,0.273
ChIJ04bzn8ZnXIYR1GRd6wvuLXY,0,0,0,0,0,4,0,81,2026-01-09,"Meals Provided ,Snacks Provided,Part Time Care",N,NO,NO,NO,1513064,enCourage Preschools,SAN ANTONIO,5450 BABCOCK RD # B128,78240 3908,enCourage Preschools San Antonio,5.0,28.0,5,medium_confidence,-0.0,0,0,0,0,0,0,0.0,0.0
ChIJ04drz5KXQIYRQ5axG5RDUz8,3,17,5,0,0,14,0,112,2023-10-02,"School Age Care,Before School Care,Meals Provided ,After School Care,Snacks Provided,Transportation to/from School ,Field Trips",Y,NO,NO,NO,1438841,Kids Connect of Houston,HOUSTON,8510 ALMEDA GENOA RD STE 404,77075 2252,Kids Connect of Houston,4.8,36.0,5,high_confidence,2.3,0,1,0,0,0,25,1.786,0.214
ChIJ04zVhANiXIYRalO6V4c-c0U,1,6,4,0,0,14,0,217,2000-04-26,"Before School Care,Meals Provided ,After School Care,Snacks Provided,Part Time Care,Transportation to/from School ,Field Trips",N,NO,NO,NO,163506,Childrens Center of Stone Oak,SAN ANTONIO,18858 STONE OAK PKWY,78258 4113,Children's Center of Stone Oak,4.6,41.0,5,high_confidence,25.7,0,0,0,0,0,11,0.786,0.071
ChIJ05StCO9fXIYRWGWfRIvcIRw,1,7,2,1,0,7,0,123,1987-12-07,"Meals Provided ,Snacks Provided,Part Time Care",Y,NO,NO,NO,103670,Blessed Sacrament Parish Daycare,SAN ANTONIO,102 SHARON DR,78216 7318,Blessed Sacrament Child Development Center,4.4,31.0,5,medium_confidence,38.1,0,1,0,0,0,11,1.571,0.143
ChIJ06KFLPulQIYRHpIXnhwUVuE,5,3,5,0,0,11,3,41,2024-01-16,"School Age Care,Before School Care,Meals Provided ,After School Care,Snacks Provided,Part Time Care,Transportation to/from School ,Field Trips",Y,NO,NO,NO,1458361,Empire Academy Inc,HOUSTON,13222 TIDWELL RD,77044 1531,Empire Academy Childcare Center,3.7,3.0,3,medium_confidence,2.0,0,1,0,0,0,13,1.182,0.455
ChIJ074xZxLKRIYRb75_3F37Hd8,2,2,1,1,0,12,1,130,2021-02-22,"School Age Care,After School Care,Part Time Care,Transportation to/from School ,Field Trips",N,NO,NO,NO,1358137,Little Tiger Chinese Immersion School,AUSTIN,708 E 51ST ST,78751 2106,Little Tiger Chinese Immersion School,,,0,high_confidence,4.9,0,0,0,0,0,6,0.5,0.167
ChIJ08nZvpDLRIYRZk0Z2hEWCrE,2,2,3,0,0,10,0,75,2022-01-19,"Snacks Provided,Part Time Care",N,NO,NO,NO,1382693,Austin Baptist Church,AUSTIN,7016 RIBELIN RANCH RD,78750 8583,Austin Baptist Church,4.7,96.0,5,high_confidence,4.0,0,0,0,0,0,7,0.7,0.2
ChIJ09U1cgOfToYRPPD3rkVxiJs,3,8,2,0,0,18,0,80,2002-06-03,"Skill Classes,Part Time Care",N,NO,NO,NO,207359,The Community School Park Cities,DALLAS,3412 BINKLEY AVE,75205 2230,The Community School of the Park Cities,4.7,22.0,5,high_confidence,23.6,0,0,0,0,0,13,0.722,0.167
ChIJ09VBRgqcQIYRKFN-FOOpP1c,1,5,2,0,0,12,0,119,1990-02-09,"School Age Care,Before School Care,Accredited,Meals Provided ,After School Care,Snacks Provided,Skill Classes,Part Time Care,Transportation to/from School",Y,NO,NO,NO,108046,Clear Lake KinderCare,HOUSTON,14777 EL CAMINO REAL,77062 2176,Clear Lake KinderCare,4.7,44.0,5,high_confidence,35.9,1,1,0,0,0,8,0.667,0.083
ChIJ09d7s8FgXIYROZjxG6d9N1w,5,29,5,1,0,43,3,147,2020-02-14,"School Age Care,Before School Care,Meals Provided ,After School Care,Snacks Provided,Drop-In Care,Part Time Care,Transportation to/from School ,Field Trips",Y,NO,NO,NO,1335150,The Kid's Garden Learning Center,SAN ANTONIO,10918 WURZBACH RD STE 100,78230 2578,The Kids Garden Learning Center I,4.0,8.0,5,high_confidence,5.9,0,1,0,0,0,40,0.93,0.116
ChIJ0Q6s6iRyToYR9mmWUPAyX0s,0,1,0,0,0,9,0,185,1987-06-04,Part Time Care,N,NO,NO,NO,94445,University Christian Weekday School,FORT WORTH,2720 S UNIVERSITY DR,76109 1150,Weekday School,,,0,medium_confidence,38.6,0,0,0,0,0,1,0.111,0.0
ChIJ0QOnXmjeQIYRniFbU2HlzeI,2,10,3,0,0,5,0,92,2011-02-11,"After School Care,Part Time Care,Transportation to/from School ,Field Trips",Y,NO,NO,NO,732788,"The Station of Imagination Child Care, LLC",HOUSTON,7030 ADDICKS CLODINE RD STE 109,77083 2346,Station of Imagination Child Care LLC,4.5,8.0,5,high_confidence,14.9,0,1,0,0,0,15,3.0,0.4
ChIJ0RC0gT-5QIYR5JVqIhw738E,5,3,6,1,1,9,0,50,2001-09-27,"School Age Care,Before School Care,Meals Provided ,After School Care,Snacks Provided,Drop-In Care,Transportation to/from School ,Field Trips",Y,NO,NO,NO,192215,Humble Beginners,HOUSTON,3713 SAYERS ST,77026 4735,Humble Beginners Daycare,3.9,7.0,5,high_confidence,24.3,0,1,0,0,0,16,1.778,0.556
ChIJ0RGTPPxhXIYRvsmdcMCMWZ4,0,1,1,0,0,3,0,16,2025-09-03,"Meals Provided ,Snacks Provided",N,NO,NO,NO,1513122,Immersion Montessori Academy,SAN ANTONIO,11102 WEST AVE,78213 1337,Immersion Montessori Academy,4.9,43.0,5,high_confidence,0.3,0,0,0,0,0,2,0.667,0.0
ChIJ0RwI811nXIYRprPqY9GiyFc,13,13,6,1,0,37,0,141,2014-02-21,"School Age Care,Meals Provided ,Snacks Provided,Drop-In Care,Skill Classes,Part Time Care,Transportation to/from School ,Field Trips",Y,NO,NO,NO,1117995,Sunshine Montessori Academy,SAN ANTONIO,5520 ECKHERT RD,78240 3906,Sunshine Montessori Academy,,,0,high_confidence,11.9,0,1,0,0,0,33,0.892,0.351
ChIJ0S07ueDCQIYRmo1ivIdXL-M,7,18,12,0,2,11,1,62,2024-10-31,"School Age Care,Before School Care,Meals Provided ,After School Care,Snacks Provided,Part Time Care,Transportation to/from School",Y,NO,NO,NO,1471687,Kids Klub Learning Center,HOUSTON,5950 S GESSNER RD STE J,77036 2675,Kids Klub Learning Center - Daycare/Afterschool,4.1,26.0,5,medium_confidence,1.2,0,1,0,0,0,39,3.545,0.636
ChIJ0VItzskyW4YRoqZ1I4oZml4,0,0,0,0,0,4,0,108,2025-09-24,"Meals Provided ,Snacks Provided,Drop-In Care,Part Time Care",N,NO,NO,NO,1515101,Stepping Stone School IV,AUSTIN,9914 WOODLAND VILLAGE DR,78750 2220,Stepping Stone School - Northwest Austin,4.7,44.0,5,medium_confidence,0.3,0,0,0,0,0,0,0.0,0.0
ChIJ0ZZiH0_6XIYRic7-1BjLM1s,1,7,8,0,0,12,0,140,1994-09-23,"School Age Care,Before School Care,Meals Provided ,After School Care,Snacks Provided,Drop-In Care,Part Time Care",N,NO,NO,NO,137482,Playtime Daycare,SAN ANTONIO,11470 S FOSTER RD,78223 4431,Play time Day Care,4.4,28.0,5,medium_confidence,31.3,0,0,0,0,0,16,1.333,0.083
ChIJ0ZcMMdfdQIYRKq_sqQDj2Xw,1,0,0,0,0,9,0,105,2011-06-28,"School Age Care,Before School Care,Meals Provided ,After School Care,Snacks Provided,Drop-In Care,Part Time Care,Transportation to/from School ,Field Trips",Y,NO,NO,NO,793917,Little Stars Child Care,HOUSTON,14434 BELLAIRE BLVD,77083 7520,Little Stars Child Care,4.5,33.0,5,high_confidence,14.5,0,1,0,0,0,1,0.111,0.111
ChIJ0ZhCpegfTIYRvXHpc9naiyI,2,5,5,0,0,18,2,87,2019-05-24,"School Age Care,Before School Care,Meals Provided ,After School Care,Snacks Provided,Drop-In Care,Skill Classes,Transportation to/from School ,Field Trips",Y,NO,NO,NO,1321695,Little Einsteins Learning Center LLC,DALLAS,9205 SKILLMAN ST STE 117,75243 7324,Little Einsteins Learning Center- Dallas,4.3,46.0,5,high_confidence,6.6,0,1,0,0,0,12,0.667,0.111
ChIJ0_6qPufHQIYRFWC3veKi3RM,0,3,1,0,0,6,0,176,2025-08-26,"School Age Care,Before School Care,Meals Provided ,After School Care,Snacks Provided,Transportation to/from School ,Field Trips",N,NO,NO,NO,1497236,The Learning Experience-Houston Oak Forest,HOUSTON,2111 W 34TH ST,77018 6002,The Learning Experience - Houston- Oak Forest,,,0,medium_confidence,0.4,0,0,0,0,0,4,0.667,0.0
ChIJ0_onBgC5QIYRDEaKwYDB9T4,0,0,0,0,0,1,0,256,2026-03-24,"Meals Provided ,Snacks Provided,Drop-In Care,Part Time Care",N,NO,NO,NO,1525834,The Learning Experience- Houston Heights,HOUSTON,1915 AIRLINE DR,77009 2544,The Learning Experience - Houston Heights,5.0,1.0,1,high_confidence,0.0,0,0,0,0,0,0,0.0,0.0
ChIJ0atuKE2LXIYR3nsflRU_tlo,5,8,5,0,1,14,0,95,2017-12-07,"School Age Care,Before School Care,Meals Provided ,After School Care,Snacks Provided,Drop-In Care,Skill Classes,Part Time Care",Y,NO,NO,NO,1280128,Beaming Bright Learning Center,SAN ANTONIO,4222 SUNSHADOW ST,78217 4324,Beaming Bright Learning Center,4.8,69.0,5,high_confidence,8.1,0,1,0,0,0,19,1.357,0.357
ChIJ0azhpR_XQIYRAeW1UdYzEFE,0,2,0,0,0,7,0,133,1997-04-15,"After School Care,Part Time Care",Y,NO,NO,NO,148218,Montessori Preschool at Copperfield,HOUSTON,8007 QUEENSTON BLVD,77095 4730,Montessori Preschool at Copperfield,4.6,30.0,5,high_confidence,28.7,0,1,0,0,0,2,0.286,0.0
ChIJ0bRoeYhLW4YR1VA2Hk14QSc,2,3,3,0,0,6,1,23,2018-09-04,,N,NO,NO,NO,1313157,Cadets Childcare Inc DBA Clubhouse Cadets @ Boone Elementary,AUSTIN,8101 CROFTWOOD DR,78749 3255,Clubhouse Cadets at Boone,,,0,medium_confidence,7.3,0,0,0,0,0,8,1.333,0.333
ChIJ0bwzwT-kQIYRxKpOx-JlMIw,11,1,3,0,0,18,1,207,2009-07-20,"School Age Care,Before School Care,Meals Provided ,After School Care,Snacks Provided,Part Time Care,Transportation to/from School ,Field Trips",Y,NO,NO,NO,356740,Silver Star Academy,HOUSTON,5610 E SAM HOUSTON PKWY N,77015 3249,Silver Star Academy,4.2,51.0,5,high_confidence,16.5,0,1,0,0,0,15,0.833,0.611
ChIJ0dba7z6VQIYRSoe6T3uJ6lE,0,0,0,0,0,4,0,60,2025-11-04,"School Age Care,Meals Provided ,Snacks Provided",N,NO,NO,NO,1512547,Reynolds Head Start,HOUSTON,9601 ROSEHAVEN DR,77051 3132,Reynolds Elementary School,,,0,medium_confidence,0.2,0,0,0,0,0,0,0.0,0.0
ChIJ0e2Z_njSRIYReYhOHgh9yhI,6,5,4,0,0,23,0,203,2016-09-12,"School Age Care,Meals Provided ,After School Care,Snacks Provided,Part Time Care,Transportation to/from School ,Field Trips",Y,NO,NO,NO,1239589,The Learning Experience,AUSTIN,15542 RANCH ROAD 620 N,78717 5206,The Learning Experience - Brushy Creek,4.6,52.0,5,medium_confidence,9.3,0,1,0,0,0,15,0.652,0.261
ChIJ0f1wHwK_QIYRJPnu3plgMOM,6,2,1,1,0,14,1,102,2023-03-27,"School Age Care,Before School Care,Meals Provided ,After School Care,Snacks Provided,Field Trips",Y,NO,NO,NO,1420232,Generation One Academy,HOUSTON,2600 HOLMAN ST BLDG A,77004 3234,Generation One,4.2,25.0,5,medium_confidence,2.8,0,1,0,0,0,10,0.714,0.429
ChIJ0fAV1MY3W4YRLb8XrElSq38,6,19,7,1,0,14,0,43,2019-01-08,"Meals Provided ,Snacks Provided,Part Time Care",Y,NO,NO,NO,1321089,Learn and Laugh Preschool,AUSTIN,11715 FM 2244,78738 6315,Learn and Laugh Preschool,5.0,11.0,5,high_confidence,7.0,0,1,0,0,0,33,2.357,0.429
ChIJ0w3PGQ05W4YRcTd1flJWgPE,2,1,0,0,0,8,0,120,2014-10-31,"Meals Provided ,After School Care,Snacks Provided,Skill Classes,Field Trips",N,NO,NO,NO,1140244,Lupine Lane,AUSTIN,1001 HIGHLANDS BLVD,78738 6174,Lupine Lane,5.0,4.0,4,high_confidence,11.2,0,0,0,0,0,3,0.375,0.25
ChIJ0xBAFUzDQIYRPmD_LuyOGR4,1,2,2,0,0,5,0,67,2025-09-17,"School Age Care,Before School Care,Meals Provided ,After School Care,Snacks Provided,Part Time Care,Night Care",N,NO,NO,NO,1496997,Kingdom Starters Learning Academy,HOUSTON,6300 WESTPARK DR STE 130,77057 7205,Kingdom Starters Learning Academy,,,0,high_confidence,0.3,0,0,0,0,0,5,1.0,0.2
ChIJ1-dFwEUsKIERDxUezHwdhB0,2,1,3,0,1,8,0,102,2024-01-12,"Meals Provided ,After School Care,Snacks Provided,Part Time Care,Field Trips",Y,NO,NO,NO,1451612,LEGACY KIDS ACADEMY,HOUSTON,4500 HIGHWAY 6 N STE C,77084 3402,Legacy Kids Academy-Houston,5.0,18.0,5,high_confidence,2.0,0,1,0,0,0,7,0.875,0.25
ChIJ10T97_PdQIYRtGSdStJ2Hio,0,5,1,0,0,9,0,108,2025-05-30,"School Age Care,Before School Care,Meals Provided ,After School Care,Snacks Provided,Part Time Care,Transportation to/from School ,Weekend Care,Night Care",N,NO,NO,NO,1492478,Red Leaf Learning Academy,HOUSTON,14360 BELLAIRE BLVD STE 128,77083 7516,Red Leaf Learning Academy,5.0,90.0,5,high_confidence,0.6,0,0,0,0,0,6,0.667,0.0
ChIJ116Fy2gnTIYRFANieu2psIY,0,5,0,0,0,8,0,75,2018-03-01,"School Age Care,After School Care,Snacks Provided",N,NO,NO,NO,1288471,YMCA @ DeGolyer Elementary,DALLAS,3453 FLAIR DR,75229 2603,Everette L. DeGolyer,,,0,medium_confidence,7.8,0,0,0,0,0,5,0.625,0.0
ChIJ146VdevrQIYRlwtf43OsjZk,9,7,3,0,1,18,1,84,2020-07-20,"Before School Care,Meals Provided ,After School Care,Snacks Provided,Drop-In Care,Part Time Care,Transportation to/from School ,Field Trips",Y,NO,NO,NO,1340286,Ready Learners Academy,HOUSTON,1002 ALMEDA GENOA RD,77047 4204,Ready Learners Academy,5.0,3.0,3,high_confidence,5.5,0,1,0,0,0,20,1.111,0.5
ChIJ14WpqvrfTYYR2pw0RxkJoHk,3,2,0,0,0,17,0,220,2006-01-13,"School Age Care,Before School Care,Accredited,Meals Provided ,After School Care,Snacks Provided,Part Time Care,Transportation to/from School ,Field Trips",N,NO,NO,NO,275098,Primrose School,FORT WORTH,3125 EAGLE RANCH BLVD,76179 2224,Primrose School at Eagle Ranch,4.7,43.0,5,medium_confidence,20.0,1,0,0,0,0,5,0.294,0.176
ChIJ153GHlkyW4YRDE15wAloTWw,1,2,0,0,0,7,0,76,2016-01-27,"After School Care,Part Time Care",Y,NO,NO,NO,1192019,Bright Kids Child Development Center,AUSTIN,10713 N FM 620 STE 101,78726 1700,Bright Kids Child Development Center,5.0,20.0,5,high_confidence,9.9,0,1,0,0,0,3,0.429,0.143
ChIJ156CSl-YToYR242Lxs_FmRc,5,12,0,2,0,10,2,125,2004-10-27,"Accredited,After School Care,Field Trips",Y,NO,NO,NO,256312,St Philips School & Community Center,DALLAS,1600 PENNSYLVANIA AVE,75215 3239,St. Philip's School and Community Center,,,0,high_confidence,21.2,1,1,0,0,0,19,1.9,0.5
ChIJ15MfIBQzW4YRy3o0MDEKRH0,4,5,3,0,0,25,0,216,2023-03-01,"School Age Care,After School Care,Snacks Provided,Part Time Care",Y,NO,NO,NO,1423185,The Nest at Anderson Mill,AUSTIN,11812 MILLWRIGHT PKWY,78750 1613,The Nest at Anderson Mill,4.5,31.0,5,high_confidence,2.8,0,1,0,0,0,12,0.48,0.16
ChIJ16X-IiF2ToYRWuPlP1FpBHE,14,7,6,0,0,22,0,212,1999-07-09,"School Age Care,Before School Care,Meals Provided ,After School Care,Snacks Provided,Drop-In Care,Part Time Care,Transportation to/from School ,Field Trips",Y,NO,NO,NO,158821,The Childrens Courtyard,FORT WORTH,2301 WESTERN CENTER BLVD,76131 1205,The Children's Courtyard on Western Center Blvd,4.4,90.0,5,medium_confidence,26.5,0,1,0,0,0,27,1.227,0.636
ChIJ16nunx7xXIYR6MwZnO-FCaE,1,3,2,0,0,6,0,79,2025-11-26,"School Age Care,Before School Care,Meals Provided ,After School Care,Snacks Provided,Skill Classes,Part Time Care,Field Trips",N,NO,NO,NO,1504551,Latanya Little Hands Academy,SAN ANTONIO,5063 RIGSBY AVE,78222 1304,Latanya Little Hands Academy,5.0,10.0,5,high_confidence,0.1,0,0,0,0,0,6,1.0,0.167
ChIJ18683WLcQIYROq4DizHlcvo,6,12,4,0,0,15,2,493,2005-11-14,"Accredited,After School Care,Part Time Care,Field Trips",N,NO,NO,NO,284453,Smaller Scholars,HOUSTON,1685 &1675 S DAIRY ASHFORD,77077,Smaller Scholars Montessori Academy,4.6,58.0,5,medium_confidence,20.1,1,0,0,0,0,22,1.467,0.4
ChIJ18FFYUmfToYRdmAQcvysgy8,3,3,2,0,0,11,0,60,2022-11-30,"School Age Care,Before School Care,After School Care,Snacks Provided,Part Time Care",Y,NO,NO,NO,1404816,KCE Champions LLC @ Ben Milam,DALLAS,4200 MCKINNEY AVE,75205 4526,Champions at Ben Milam Elementary School,5.0,1.0,1,medium_confidence,3.1,0,1,0,0,0,8,0.727,0.273
ChIJ19YXjujKRIYR7rOky8S2TTQ,2,8,3,1,0,10,0,123,2024-02-27,"School Age Care,After School Care,Snacks Provided",Y,NO,NO,NO,1452622,AISD Highland Park Third Base,AUSTIN,4900 FAIRVIEW DR,78731 5422,Highland Park Elementary School,,,0,medium_confidence,1.8,0,1,0,0,0,14,1.4,0.2
ChIJ1RNXxRiaQIYRyMgQKyf45pI,0,0,2,0,0,6,0,120,2017-05-16,"School Age Care,After School Care,Snacks Provided,Part Time Care,Transportation to/from School ,Field Trips",N,NO,NO,NO,1257587,USA Karate,HOUSTON,11101 RESOURCE PKWY,77089 6059,USA Karate,4.9,21.0,5,high_confidence,8.6,0,0,0,0,0,2,0.333,0.0
ChIJ1RsNwTfYTYYRPXL-uqZ_Dns,7,2,3,0,0,21,0,291,2016-02-25,"School Age Care,Before School Care,Meals Provided ,After School Care,Snacks Provided,Part Time Care,Transportation to/from School ,Field Trips",N,NO,NO,NO,1196022,Children's Lighthouse at Heritage,FORT WORTH,4851 SHIVER RD,76244 6115,Children's Lighthouse of Keller - Fort Worth,4.7,166.0,5,medium_confidence,9.9,0,0,0,0,0,12,0.571,0.333
ChIJ1Rt-dmu5QIYRQO_ncIT2q0g,7,15,4,2,0,18,0,48,1985-12-05,"School Age Care,Before School Care,Meals Provided ,After School Care,Snacks Provided,Drop-In Care,Part Time Care,Transportation to/from School ,Field Trips,Night Care",Y,NO,NO,NO,98235,J B Adams School,HOUSTON,4601 HIRSCH RD,77026 2745,"J. B. Adams Infant, Toddler & Preschool",4.5,16.0,5,medium_confidence,40.1,0,1,0,0,0,28,1.556,0.389
ChIJ1SqgSrp7ToYRua-vo_RBfIo,0,2,0,0,0,6,1,68,2025-01-16,"School Age Care,After School Care,Snacks Provided",N,NO,NO,NO,1482853,YMCA at Atwood McDonald,FORT WORTH,1850 BARRON LN,76112 4230,Atwood McDonald Elementary School (FWISD),,,0,medium_confidence,1.0,0,0,0,0,0,2,0.333,0.0
ChIJ1SwierzLQIYRrKx04MNPgqM,2,5,6,1,1,14,0,92,2021-12-10,"School Age Care,Before School Care,Meals Provided ,After School Care,Snacks Provided,Drop-In Care,Part Time Care,Transportation to/from School ,Field Trips,Night Care",Y,NO,NO,NO,1378050,Brainy Bunch Learning Center Inc,HOUSTON,16140 KUYKENDAHL RD STE 128,77068 3337,"Brainy Bunch Learning Center, Inc",4.5,25.0,5,high_confidence,4.1,0,1,0,0,0,15,1.071,0.143
ChIJ1THAu25fXIYRbP0zCoNoicE,7,11,4,0,0,26,0,120,2011-02-18,"School Age Care,Meals Provided ,After School Care,Snacks Provided",Y,NO,NO,NO,665377,Y Early Learning Center,SAN ANTONIO,600 LEAL ST,78207,Haven for Hope Early Learning Center,3.0,8.0,5,medium_confidence,14.9,0,1,0,0,0,22,0.846,0.269
ChIJ1U5oo6FnXIYRY6VSxh98bSM,11,8,5,2,0,22,2,102,2022-03-07,"Meals Provided ,After School Care",Y,NO,NO,NO,1384364,JOY Holistic Education,SAN ANTONIO,22864 CIELO VIS,78255 9504,JOY Holistic Education,4.7,23.0,5,high_confidence,3.8,0,1,0,0,0,26,1.182,0.5
ChIJ1UjmBBmgToYResMX_S86470,1,2,0,0,0,6,0,100,2019-01-10,"Before School Care,After School Care,Snacks Provided,Part Time Care",Y,NO,NO,NO,1310548,Richardson ISD Merriman Park Elementary,DALLAS,7101 WINEDALE DR,75231 5649,Merriman Park Elementary,,,0,medium_confidence,7.0,0,1,0,0,0,3,0.5,0.167
ChIJ1VqOs88yW4YRVF0iXoxpWTM,1,0,0,0,0,7,0,74,2019-03-06,"School Age Care,After School Care,Part Time Care",N,NO,NO,NO,1315947,Woodland Montessori,AUSTIN,13180 POND SPRINGS RD,78729 7101,Woodland Montessori,5.0,11.0,5,high_confidence,6.8,0,0,0,0,0,1,0.143,0.143
ChIJ1WU_79K7QIYRCBYwIsuXrog,22,68,42,8,0,52,10,85,2017-06-02,"School Age Care,Meals Provided ,After School Care,Snacks Provided,Drop-In Care,Part Time Care,Transportation to/from School ,Field Trips",Y,NO,NO,NO,1242998,Dimples Childcare Learning Center,HOUSTON,6720 HOMESTEAD RD,77028 5020,DIMPLES CHILD CARE & LEARNING CENTER,5.0,1.0,1,high_confidence,8.6,0,1,0,0,0,140,2.692,0.423
ChIJ1We8YvHZQIYRPDCz-J18QQw,13,16,12,2,0,23,2,85,2023-05-08,"School Age Care,Meals Provided ,Snacks Provided,Part Time Care,Transportation to/from School",Y,NO,NO,NO,1403048,Home Sweet Home Childcare,HOUSTON,16618 CLAY RD,77084 4088,Home Sweet Home Child Care & Pre School,4.4,44.0,5,medium_confidence,2.7,0,1,0,0,0,43,1.87,0.565
ChIJ1ZA-4_WJXIYRt4y1yU3QQ6o,3,8,2,0,0,9,2,150,2013-11-27,"School Age Care,Snacks Provided,Drop-In Care,Field Trips",N,NO,NO,NO,1103009,Life Time Fitness Camps,SAN ANTONIO,18510 US HIGHWAY 281 N,78259 7604,Life Time,4.0,590.0,5,medium_confidence,12.1,0,0,0,0,0,13,1.444,0.333
ChIJ1acG2C_oQIYRCwKBBaOibVc,2,3,4,0,0,18,0,232,2021-04-20,"School Age Care,Before School Care,Meals Provided ,After School Care,Snacks Provided,Part Time Care,Transportation to/from School ,Field Trips",Y,NO,NO,NO,1364087,Gessner Kiddie Kollege,HOUSTON,8895 W BELLFORT ST,77031 2405,Gessner Kiddie Kollege,4.4,123.0,5,high_confidence,4.7,0,1,0,0,0,9,0.5,0.111
ChIJ1bAgLMzJRIYR8IiXwa94tHE,0,1,0,0,0,8,0,34,2015-09-09,,Y,NO,NO,NO,1172921,Montessori For All,AUSTIN,5100 PECAN BROOK DR,78724 3302,Magnolia Montessori For All,,,0,high_confidence,10.3,0,1,0,0,0,1,0.125,0.0
ChIJ1c0X38nXQIYR-_i1sXe8Vws,7,16,6,0,0,17,1,154,2021-11-18,"School Age Care,Before School Care,Meals Provided ,After School Care,Snacks Provided,Drop-In Care,Part Time Care,Transportation to/from School ,Weekend Care,Field Trips,Night Care",Y,NO,NO,NO,1373822,Computer Kids Hope Academy,HOUSTON,16233 CLAY RD STE 300,77084 5423,Computer Kids Hope Academy - 24 Hour Daycare Houston,4.0,26.0,5,medium_confidence,4.1,0,1,0,0,0,29,1.706,0.412
ChIJ1cDPqWBnXIYR95Lh5hBycLk,15,24,10,2,0,47,1,141,2020-11-19,"School Age Care,Before School Care,Meals Provided ,After School Care,Snacks Provided,Drop-In Care,Skill Classes,Part Time Care,Transportation to/from School ,Field Trips",Y,NO,NO,NO,1350391,Little Treehouse Early Learning Center #4,SAN ANTONIO,5440 BABCOCK RD STE 100,78240 3946,Little Treehouse Early Learning Center,3.5,46.0,5,high_confidence,5.1,0,1,0,0,0,51,1.085,0.319
ChIJ1cW3Yw7FQIYRJuO4j7qn9I4,4,8,3,1,0,12,1,382,1987-03-24,"Accredited,Part Time Care",N,NO,NO,NO,102879,Chapelwood United Methodist SC,HOUSTON,11140 GREENBAY ST,77024 6729,"Chapelwood United Methodist Church - Houston, TX",4.7,184.0,5,medium_confidence,38.8,1,0,0,0,0,16,1.333,0.333
ChIJ1dJnTCXEQIYRjWH4SPIHa4g,1,5,2,0,0,7,0,78,2015-02-02,Snacks Provided,Y,NO,NO,NO,1157032,Nabor House Community,HOUSTON,8009 LONG POINT RD,77055 2034,Nabor House Community,4.3,34.0,5,high_confidence,10.9,0,1,0,0,0,8,1.143,0.143
ChIJ1djGVDgkTIYR5RecyBkJoL8,0,0,0,1,0,5,0,75,2025-12-12,After School Care,N,NO,NO,NO,1510892,YMCA @ Sheffield Elementary School,DALLAS,18110 KELLY BLVD,75287 5641,Sheffield Primary School,,,0,medium_confidence,0.1,0,0,0,0,0,1,0.2,0.0
ChIJ1e88sQy5QIYRVlP7syUrKJE,3,8,13,1,2,12,1,41,2021-07-29,"School Age Care,Before School Care,Meals Provided ,After School Care,Snacks Provided,Drop-In Care,Part Time Care,Transportation to/from School ,Weekend Care,Field Trips",Y,NO,NO,NO,1372769,Imagination Island,HOUSTON,4003 KELLEY ST STE C,77026 1586,Imagination Island,1.0,1.0,1,high_confidence,4.4,0,1,0,0,0,27,2.25,0.25
ChIJ1eOGPMPFQIYR7bnY0bmBshQ,6,20,13,0,1,20,1,125,1987-04-24,"School Age Care,Before School Care,Meals Provided ,After School Care,Snacks Provided,Drop-In Care,Part Time Care,Transportation to/from School ,Field Trips",Y,NO,NO,NO,96256,Toddler House No 6,HOUSTON,6606 W 43RD ST,77092 5702,The Toddler House Spring Branch,4.0,34.0,5,medium_confidence,38.7,0,1,0,0,0,40,2.0,0.3
ChIJ1fd2xavNRIYR1st6ti5q9FY,3,6,4,2,0,12,2,65,2021-10-05,"School Age Care,Before School Care,After School Care,Skill Classes,Part Time Care",N,NO,NO,NO,1377510,Schola International,AUSTIN,9002 ANDERSON MILL RD,78729 4501,Schola International,5.0,77.0,5,high_confidence,4.2,0,0,0,0,0,15,1.25,0.25
ChIJ1w2hlXyXToYR8gk8l3aBd_k,1,0,0,0,0,9,0,204,2001-09-25,"Accredited,Meals Provided ,Snacks Provided,Transportation to/from School ,Field Trips",N,NO,NO,NO,170833,Early Head Start  Lakewest Program,DALLAS,3737 GOLDMAN ST,75212 2471,Early Head Start @ Lakewest,4.7,3.0,3,high_confidence,24.3,1,0,0,0,0,1,0.111,0.111
ChIJ1x7eUk2jToYRdEHEFc8V-HA,0,0,0,0,0,10,0,100,2024-05-17,"School Age Care,Accredited,Meals Provided ,After School Care,Snacks Provided,Transportation to/from School ,Field Trips",Y,NO,NO,NO,1465703,Neighborhood Christian Learning Center of Pleasant Grove,DALLAS,9009 BRUTON RD STE 447,75217 2012,Neighborhood Christian Learning Center of Pleasant Grove,5.0,13.0,5,high_confidence,1.6,1,1,0,0,0,0,0.0,0.0
ChIJ1xHetPkjTIYR8Ky6x80vNo8,7,11,6,0,0,20,0,200,2022-11-03,"School Age Care,Before School Care,Meals Provided ,After School Care,Snacks Provided,Part Time Care,Transportation to/from School",Y,NO,NO,NO,1395919,Kiddie Academy of Far North Dallas,DALLAS,6220 MCCALLUM BLVD,75252,Kiddie Academy of Far North Dallas,5.0,50.0,5,high_confidence,3.2,0,1,0,0,0,24,1.2,0.35
ChIJ1yAno-jKRIYRtC_ID1-DXeg,1,4,5,1,0,5,1,86,1998-01-14,"After School Care,Skill Classes,Transportation to/from School ,Field Trips",N,NO,NO,NO,149500,Crenshaw Athletic Club,AUSTIN,5000 FAIRVIEW DR,78731 5424,Crenshaw Athletic Club,4.5,28.0,5,high_confidence,28.0,0,0,0,0,0,11,2.2,0.2
ChIJ1yFlh_SkQIYRtY_c5VBmjkk,7,11,9,1,0,14,2,100,1986-10-24,"Before School Care,Meals Provided ,After School Care,Snacks Provided,Part Time Care",Y,NO,NO,NO,99287,Wallisville KinderCare,HOUSTON,14614 WALLISVILLE RD,77049 4436,Wallisville KinderCare,4.2,53.0,5,high_confidence,39.2,0,1,0,0,0,28,2.0,0.5
ChIJ1yW_MG3RQIYRRHyEt2PUJak,15,12,9,0,0,37,0,243,2016-01-15,"School Age Care,Before School Care,Meals Provided ,After School Care,Snacks Provided,Part Time Care,Transportation to/from School ,Field Trips",N,NO,NO,NO,1187960,The Goddard School,HOUSTON,9739 WORTHAM BLVD,77065 3420,The Goddard School of Houston - Jersey Village,4.4,64.0,5,medium_confidence,10.0,0,0,0,0,0,36,0.973,0.405
ChIJ2-X84tiZToYRF8HhBr8RJ_Y,0,1,4,1,0,7,0,80,2018-09-19,Part Time Care,Y,NO,NO,NO,1303419,Yorktown Spanish School,DALLAS,123 E COLORADO BLVD,75203 1209,Yorktown Spanish School,4.9,34.0,5,high_confidence,7.3,0,1,0,0,0,6,0.857,0.0
ChIJ2094gLCfToYRNHGRsI3uIZo,1,1,0,1,0,5,0,157,1999-04-20,"Snacks Provided,Skill Classes,Part Time Care",N,NO,NO,NO,95502,Northway Christian Day School,DALLAS,7202 W NORTHWEST HWY,75225 2450,Northway Christian Day School,5.0,3.0,3,high_confidence,26.7,0,0,0,0,0,3,0.6,0.2
ChIJ20oUBIi9QIYRZ8YiMs_3p5Y,2,2,1,1,0,11,1,164,2012-12-20,"School Age Care,Before School Care,Meals Provided ,After School Care,Snacks Provided,Drop-In Care,Skill Classes,Transportation to/from School ,Field Trips",Y,NO,NO,NO,1101579,"BusiBodies Academy, Inc.",HOUSTON,3926 ERIE ST,77087 4716,Busi Bodies Academy,3.8,20.0,5,medium_confidence,13.0,0,1,0,0,0,6,0.545,0.182
ChIJ21KxOKTORIYRqkFY289uLmo,1,0,0,0,0,5,0,76,2016-07-20,"School Age Care,Meals Provided ,After School Care,Snacks Provided,Skill Classes,Part Time Care,Field Trips",Y,NO,NO,NO,1239947,Wholesome Generation,AUSTIN,12251 RUNNING BIRD LN,78758 2633,Wholesome Generation,,,0,high_confidence,9.5,0,1,0,0,0,1,0.2,0.2
ChIJ221m2qTORIYR6gK1DK1Vqc0,1,1,2,0,0,11,0,108,2013-03-27,"After School Care,Snacks Provided",Y,NO,NO,NO,1078188,PISD River Oaks Elementary Extended Day Programs,AUSTIN,12401 SCOFIELD FARMS DR,78758 2606,River Oaks Elementary School,,,0,medium_confidence,12.8,0,1,0,0,0,4,0.364,0.091
ChIJ227YgLPAQIYR9nZZROpibps,2,7,5,2,0,9,2,208,2013-06-19,"Meals Provided ,Snacks Provided",N,NO,NO,NO,1092895,"The Kipling School, Inc.",HOUSTON,620 SHEPHERD DR,77007 5351,The Kipling School - Preschool on Shepherd,3.3,10.0,5,medium_confidence,12.5,0,0,0,0,0,16,1.778,0.222
ChIJ22E_Xfu3QIYRgUDohSpLS5E,0,0,0,0,0,6,0,59,2006-01-17,"School Age Care,Meals Provided ,After School Care,Snacks Provided",Y,NO,NO,NO,279154,Alpha Academy #2,HOUSTON,7722 VAN NESS ST,77037 4627,Alpha Academy #2,4.6,17.0,5,high_confidence,20.0,0,1,0,0,0,0,0.0,0.0
ChIJ22reIqHFQIYR_dhd7YLo9kI,11,17,15,2,1,14,5,153,2014-04-04,Part Time Care,N,NO,NO,NO,1124598,Clay Road Baptist Early Child Care,HOUSTON,9151 CLAY RD,77080 1601,Clay Road Baptist Early Child Care,4.1,11.0,5,high_confidence,11.7,0,0,0,0,0,46,3.286,0.786
ChIJ22yvtSpJW4YRMS9wfNkSebA,6,0,1,0,0,22,0,193,2022-05-09,"School Age Care,Meals Provided ,After School Care,Snacks Provided,Drop-In Care,Skill Classes,Part Time Care",Y,NO,NO,NO,1389427,The Learning Experience Southwest Austin,AUSTIN,7814 HIGHWAY 290 W,78736 3217,The Learning Experience - Southwest Austin,4.9,131.0,5,high_confidence,3.6,0,1,0,0,0,7,0.318,0.273
ChIJ22yw3KHHQIYRdFURgcVZffE,4,10,6,2,0,32,0,250,1993-04-14,"Meals Provided ,Snacks Provided,Part Time Care",N,NO,NO,NO,127935,St Rose Of Lima,HOUSTON,3600 BRINKMAN ST,77018 6329,St. Rose of Lima Catholic Community,4.6,96.0,5,medium_confidence,32.7,0,0,0,0,0,22,0.688,0.125
ChIJ23Hqiv5gXIYRcYz6Evc879s,0,5,1,0,1,6,0,325,1999-08-13,"Accredited,After School Care",Y,NO,NO,NO,95664,Jewish Community Center Child Care,SAN ANTONIO,12500 NW MILITARY HWY,78231 1897,San Antonio Jewish Community,4.8,43.0,5,medium_confidence,26.4,1,1,0,0,0,7,1.167,0.0
ChIJ23Np84dLW4YRtjRQkQJ1MAc,3,1,2,0,2,14,2,82,2004-06-04,"Accredited,Meals Provided ,After School Care,Snacks Provided,Skill Classes,Field Trips",N,NO,NO,NO,241863,Brodie Lane Child Development Center Child Incorporated,AUSTIN,8105 BRODIE LN,78745 7436,Child Inc. Brodie Child Development Center,4.0,9.0,5,high_confidence,21.6,1,0,0,0,0,8,0.571,0.214
ChIJ27okAeXBQIYR7aSlMyl_chA,0,1,0,1,0,5,1,100,2010-01-28,,N,NO,NO,NO,519368,St. Thomas' Episcopal Preschool,HOUSTON,4900 JACKWOOD ST,77096 1505,Saint Thomas' Episcopal School,,,0,medium_confidence,15.9,0,0,0,0,0,2,0.4,0.0
ChIJ2Ss8lwKLXIYRt8i9ehOHSIo,1,3,2,0,0,8,0,81,2026-03-16,"School Age Care,After School Care,Snacks Provided,Transportation to/from School",N,NO,NO,NO,1492345,Legacy Christian Learning Center LLC,SAN ANTONIO,12134 EL SENDERO ST,78233 6720,"Legacy Christian Learning Center, LLC",5.0,5.0,5,high_confidence,0.0,0,0,0,0,0,6,0.75,0.125
ChIJ2SuRT0f2XIYR2a-3jFY_8_E,4,7,6,0,0,15,0,54,2006-04-13,"School Age Care,Meals Provided ,Snacks Provided,Part Time Care",Y,NO,NO,NO,277628,Michael's Child Care,SAN ANTONIO,645 KAYTON AVE,78210 3503,Michael's Child Care,3.9,14.0,5,high_confidence,19.7,0,1,0,0,0,17,1.133,0.267
ChIJ2Ul7csBLW4YRUBGEaKws8t4,1,0,1,0,0,6,0,60,1988-03-30,"School Age Care,Part Time Care,Field Trips",N,NO,NO,NO,104320,Shepherd of the Hills Presbyterian Church Preschool,AUSTIN,5226 W WILLIAM CANNON DR,78749 2212,Shepherd of the Hills Presbyterian Church,4.9,27.0,5,high_confidence,37.8,0,0,0,0,0,2,0.333,0.167
ChIJ2VlqXBbRQIYR5wk-J205TtQ,0,6,3,1,0,9,0,143,2024-06-19,"School Age Care,Before School Care,Meals Provided ,After School Care,Snacks Provided,Drop-In Care,Part Time Care,Transportation to/from School ,Field Trips",Y,NO,NO,NO,1465689,Davenn LLC DBA First Steps Learning Center,HOUSTON,7170 CHERRY PARK DR,77095 2713,"First Steps Learning Center - Copperfield, Tx",4.6,11.0,5,medium_confidence,1.5,0,1,0,0,0,10,1.111,0.0
ChIJ2VmCFo2bQIYRcaOCG_ln_Cc,1,7,1,0,0,10,0,68,2011-03-25,"School Age Care,After School Care,Snacks Provided,Part Time Care",Y,NO,NO,NO,735868,EA Smith YMCA- Brookwood Elementary,HOUSTON,16850 MIDDLEBROOK DR,77059 4700,Edgar A. Smith Family YMCA,4.1,60.0,5,medium_confidence,14.8,0,1,0,0,0,9,0.9,0.1
ChIJ2X8R62dZXIYRC00oLDMrQRg,1,0,0,0,0,8,0,99,2016-06-03,"Accredited,Meals Provided ,Snacks Provided",N,NO,NO,NO,1221368,PCI Imperial,SAN ANTONIO,111 IMPERIAL BLVD,78226 1132,Pci Imperial,4.5,2.0,2,high_confidence,9.6,1,0,0,0,0,1,0.125,0.125
ChIJ2XNQDVHbQIYRu4mMcnJWy60,1,3,0,1,0,8,1,327,1987-05-11,"Before School Care,Accredited,After School Care,Snacks Provided,Part Time Care,Transportation to/from School ,Field Trips",N,NO,NO,NO,101679,Memorial Dr UMC Childrens Weekday School,HOUSTON,12955 MEMORIAL DR,77079 7302,MDUMC Weekday School,5.0,2.0,2,medium_confidence,38.6,1,0,0,0,0,5,0.625,0.125
ChIJ2Xrg0ujLRIYRuIGNplPwEUE,1,4,3,0,0,10,0,144,2022-10-12,"School Age Care,Drop-In Care,Skill Classes,Part Time Care",N,NO,NO,NO,1403460,Mundo Verde Montessori LLC,AUSTIN,1414 KRAMER LN,78758 4272,Mundo Verde Montessori,5.0,24.0,5,high_confidence,3.2,0,0,0,0,0,8,0.8,0.1
ChIJ2Y0Ac3v2XIYRk5631vKhk2k,7,16,2,0,0,23,1,140,2012-03-21,"School Age Care,Accredited,Meals Provided ,After School Care,Snacks Provided,Drop-In Care,Part Time Care,Transportation to/from School ,Field Trips",Y,NO,NO,NO,943248,Miller Child Development Center,SAN ANTONIO,102 S MEL WAITERS WAY,78203 2400,Miller Child Development Center,4.5,10.0,5,high_confidence,13.8,1,1,0,0,0,25,1.087,0.304
ChIJ2YFQmmmZToYR0SfgiqDcCik,4,4,2,0,0,15,0,187,2024-08-22,"Meals Provided ,Snacks Provided,Skill Classes,Part Time Care",N,NO,NO,NO,1469267,Celebree School of Dallas Arts District,DALLAS,2400 BRYAN ST,75201 2684,Celebree School of Dallas Arts District,4.9,30.0,5,high_confidence,1.4,0,0,0,0,0,10,0.667,0.267
ChIJ2YLcI4RYXIYR4J4okgYEKBU,2,4,3,1,0,9,1,140,1990-02-23,"Meals Provided ,Snacks Provided",Y,NO,NO,NO,108149,Blessed Sacrament Academy Child Development Center,SAN ANTONIO,1135 MISSION RD,78210 4505,Blessed Sacrament Academy,4.1,9.0,5,medium_confidence,35.9,0,1,0,0,0,10,1.111,0.222
ChIJ2ZhZ9mnDQIYRJI3o8J2CJ_Y,4,14,9,4,1,9,0,140,2023-07-14,"School Age Care,Before School Care,After School Care,Skill Classes,Part Time Care",Y,NO,NO,NO,1428307,Garden Montessori School,HOUSTON,8644 BEVERLYHILL ST,77063 5002,Garden Montessori Schools - Central,5.0,2.0,2,high_confidence,2.5,0,1,0,0,0,32,3.556,0.444
ChIJ2_y94CXMQIYRihVt1uBUm0k,0,2,7,0,0,5,0,80,2019-01-24,"School Age Care,Before School Care,After School Care,Snacks Provided",N,NO,NO,NO,1313699,Campus Kids @ Klenk Elementary School SAP,HOUSTON,6111 BOURGEOIS RD,77066 3903,Klenk Elementary School,,,0,medium_confidence,6.9,0,0,0,0,0,9,1.8,0.0
ChIJ2aD0gD2_QIYRrpd5BlrmTAw,2,1,0,0,0,6,0,227,2025-09-10,"Before School Care,Meals Provided ,After School Care,Snacks Provided,Transportation to/from School",N,NO,NO,NO,1513176,Kinder Early Learning Center,HOUSTON,3143 YELLOWSTONE BLVD,77054 2305,Kinder Early Learning Center,5.0,40.0,5,high_confidence,0.3,0,0,0,0,0,3,0.5,0.333
ChIJ2akM3W5DXIYRuBGZF7HowUo,16,7,10,0,0,24,1,207,2024-05-10,"School Age Care,Before School Care,Meals Provided ,After School Care,Snacks Provided,Part Time Care",Y,NO,NO,NO,1464233,The Learning Experience,SAN ANTONIO,12112 ALAMO RANCH PKWY,78253 4326,The Learning Experience - Alamo Ranch,3.9,48.0,5,medium_confidence,1.6,0,1,0,0,0,33,1.375,0.667
ChIJ2w2IN2DcQIYRRSqrJ-WeVEM,2,3,7,2,0,5,1,118,1987-01-08,Part Time Care,N,NO,NO,NO,102591,Ashford Child Enrichment Center,HOUSTON,2201 S DAIRY ASHFORD RD,77077 5705,Ashford Child Enrichment Center,4.9,19.0,5,high_confidence,39.0,0,0,0,0,0,14,2.8,0.4
ChIJ2xjB7hecToYRwKd1e3z5b5A,3,8,3,0,0,16,1,365,1998-12-01,"Meals Provided ,Snacks Provided,Drop-In Care,Skill Classes",Y,NO,NO,NO,155177,First Step Learning Center,DALLAS,5641 SOUTHWESTERN MEDICAL AVE,75235 7207,First Step Learning Center,4.1,125.0,5,high_confidence,27.1,0,1,0,0,0,14,0.875,0.188
ChIJ2ykuc_X1XIYRcD0KB0jpNog,0,2,0,0,0,8,0,196,1995-06-12,"Meals Provided ,After School Care,Snacks Provided",Y,NO,NO,NO,139224,Y School Age Hawthorne Elementary,SAN ANTONIO,115 W JOSEPHINE ST,78212 4125,Nathaniel Hawthorne Academy,,,0,medium_confidence,30.6,0,1,0,0,0,2,0.25,0.0
ChIJ2ymvTYuYToYRtcGHHAP4hvc,3,3,0,1,0,13,1,36,2004-07-15,"Meals Provided ,After School Care,Transportation to/from School",Y,NO,NO,NO,250833,Jacksons Playland,DALLAS,2515 PEABODY AVE,75215 2937,Jackson Playland Inc,4.4,18.0,5,high_confidence,21.5,0,1,0,0,0,7,0.538,0.231
ChIJ2zvBS_MgTIYRV4SNzbAu9Lg,3,1,3,0,0,8,1,180,2005-12-30,"Accredited,After School Care,Part Time Care,Field Trips",N,NO,NO,NO,283121,Akiba Yavneh Academy,DALLAS,12324 MERIT DR,75251 2222,Akiba Yavneh Academy,4.6,22.0,5,high_confidence,20.0,1,0,0,0,0,7,0.875,0.375
ChIJ30F_uJeVXhQR7wO7lN8zwG8,2,2,3,0,0,7,0,140,2015-02-25,"Meals Provided ,Snacks Provided",N,NO,NO,NO,1150531,Sheffield Head Start,HOUSTON,14300 WALLISVILLE RD,77049 4135,Sheffield Head Start Center,3.9,11.0,5,high_confidence,10.9,0,0,0,0,0,7,1.0,0.286
ChIJ315b0uOVQIYRRgHUnvFkcgI,12,6,0,0,0,15,0,24,2018-05-23,"School Age Care,Before School Care,Meals Provided ,After School Care,Snacks Provided,Drop-In Care,Part Time Care,Transportation to/from School ,Field Trips,Night Care",N,NO,NO,NO,1296016,Mary's Little Lamb Learning Center,HOUSTON,4721 AIRPORT BLVD,77048 1002,"Mary""s Little Lamb Learning Center",4.8,12.0,5,high_confidence,7.6,0,0,0,0,0,18,1.2,0.8
ChIJ31YDVVlyToYRm1yKVG5itk4,2,4,0,0,0,9,0,164,2018-03-07,"Snacks Provided,Part Time Care",N,NO,NO,NO,1300491,The Playhouse Academy,FORT WORTH,4900 BRIARHAVEN RD,76109 4403,Playhouse Academy,3.7,13.0,5,high_confidence,7.8,0,0,0,0,0,6,0.667,0.222
ChIJ33hda5m2RIYRvV2Yj5NzFQg,1,2,0,1,0,4,0,34,2026-02-25,,N,NO,NO,NO,1512910,AISD Allison Apple Blossom,AUSTIN,515 VARGAS RD,78741 2455,Allison Elementary School,,,0,medium_confidence,0.0,0,0,0,0,0,4,1.0,0.25
ChIJ33mnfYDMQIYRZIvpXT9QHAw,3,9,6,2,0,7,0,100,1988-01-31,"After School Care,Snacks Provided,Part Time Care",Y,NO,NO,NO,95519,Northwoods Presbyterian Church,HOUSTON,3320 F M 1960 W,77068,Northwoods Presbyterian Church,4.6,34.0,5,high_confidence,37.9,0,1,0,0,0,20,2.857,0.429
ChIJ36XD5fT2XIYRlwlQO-3aPS8,0,3,2,0,0,6,0,21,2025-03-24,"School Age Care,Meals Provided ,After School Care,Snacks Provided",Y,NO,NO,NO,1485309,Bright & Morning Star Christian Learning Center,SAN ANTONIO,547 K ST,78220 4154,Bright & Morning Star Baptist Church,4.8,44.0,5,medium_confidence,0.8,0,1,0,0,0,5,0.833,0.0
ChIJ36l6cCvcQIYRVZUmwU-FNN8,3,5,0,1,0,6,1,204,2001-01-04,,N,NO,NO,NO,167367,D A V Montessori School,HOUSTON,14375 SCHILLER RD,77082 4303,DAV Montessori & Elementary School,,,0,medium_confidence,25.0,0,0,0,0,0,9,1.5,0.5
ChIJ37Kgyk6dToYRf_7DtOtupOI,0,0,0,0,0,8,0,101,2024-01-22,"Part Time Care,Field Trips",N,NO,NO,NO,1446133,Meadowbrook School,DALLAS,6525 FOREST LN,75230 2807,Meadowbrook School,5.0,2.0,2,high_confidence,1.9,0,0,0,0,0,0,0.0,0.0
ChIJ398Ritb3XIYRcSAOruux5mo,9,17,8,3,0,26,1,88,2019-04-30,"School Age Care,Before School Care,Meals Provided ,After School Care,Snacks Provided,Drop-In Care,Part Time Care,Transportation to/from School ,Field Trips",Y,NO,NO,NO,1318541,Hands N Hands Childcare,SAN ANTONIO,2143 S WW WHITE RD,78222 1121,Hands N Hands,3.0,5.0,5,medium_confidence,6.7,0,1,0,0,0,37,1.423,0.346
ChIJ398ch8xpXIYRhjr89iX_Cis,1,4,1,0,0,8,0,56,2014-07-24,"School Age Care,Meals Provided ,After School Care,Snacks Provided,Part Time Care,Transportation to/from School ,Field Trips",Y,NO,NO,NO,1129827,Kids Are Angels Learning Center,SAN ANTONIO,10865 SHAENFIELD RD STE 2101,78254 9617,Kids Are Angels Learning Center,4.8,30.0,5,high_confidence,11.4,0,1,0,0,0,6,0.75,0.125
ChIJ3Q-hcs05W4YR6c8zY-THreQ,1,4,2,0,0,11,0,202,2016-02-17,"School Age Care,Part Time Care",Y,NO,NO,NO,1212145,The Goddard School,AUSTIN,301 MEDICAL PKWY,78738 5627,The Goddard School of Lakeway,5.0,70.0,5,medium_confidence,9.9,0,1,0,0,0,7,0.636,0.091
ChIJ3Q4tpK3LQIYR0aiJKJ8iiNA,2,2,0,0,0,5,0,132,2026-01-15,"School Age Care,Before School Care,Meals Provided ,After School Care,Snacks Provided,Part Time Care,Transportation to/from School ,Field Trips",N,NO,NO,NO,1509724,Big Dreams &Lil Wonders Academy-Walters Road,HOUSTON,13712 WALTERS RD STE 100,77014 2763,Big Dreams & Lil Wonders Christian Academy,5.0,5.0,5,medium_confidence,-0.0,0,0,0,0,0,4,0.8,0.4
ChIJ3RZ1AjO1RIYRATvhbZ0fgoI,3,4,2,1,1,15,0,278,2007-03-16,"Accredited,Snacks Provided,Skill Classes,Field Trips",Y,NO,NO,NO,312723,Childs Day,AUSTIN,2525 WALLINGWOOD DR STE 100,78746 6926,Child's Day,4.4,18.0,5,high_confidence,18.8,1,1,0,0,0,11,0.733,0.2
ChIJ3TGcmmJdXIYRVOuyvSRHNdM,8,10,5,0,0,21,1,74,2024-05-08,"School Age Care,Meals Provided ,After School Care,Snacks Provided",Y,NO,NO,NO,1464600,Maple Grove Montessori & Child Care,SAN ANTONIO,7724 ECKHERT RD,78240 3008,Maple Grove Montessori & Childcare,4.4,55.0,5,high_confidence,1.7,0,1,0,0,0,23,1.095,0.381
ChIJ3TQvp1_AQIYRf7NOfb5lxcI,0,2,3,0,1,7,0,37,2015-08-12,"School Age Care,Meals Provided ,Snacks Provided,Drop-In Care",N,NO,NO,NO,1170995,Miss Pattycake Childcare,HOUSTON,2513 SUNSET BLVD,77005 1433,Miss Pattycake Childcare,4.6,39.0,5,high_confidence,10.4,0,0,0,0,0,6,0.857,0.0
ChIJ3Uz7qeBZXIYRkMYvoHMOt3w,5,10,6,1,0,15,0,49,2001-03-08,"School Age Care,Meals Provided ,After School Care,Snacks Provided",Y,NO,NO,NO,165274,Lil Tikes Day Care Center,SAN ANTONIO,2710 TORTUGA ST,78224 1838,Lil Tikes Daycare,4.2,18.0,5,medium_confidence,24.8,0,1,0,0,0,22,1.467,0.333
ChIJ3V0avqm8ToYRd4ZtrbT0Mp0,8,14,14,2,1,30,1,223,2021-10-05,"School Age Care,Before School Care,Meals Provided ,After School Care,Snacks Provided,Skill Classes,Part Time Care,Transportation to/from School ,Field Trips",Y,NO,NO,NO,1372203,"Little Creations Learning Center, LLC",DALLAS,817 HOLCOMB RD,75217 4413,Little Creations Learning Center,3.7,19.0,5,high_confidence,4.2,0,1,0,0,0,39,1.3,0.267
ChIJ3VHFSwC_QIYR1oqRHwJQxas,3,3,0,0,0,5,0,140,2025-12-23,"Snacks Provided,Drop-In Care,Part Time Care",N,NO,NO,NO,1505979,Kido International Preschool,HOUSTON,3302 CANAL ST,77003 1832,Kido EADO International Preschool & Daycare,5.0,4.0,4,medium_confidence,0.0,0,0,0,0,0,6,1.2,0.6
ChIJ3VkfGOHbQIYRZrtJZa6MeIQ,2,1,8,1,0,7,0,35,2015-02-25,"School Age Care,Before School Care,After School Care,Snacks Provided",Y,NO,NO,NO,1154334,YMCA Afterschool @ Wolfe Elementary,HOUSTON,502 ADDICKS HOWELL RD,77079 2309,Maurice L. Wolfe Elementary,,,0,medium_confidence,10.9,0,1,0,0,0,12,1.714,0.286
ChIJ3_gGRYZyToYRnclPZl7jRPk,0,5,2,0,0,7,0,100,2016-04-05,"Snacks Provided,Part Time Care,Field Trips",N,NO,NO,NO,1196487,Arborlawn Children's Academy,FORT WORTH,5001 BRIARHAVEN RD,76109 4406,Arborlawn Children's Academy,5.0,7.0,5,high_confidence,9.7,0,0,0,0,0,7,1.0,0.0
ChIJ3_kVyaC_QIYRnYV4rNlAJ3E,8,30,6,0,0,21,0,85,2006-06-12,"School Age Care,Before School Care,Meals Provided ,After School Care,Snacks Provided,Drop-In Care,Part Time Care,Transportation to/from School ,Field Trips",Y,NO,NO,NO,285677,Southmore Kiddie Kollege,HOUSTON,3201 SOUTHMORE BLVD,77004 6216,Southmore Kiddie Kollege,5.0,2.0,2,high_confidence,19.6,0,1,0,0,0,44,2.095,0.381
ChIJ3cmadFHTQIYRCsa6fGtlnIQ,4,7,4,0,0,12,0,96,2024-12-05,"School Age Care,Before School Care,Meals Provided ,After School Care,Snacks Provided,Skill Classes,Part Time Care,Transportation to/from School ,Field Trips",Y,NO,NO,NO,1479013,Little Dreamers Preschool,HOUSTON,9803 SPRING CYPRESS RD STE 100,77070 6431,Little Dreamers Preschool,4.6,27.0,5,high_confidence,1.1,0,1,0,0,0,15,1.25,0.333
ChIJ3erK-ZyVQIYRlTcSd9kq0cM,3,1,0,0,0,6,0,136,2011-05-27,"School Age Care,Accredited,Meals Provided ,Snacks Provided,Skill Classes",N,NO,NO,NO,797630,Bastian Elementary Head Start Center,HOUSTON,5051 BELLFORT ST,77033 3826,Bastian Elementary School,,,0,medium_confidence,14.6,1,0,0,0,0,4,0.667,0.5
ChIJ3f9W_gbFQIYRgcm8ABlHWys,0,5,1,1,0,4,0,193,2025-10-06,"School Age Care,Before School Care,Accredited,Meals Provided ,After School Care,Snacks Provided,Transportation to/from School ,Field Trips",N,NO,NO,NO,1508742,Creative Care - Blalock,HOUSTON,1639 BLALOCK RD,77080 7320,Creative Care Childrens School - Spring Branch - Blalock,4.9,82.0,5,medium_confidence,0.2,1,0,0,0,0,7,1.75,0.0
ChIJ3fIr79BMW4YRT60hR380tbQ,0,0,0,0,0,5,0,170,2025-10-17,"School Age Care,Before School Care,Meals Provided ,After School Care,Snacks Provided,Drop-In Care,Part Time Care,Transportation to/from School ,Field Trips",N,NO,NO,NO,1515543,Stepping Stone School XVIII,AUSTIN,9325 ALICE MAE LN,78748 5413,Stepping Stone School - Southpark Meadows/Onion Creek,4.2,44.0,5,medium_confidence,0.2,0,0,0,0,0,0,0.0,0.0
ChIJ3wBGFyH2XIYRaop_HanqFfU,1,0,3,0,0,10,0,128,1985-11-25,Accredited,Y,NO,NO,NO,94266,St. Paul's Lutheran Child Development Center,SAN ANTONIO,106 211 ROSEBOROUGH ST,78210,St Paul Lutheran Child Development Center,4.0,4.0,4,high_confidence,40.1,1,1,0,0,0,4,0.4,0.1
ChIJ3wuexPyZToYRNTuNoY10--0,1,0,0,0,0,8,0,160,2016-08-26,"Meals Provided ,Snacks Provided,Field Trips",N,NO,NO,NO,1235442,Buckeye Trail Commons Early Head Start and Head Start,DALLAS,6717 BEXAR ST,75215 5406,Buckeye Headstart Learning Center,4.1,9.0,5,medium_confidence,9.3,0,0,0,0,0,1,0.125,0.125
ChIJ3xtsHXnIRIYRoRa7hmMcogc,3,7,7,0,1,14,0,224,1997-09-16,"School Age Care,Accredited,Meals Provided ,After School Care,Snacks Provided,Drop-In Care,Part Time Care,Transportation to/from School ,Field Trips",Y,NO,NO,NO,148838,Childrens Courtyard,AUSTIN,11012 HARRIS BRANCH PKWY,78754 5602,The Children's Courtyard on Harris Branch Parkway,4.2,81.0,5,medium_confidence,28.3,1,1,0,0,0,18,1.286,0.214
ChIJ3zz_WfKaToYRweKBdMQI0uM,1,3,0,0,0,11,0,116,1989-05-16,"Before School Care,Meals Provided ,After School Care,Snacks Provided,Field Trips",N,NO,NO,NO,114239,Mi Escuelita Preschool @ Cockrell Hill Head Start,DALLAS,4031 W CLARENDON DR,75211 4917,Mi Escuelita Preschool,3.2,9.0,5,medium_confidence,36.6,0,0,0,0,0,4,0.364,0.091
ChIJ40baJSZYXIYRp2IQ5dpZpJA,2,14,6,1,0,11,0,100,2004-12-22,"School Age Care,Meals Provided ,After School Care,Snacks Provided,Transportation to/from School",Y,NO,NO,NO,250709,Little Miracles Child Development Center,SAN ANTONIO,3751 COMMERCIAL AVE,78221 3118,Little Miracles Child Development Center,3.0,2.0,2,high_confidence,21.0,0,1,0,0,0,23,2.091,0.182
ChIJ430fSp5cXIYRBI6yCb1ZzMg,0,6,1,0,0,6,1,80,2005-05-20,"School Age Care,Meals Provided ,After School Care,Snacks Provided,Drop-In Care,Part Time Care,Transportation to/from School ,Field Trips",Y,NO,NO,NO,257413,Lil' Dragon Den Day Care,SAN ANTONIO,7330 MARBACH RD,78227 1918,Lil Dragon Den,2.3,33.0,5,medium_confidence,20.6,0,1,0,0,0,7,1.167,0.0
ChIJ47Ad8U-gToYR5IUbTqO29Zk,17,19,4,0,0,38,0,154,2005-03-25,"School Age Care,After School Care,Skill Classes",N,NO,NO,NO,268969,Lake Highlands Presbyterian CDC,DALLAS,8525 AUDELIA RD,75238 4201,Lake Highlands Presbyterian Church,4.2,30.0,5,high_confidence,20.8,0,0,0,0,0,40,1.053,0.447
ChIJ47VUULpYXIYRZJFK0lkrAz8,0,8,7,0,0,13,0,24,1991-08-19,"Accredited,Meals Provided ,After School Care,Snacks Provided,Drop-In Care,Transportation to/from School ,Field Trips",N,NO,NO,NO,105502,Green Acres Child Care Center,SAN ANTONIO,1710 S SAINT MARYS ST,78210 1635,Greenacres Child Care Center,4.3,22.0,5,high_confidence,34.4,1,0,0,0,0,15,1.154,0.0
ChIJ47wGPkOfToYRBb3EYBm3JoY,4,3,0,0,0,16,0,300,1997-04-28,"Snacks Provided,Part Time Care",N,NO,NO,NO,147720,Skillman Child Development,DALLAS,3014 SKILLMAN ST,75206 6129,Skillman Church of Christ Child Development Center,5.0,6.0,5,medium_confidence,28.7,0,0,0,0,0,7,0.438,0.25
ChIJ48zSKIG_QIYR7ipxQJ4H4yM,1,0,1,0,0,2,0,98,2025-09-24,"School Age Care,Meals Provided ,Snacks Provided",N,NO,NO,NO,1510065,Paraclete Christian Learning Academy,HOUSTON,3738 GRIGGS RD,77021 1308,Paraclete Christian Learning Academy,,,0,high_confidence,0.3,0,0,0,0,0,2,1.0,0.5
ChIJ4REezN-ZToYRzm90lEnZc98,0,9,6,0,0,13,0,125,2015-11-20,"School Age Care,Before School Care,Meals Provided ,After School Care,Snacks Provided,Drop-In Care,Part Time Care,Field Trips",N,NO,NO,NO,1172854,St John Learners Academy,DALLAS,2600 S MARSALIS AVE,75216 3021,St. John Learner's Academy,5.0,1.0,1,high_confidence,10.1,0,0,0,0,0,15,1.154,0.0
ChIJ4RKWI_-_QIYRJ0r7zvl7tyk,6,6,2,3,0,9,2,61,2010-05-17,"School Age Care,Before School Care,Meals Provided ,After School Care,Snacks Provided,Drop-In Care,Part Time Care,Transportation to/from School ,Field Trips",Y,NO,NO,NO,532368,Learning Time Academy,HOUSTON,8433 ALMEDA RD STE U,77054 7102,Learning Time Academy,4.5,13.0,5,high_confidence,15.6,0,1,0,0,0,17,1.889,0.667
ChIJ4RbUIMxYXIYRbPW5I6Qf0Xg,1,1,2,0,0,12,0,150,2021-12-17,"School Age Care,Meals Provided ,After School Care,Snacks Provided",N,NO,NO,NO,1385737,Y School Age @ JT Brackenridge,SAN ANTONIO,1214 GUADALUPE ST,78207 5517,J.T. Brackenridge Elementary,,,0,medium_confidence,4.0,0,0,0,0,0,4,0.333,0.083
ChIJ4U367ih1ToYRoovIZVfBU8I,4,2,1,1,0,15,0,225,2025-05-23,"Meals Provided ,Snacks Provided,Skill Classes,Part Time Care",N,NO,NO,NO,1488463,Pinnacle Montessori Academy of Saginaw,FORT WORTH,6769 OLD DECATUR ROAD,76179,Pinnacle Montessori of Saginaw,4.3,23.0,5,high_confidence,0.6,0,0,0,0,0,8,0.533,0.267
ChIJ4U96tnVhXIYRmjUVcsxRFuY,1,6,8,0,0,6,0,225,2008-01-23,"School Age Care,Accredited,Meals Provided ,After School Care,Snacks Provided,Part Time Care,Transportation to/from School",N,NO,NO,NO,320440,Primrose School of Huebner Village,SAN ANTONIO,2410 HUEBNER PARK,78248 1472,Primrose School of Huebner Village,4.8,58.0,5,high_confidence,17.9,1,0,0,0,0,15,2.5,0.167
ChIJ4UEkeV7KRIYRX5cNvE4CAM8,0,0,4,0,0,5,0,49,2020-01-03,"After School Care,Skill Classes,Part Time Care,Field Trips",Y,NO,NO,NO,1341629,Petite Ecole Internationale,AUSTIN,831 SPRINGDALE RD,78702 4042,Petite Ecole Internationale,5.0,1.0,1,high_confidence,6.0,0,1,0,0,0,4,0.8,0.0
ChIJ4VR1sjlJW4YR87SgBdGlAM0,0,0,0,0,0,9,0,34,2022-03-25,"School Age Care,Accredited,Snacks Provided,Part Time Care",Y,NO,NO,NO,1382459,Garden Blossom Preschool,AUSTIN,6000 MOUNTAIN SHADOWS DR,78735 8012,Garden Blossom Preschool,5.0,12.0,5,high_confidence,3.8,1,1,0,0,0,0,0.0,0.0
ChIJ4XJVSw-dQIYRlBSMbpHSPfg,7,2,2,1,0,15,1,322,1987-02-06,"Accredited,Meals Provided ,Snacks Provided,Drop-In Care,Skill Classes,Part Time Care,Field Trips",N,NO,NO,NO,100363,Gloria Dei Early Childhood Program,HOUSTON,18220 UPPER BAY RD,77058 4127,Gloria Dei Lutheran Church,4.8,19.0,5,medium_confidence,38.9,1,0,0,0,0,12,0.8,0.467
ChIJ4XlReBLKRIYReVtjkjzp-i0,4,14,8,0,0,42,4,160,2006-04-05,"School Age Care,Accredited,After School Care,Snacks Provided,Field Trips",Y,NO,NO,NO,280870,Ridgetop YMCA,AUSTIN,5005 CASWELL AVE,78751 2622,Ridgetop Elementary School,,,0,medium_confidence,19.7,1,1,0,0,0,26,0.619,0.095
ChIJ4XtN1ID1XIYRfQ6bGM17y5I,0,5,1,0,1,6,0,51,2016-01-21,"After School Care,Snacks Provided",Y,NO,NO,NO,1195123,Y School Age @ Sunshine Cottage,SAN ANTONIO,603 E HILDEBRAND AVE,78212 2693,Sunshine Cottage School For Deaf Children,,,0,medium_confidence,9.9,0,1,0,0,0,7,1.167,0.0
ChIJ4Y0X29zBQIYRb_LDqxuLpFE,1,0,0,1,0,5,1,290,1985-12-03,"Before School Care,Accredited,After School Care,Part Time Care",N,NO,NO,NO,100711,Jack Segal Academy of Beth Yeshurun,HOUSTON,4525 BEECHNUT ST,77096 1801,Jack Segal Academy of Beth Yeshurun (formerly BYDS),,,0,high_confidence,40.1,1,0,0,0,0,2,0.4,0.2
ChIJ4Z5HlMfEQIYRjo9n_QqxJ2s,1,5,2,1,0,5,0,37,2008-03-11,,N,NO,NO,NO,346868,ILM Academy,HOUSTON,1209 CONRAD SAUER DR BLDG A,77043 4306,ILM Academy,,,0,high_confidence,17.8,0,0,0,0,0,9,1.8,0.2
ChIJ4_yP5mdMW4YRf-Jy-mVkkxE,1,0,4,0,0,7,0,91,1998-01-15,"Skill Classes,Part Time Care",N,NO,NO,NO,151949,Westoak Woods Baptist Preschool,AUSTIN,2900 SLAUGHTER LN W,78748 5701,Westoak Woods Baptist Church,4.1,27.0,5,high_confidence,28.0,0,0,0,0,0,5,0.714,0.143
ChIJ4aEeqd3rQIYRcjVnP0MuWL4,0,0,0,0,0,5,0,135,1992-10-19,"Accredited,After School Care",Y,NO,NO,NO,128364,Westbury Methodist Day School,HOUSTON,5200 WILLOWBEND BLVD,77096 5219,Westbury Methodist Day School,5.0,21.0,5,high_confidence,33.2,1,1,0,0,0,0,0.0,0.0
ChIJ4aWu60WXToYRVVT_vxC9KVc,3,5,2,0,0,9,0,119,2023-02-28,"Before School Care,After School Care,Snacks Provided,Part Time Care,Night Care",N,NO,NO,NO,1413320,Powerhouse Oak Cliff,DALLAS,4400 S R L THORNTON FWY,75224 5110,Life School Oak Cliff,,,0,medium_confidence,2.8,0,0,0,0,0,10,1.111,0.333
ChIJ4bKpkiiRQIYRhBB5c_nBeTw,0,3,4,0,0,7,0,86,2024-06-12,"School Age Care,Meals Provided ,After School Care,Transportation to/from School ,Field Trips",Y,NO,NO,NO,1465978,Armenta's Early Childhood Development II,HOUSTON,10330 BLACKHAWK BLVD,77089 2798,Armenta's Early Childhood Development- Blackhawk,5.0,8.0,5,high_confidence,1.6,0,1,0,0,0,7,1.0,0.0
ChIJ4cbFO4bbQIYROXAqe_aFFns,0,3,12,0,0,6,1,100,2017-10-24,"After School Care,Snacks Provided,Skill Classes",N,NO,NO,NO,1271415,iKids U at Nottingham Elementary School,HOUSTON,570 NOTTINGHAM OAKS TRL,77079 6365,Nottingham Elementary School,,,0,high_confidence,8.2,0,0,0,0,0,15,2.5,0.0
ChIJ4cyhDdPQQIYROak2EFtraAo,2,1,1,0,0,8,0,96,1989-01-30,"Meals Provided ,Snacks Provided,Part Time Care",N,NO,NO,NO,106015,West Montessori School Of Copperfield,HOUSTON,15810 LONGENBAUGH DR,77095 1601,West Montessori School of Copperfield,4.7,62.0,5,high_confidence,36.9,0,0,0,0,0,4,0.5,0.25
ChIJ4dHQZQ7dQIYRaKZOJchV4aA,1,1,1,0,0,10,0,254,2002-06-12,,N,NO,NO,NO,200020,Cook Head Start,HOUSTON,6959 COOK RD,77072 2240,Cook Road Head Start Center,3.7,28.0,5,medium_confidence,23.6,0,0,0,0,0,3,0.3,0.1
ChIJ4fCOyt1yToYR-uDGIlKHzTU,0,2,1,0,0,8,0,12,2009-02-06,"Drop-In Care,Part Time Care,Weekend Care,Night Care",N,NO,NO,NO,359472,Ridglea Country Club,FORT WORTH,3700 BERNIE ANDERSON AVE,76116 7301,Ridglea Country Club - North,4.6,372.0,5,high_confidence,16.9,0,0,0,0,0,3,0.375,0.0
ChIJ4w9A_ZqeQIYRAQ25VftO6XA,0,3,1,0,0,10,0,130,2006-06-26,"Accredited,After School Care,Part Time Care,Transportation to/from School ,Field Trips",Y,NO,NO,NO,282627,Pinebrook KinderCare,HOUSTON,4422 CLEAR LAKE CITY BLVD,77059 8000,Pinebrook KinderCare,4.9,35.0,5,high_confidence,19.5,1,1,0,0,0,4,0.4,0.0
ChIJ4wd7qCW_QIYRSU-dVeL_Kls,0,0,1,0,0,10,0,78,2022-10-25,"School Age Care,Before School Care,Meals Provided ,After School Care,Snacks Provided,Part Time Care,Transportation to/from School ,Field Trips",Y,NO,NO,NO,1403483,"Daniel's Academic Academy, LLC",HOUSTON,4025 GRIGGS RD,77021 1447,Daniels Academic Academy,5.0,3.0,3,high_confidence,3.2,0,1,0,0,0,1,0.1,0.0
ChIJ4x4gq4BuToYRDGpuS3tGRLA,6,8,2,1,0,8,0,130,2000-05-04,"School Age Care,Before School Care,Meals Provided ,After School Care,Snacks Provided,Drop-In Care,Skill Classes,Transportation to/from School ,Field Trips",Y,NO,NO,NO,95605,Harvest Child Enrichment Center,FORT WORTH,7501 CROWLEY RD,76134 4202,Harvest Child Enrichment Center,5.0,9.0,5,high_confidence,25.7,0,1,0,0,0,17,2.125,0.75
ChIJ4x9uiwu4QIYRjj96FhG8ZEU,1,1,2,2,0,9,2,78,2006-03-22,"School Age Care,Before School Care,Accredited,Meals Provided ,After School Care,Snacks Provided,Part Time Care,Transportation to/from School ,Field Trips",Y,NO,NO,NO,282818,Bright Stars Academy,HOUSTON,712 E TIDWELL RD STE J,77022 1842,Bright Stars Academy,4.1,9.0,5,high_confidence,19.8,1,1,0,0,0,6,0.667,0.111
ChIJ4xt4L5XOQIYRjBlwA0bnMPQ,1,3,7,0,0,7,0,60,2015-02-17,"School Age Care,Before School Care,After School Care,Snacks Provided",N,NO,NO,NO,1154426,Campus Kids@McDougle Elementary School  SAP,HOUSTON,10410 KANSACK LN,77086 1623,McDougle Elementary School,,,0,medium_confidence,10.9,0,0,0,0,0,11,1.571,0.143
ChIJ4y5mkITKRIYRgf9EB1J05PM,0,2,2,0,0,28,0,85,2024-01-29,"School Age Care,After School Care,Skill Classes",N,NO,NO,NO,1455000,iKids U @ Bryker Woods,AUSTIN,3309 KERBEY LN,78703 1452,Bryker Woods Elementary School,,,0,medium_confidence,1.9,0,0,0,0,0,4,0.143,0.0
ChIJ4zLMNkFiXIYR9YWxLXDPtGs,0,8,2,0,0,16,0,165,2021-12-27,"School Age Care,Before School Care,Meals Provided ,After School Care,Snacks Provided,Part Time Care,Field Trips",Y,NO,NO,NO,1382936,Spanish Grove Academy- Edquisitive Montessori,SAN ANTONIO,22215 WILDERNESS OAK,78258 2511,Spanish Grove Academy - Edquisitive Montessori,5.0,2.0,2,high_confidence,4.0,0,1,0,0,0,10,0.625,0.0
ChIJ50-rYpDdQIYRO3fJSExl6HA,0,0,1,0,0,5,0,117,2025-10-14,"School Age Care,Before School Care,Meals Provided ,After School Care,Snacks Provided,Transportation to/from School",N,NO,NO,NO,1502117,KIDZ ROCKET 3,HOUSTON,8610 SYNOTT RD,77083 6018,Kidz Rocket Learning Center,4.2,22.0,5,medium_confidence,0.2,0,0,0,0,0,1,0.2,0.0
ChIJ502UZlq1RIYR2GcL87YTyx8,0,1,0,0,0,6,0,103,2003-07-22,,Y,NO,NO,NO,217344,West Austin Youth Association  Developmental Mornings,AUSTIN,1314 EXPOSITION BLVD,78703,WAYA (West Austin Youth Association) & WAYA Preschool,3.7,19.0,5,medium_confidence,22.4,0,1,0,0,0,1,0.167,0.0
ChIJ50Apydl7ToYR2-y-VX58yTc,3,9,3,0,0,15,1,181,1997-08-01,"School Age Care,Before School Care,Meals Provided ,After School Care,Snacks Provided,Skill Classes,Field Trips",Y,NO,NO,NO,151901,Temple Days,FORT WORTH,6816 RANDOL MILL RD,76120 1248,Temple Days Daycare,4.8,21.0,5,medium_confidence,28.4,0,1,0,0,0,15,1.0,0.2
ChIJ50vSFTyZToYRwFnah9RwT_w,2,3,6,0,0,13,0,130,2020-07-27,"Accredited,Meals Provided ,Snacks Provided",N,NO,NO,NO,1347550,Primrose School Klyde Warren Park,DALLAS,1909 WOODALL RODGERS FWY STE 100,75201 2200,Primrose School at Klyde Warren Park,5.0,21.0,5,high_confidence,5.4,1,0,0,0,0,11,0.846,0.154
ChIJ51V0enahToYRrs0sTbCQFiw,0,0,0,0,0,7,0,134,2016-09-01,"Accredited,Part Time Care",N,NO,NO,NO,1246305,The Children's Preschool Center,DALLAS,1450 OLD GATE LN STE 100,75218 4103,The Children's Center,4.6,9.0,5,high_confidence,9.3,1,0,0,0,0,0,0.0,0.0
ChIJ52VvvzXKQIYRmULoFlSc_Vk,0,0,1,0,0,6,0,147,1993-12-13,"School Age Care,Before School Care,Meals Provided ,After School Care,Snacks Provided,Transportation to/from School ,Field Trips",Y,NO,NO,NO,118465,Cranbrook Learning Connection,HOUSTON,13331 Kuykendahl  Suite 101 & Suite 122,77090,Canbrook Learning Connection,4.6,27.0,5,medium_confidence,32.1,0,1,0,0,0,1,0.167,0.0
ChIJ53zZ7O2-QIYRdpglsoUoR6E,3,5,2,0,0,10,0,102,2011-03-22,"School Age Care,After School Care,Snacks Provided",Y,NO,NO,NO,754370,YMCA Afterschool-Lantrip Elementary School,HOUSTON,100 TELEPHONE RD,77023 1834,Lantrip Elementary School,,,0,medium_confidence,14.8,0,1,0,0,0,10,1.0,0.3
ChIJ54vxCLTHQIYRP7oZFqn9_NI,2,4,7,0,0,10,0,136,2024-01-25,"School Age Care,Accredited,After School Care,Snacks Provided,Part Time Care",Y,NO,NO,NO,1454256,KCE Champions LLC @ KIPP Nexus,HOUSTON,4211 WATONGA BLVD,77092 5324,Champions at KIPP Nexus Primary,,,0,medium_confidence,1.9,1,1,0,0,0,13,1.3,0.2
ChIJ55d7mueZToYRNFkg60eKyqE,1,3,6,0,0,13,0,39,2020-11-25,"School Age Care,Before School Care,Meals Provided ,After School Care,Snacks Provided,Part Time Care,Field Trips",Y,NO,NO,NO,1348666,Peari's Preparatory Academy,DALLAS,3814 MARYLAND AVE,75216 6116,Peari's Preparatory Academy,4.6,9.0,5,high_confidence,5.1,0,1,0,0,0,10,0.769,0.077
ChIJ55xEpe52ToYRxpx4ZldnNZ8,3,1,0,0,0,10,0,60,2003-06-23,"Meals Provided ,Snacks Provided",Y,NO,NO,NO,216690,Diamond Road Head Start and Child Development Center,FORT WORTH,2526 DIAMOND RD,76106 6568,Diamond Road Child Development Center,5.0,5.0,5,high_confidence,22.5,0,1,0,0,0,4,0.4,0.3
ChIJ56LqObHRQIYROrkOFAJCF0A,2,4,1,0,0,6,0,75,2025-11-24,"School Age Care,Before School Care,Accredited,Get Well Care,After School Care,Snacks Provided,Drop-In Care,Skill Classes,Part Time Care,Transportation to/from School ,Field Trips",N,NO,NO,NO,1500475,Just 4 Kids Learning Academy,HOUSTON,11430 WEST RD,77065 4712,Just 4 Kids Learning Academy,4.6,40.0,5,high_confidence,0.1,1,0,0,0,0,7,1.167,0.333
ChIJ56PcNBrLRIYRzUVfGsKnwbU,0,9,0,0,0,7,5,211,2005-11-21,"Snacks Provided,Drop-In Care,Skill Classes,Part Time Care,Field Trips",Y,NO,NO,NO,271865,Leaps n Bounds,AUSTIN,7010 VILLAGE CENTER DR,78731 3024,Leaps N Bounds,4.5,21.0,5,high_confidence,20.1,0,1,0,0,0,9,1.286,0.0
ChIJ58C6w8cyW4YR0EHByLzOMfM,0,0,0,0,0,3,0,157,2025-11-07,"School Age Care,Before School Care,Meals Provided ,After School Care,Snacks Provided,Drop-In Care,Part Time Care,Transportation to/from School ,Field Trips",N,NO,NO,NO,1515011,Stepping Stone School VI,AUSTIN,12301 HYMEADOW DR,78750 1816,Stepping Stone School Lakeline,4.8,27.0,5,medium_confidence,0.2,0,0,0,0,0,0,0.0,0.0
ChIJ5QduLXa_QIYRtN7mVTj-kc0,1,2,0,0,0,10,0,49,2002-10-11,"School Age Care,Meals Provided ,Snacks Provided,Part Time Care",N,NO,NO,NO,205695,Montessori Country Day School,HOUSTON,4909 CRAWFORD ST,77004 5732,Montessori Country Day School - Crawford Campus,,,0,medium_confidence,23.2,0,0,0,0,0,3,0.3,0.1
ChIJ5SMVbKZYXIYR_XqwitCAP3k,4,18,8,0,0,36,0,84,2014-02-18,"Before School Care,After School Care,Snacks Provided,Part Time Care,Field Trips",Y,NO,NO,NO,1121599,"Mustard Seed Academy, Inc.",SAN ANTONIO,1115 S SAINT MARYS ST,78210 1286,Mustard Seed Academy,4.0,33.0,5,high_confidence,11.9,0,1,0,0,0,30,0.833,0.111
ChIJ5SvGds1eXIYRh76jP9qVmss,0,1,2,0,1,7,0,65,2021-03-01,"School Age Care,Meals Provided ,After School Care,Snacks Provided",Y,NO,NO,NO,1361734,Y School Age @Rodriguez Montessori,SAN ANTONIO,3626 W CESAR E CHAVEZ BLVD,78207 4632,Cleto L. Rodriguez Montessori Elementary School,,,0,medium_confidence,4.8,0,1,0,0,0,4,0.571,0.0
ChIJ5TD6esfOQIYRLyEgw_aylbk,2,6,1,4,1,5,2,49,2002-12-11,"After School Care,Snacks Provided,Transportation to/from School ,Field Trips",Y,NO,NO,NO,218027,Unity Child Care,HOUSTON,827 TURNEY DR,77038 3921,Unity Child Development School,4.0,4.0,4,medium_confidence,23.1,0,1,0,0,0,14,2.8,0.4
ChIJ5U_wR_SIXIYRCRDEmev9EEY,7,5,3,1,0,24,0,228,2014-02-10,"School Age Care,Before School Care,Meals Provided ,After School Care,Snacks Provided,Drop-In Care,Part Time Care,Transportation to/from School ,Field Trips",Y,NO,NO,NO,1118878,Children's Lighthouse at Cibolo Canyon,SAN ANTONIO,25473 BULVERDE RD,78261 2323,Children's Lighthouse of San Antonio - Bulverde Rd,4.6,118.0,5,medium_confidence,11.9,0,1,0,0,0,16,0.667,0.292
ChIJ5UmC2OtMW4YR5vYo795mJ2w,7,5,4,0,0,13,0,109,1988-05-03,"School Age Care,Meals Provided ,Snacks Provided,Skill Classes,Part Time Care",Y,NO,NO,NO,104407,Chisholm La Petite Academy,AUSTIN,9315 CHISHOLM LN,78748 6389,La Petite Academy of South Austin,4.3,86.0,5,medium_confidence,37.7,0,1,0,0,0,16,1.231,0.538
ChIJ5XCy0OvKQIYRHftb2HqlFhc,2,0,1,0,0,10,0,57,2021-04-08,"School Age Care,Meals Provided ,Snacks Provided",N,NO,NO,NO,1341437,Avance- Dekaney Early Head Start,HOUSTON,22351 IMPERIAL VALLEY DR,77073 1102,Andy Dekaney High School,,,0,medium_confidence,4.7,0,0,0,0,0,3,0.3,0.2
ChIJ5XCy0OvKQIYRaYSF0dZUhN4,0,0,0,0,0,5,0,120,2020-02-11,"Before School Care,After School Care,Snacks Provided,Drop-In Care,Part Time Care",N,NO,NO,NO,1337010,Booker Elementary Koala Kare,HOUSTON,22352 IMPERIAL VALLEY DR,77073 1101,Carolee Booker Elementary School,,,0,medium_confidence,5.9,0,0,0,0,0,0,0.0,0.0
ChIJ5Xmu22vKQIYR_Gf1jEGX3CU,2,2,1,1,0,11,1,136,2017-01-19,"School Age Care,Before School Care,Meals Provided ,After School Care,Snacks Provided,Drop-In Care,Skill Classes,Part Time Care,Transportation to/from School ,Field Trips",Y,NO,NO,NO,1268888,Houston Kidz Center LLC,HOUSTON,713 E AIRTEX DR,77073 6342,Houston Kidz Center,4.0,40.0,5,high_confidence,9.0,0,1,0,0,0,6,0.545,0.182
ChIJ5Yq9KYCfToYRZiPcHUx-mR4,3,3,2,1,0,13,1,65,2022-02-24,"After School Care,Snacks Provided",N,NO,NO,NO,1384384,YMCA @ Rogers Dallas,DALLAS,5314 ABRAMS RD,75214 2001,Dan D Rogers Elementary School,,,0,medium_confidence,3.9,0,0,0,0,0,9,0.692,0.231
ChIJ5Zq4GOiQToYRdKrT7vU-pQs,15,22,6,2,0,30,4,141,2023-01-06,"School Age Care,Before School Care,Accredited,Meals Provided ,After School Care,Snacks Provided,Drop-In Care,Skill Classes,Part Time Care,Transportation to/from School",Y,NO,NO,NO,1405070,My Little Rascals Development Center,DALLAS,5554 S HAMPTON RD,75232 2202,Little Rascals Daycare,3.6,16.0,5,medium_confidence,3.0,1,1,0,0,0,45,1.5,0.5
ChIJ5_RK7FSRToYRMHMkwmaqCsM,0,8,3,0,1,7,0,62,2019-05-24,"School Age Care,Before School Care,Meals Provided ,After School Care,Snacks Provided,Drop-In Care,Field Trips",N,NO,NO,NO,1317687,The Gifted Minds,DALLAS,2550 W RED BIRD LN STE 412,75237 2314,The Gifted Minds Foundation,5.0,6.0,5,medium_confidence,6.6,0,0,0,0,0,12,1.714,0.0
ChIJ5b7S9VDNQIYRB_71oSKXd7I,3,9,4,0,0,5,0,168,2025-08-01,"School Age Care,Before School Care,Accredited,Meals Provided ,After School Care,Snacks Provided,Drop-In Care,Part Time Care,Transportation to/from School ,Field Trips",N,NO,NO,NO,1494508,Silver Star Academy at Cypress Creek,HOUSTON,4331 BRIGHTWOOD DR,77068 1700,Silver Star Academy at Cypress Creek,5.0,9.0,5,high_confidence,0.4,1,0,0,0,0,16,3.2,0.6
ChIJ5bzsa5EyW4YRhanwnJRaJuc,0,1,0,0,0,8,0,95,2011-01-27,"Accredited,Meals Provided ,Snacks Provided,Part Time Care",N,NO,NO,NO,729909,Nicholson Early Childhood Education Center,AUSTIN,12233 RR 620 N STE 201,78750 1069,Nicholson Early Childhood Education Center,5.0,10.0,5,high_confidence,14.9,1,0,0,0,0,1,0.125,0.0
ChIJ5c2B4wBoXIYR2qqClZkFNOg,0,1,1,0,0,7,0,70,2011-05-19,"Snacks Provided,Part Time Care",N,NO,NO,NO,771089,Northwest Hills GMC Mother's Day Out Preschool,SAN ANTONIO,7575 TEZEL RD,78250 3504,Northwest Hills Global Methodist Church,4.7,114.0,5,medium_confidence,14.6,0,0,0,0,0,2,0.286,0.0
ChIJ5cRVOXi_QIYRGemDvSuH8Oc,2,0,0,0,0,6,0,77,2014-06-12,"Meals Provided ,Snacks Provided,Drop-In Care,Skill Classes",Y,NO,NO,NO,1128747,Museum District Childcare Center,HOUSTON,5010 CAROLINE ST,77004 5704,Museum District Child Care Center,4.7,71.0,5,high_confidence,11.6,0,1,0,0,0,2,0.333,0.333
ChIJ5dEPmhMkTIYRdQPvWblyerk,0,0,1,1,0,5,0,50,2025-12-12,After School Care,N,NO,NO,NO,1510868,YMCA @ McWhorter Elementary School,DALLAS,3678 TIMBERGLEN RD,75287 3560,Kathryn S. McWhorter Elementary School,,,0,medium_confidence,0.1,0,0,0,0,0,2,0.4,0.0
ChIJ5eJ39YWwRIYRj2x6Rhz0O9Q,8,0,12,0,0,42,0,80,2024-01-29,"School Age Care,Meals Provided ,Snacks Provided",Y,NO,NO,NO,1458729,Del Valle ISD South Child Development Center,AUSTIN,4215 SMITH SCHOOL RD,78744 3217,Del Valle Child Development Center,5.0,3.0,3,high_confidence,1.9,0,1,0,0,0,20,0.476,0.19
ChIJ5eYCI5EyW4YRQor0dDyZ4DI,6,18,6,0,0,13,0,150,2008-11-06,"After School Care,Snacks Provided,Skill Classes,Part Time Care,Transportation to/from School ,Field Trips",N,NO,NO,NO,351434,Austin Children's Academy,AUSTIN,12310 RANCH ROAD 620 N,78750 1168,Austin Children's Academy,,,0,high_confidence,17.2,0,0,0,0,0,30,2.308,0.462
ChIJ5xLw4eDZQIYR3Cca1zM7kMY,0,0,0,0,0,7,0,180,2003-08-13,"After School Care,Drop-In Care,Part Time Care,Transportation to/from School",Y,NO,NO,NO,233395,Creative Years Early Learning Center,HOUSTON,17135 KIETH HARROW BLVD,77084 2512,Creative Years Early Learning,4.8,28.0,5,high_confidence,22.4,0,1,0,0,0,0,0.0,0.0
ChIJ5ySkc2tlXIYRQFspRinsilI,2,12,5,0,0,14,0,225,2026-04-01,"School Age Care,Before School Care,Meals Provided ,After School Care,Snacks Provided,Part Time Care,Transportation to/from School ,Field Trips",N,NO,NO,NO,1503800,The Pillars Christian Learning Center,SAN ANTONIO,24161 BOERNE STAGE RD,78255 9517,The Pillars Christian Learning Centers: Boerne Stage Rd,4.6,64.0,5,high_confidence,0.0,0,0,0,0,0,19,1.357,0.143
ChIJ5yu-ZS3BQIYRaB-4HvZCqfo,0,0,1,0,0,1,0,288,2026-03-09,"School Age Care,Before School Care,Meals Provided ,After School Care,Snacks Provided,Drop-In Care,Part Time Care,Transportation to/from School ,Field Trips",N,NO,NO,NO,1525343,Kids R Kids of Houston Heights,HOUSTON,819 JACKSON HILL ST,77007 5772,Kids 'R' Kids Learning Academy of Houston Heights,4.9,17.0,5,medium_confidence,0.0,0,0,0,0,0,1,1.0,0.0
ChIJ5zZaTR7LQIYRQboS0BvT4uc,5,3,6,1,0,15,2,126,2013-10-28,"School Age Care,Before School Care,Meals Provided ,After School Care,Snacks Provided,Skill Classes,Part Time Care,Field Trips",N,NO,NO,NO,1108340,Kidz K'nect Child Development Center,HOUSTON,1340 CYPRESS STATION DR STE C,77090 3035,Kidz K'nect Child Development Center,2.6,20.0,5,high_confidence,12.2,0,0,0,0,0,15,1.0,0.333
ChIJ5zjqdgAhTIYRqtO-gGg0xsw,1,1,0,0,0,12,0,113,2024-04-23,"Meals Provided ,Snacks Provided,Field Trips",N,NO,NO,NO,1462904,Bezos Academy North Dallas,DALLAS,8703 STULTS RD STE 100,75243 4109,Bezos Academy - North Dallas,4.4,21.0,5,high_confidence,1.7,0,0,0,0,0,2,0.167,0.083
ChIJ6-c8xjfYTYYRavJcSY3VooM,0,2,0,0,1,8,0,95,2001-01-18,"After School Care,Drop-In Care",Y,NO,NO,NO,167123,Clayton Youth Enrichment @ Lonestar Elementary,FORT WORTH,4647 SHIVER RD,76244 5382,Lone Star Elementary School,,,0,medium_confidence,25.0,0,1,0,0,0,3,0.375,0.0
ChIJ6-jK2h6cToYRBeNQ4kUcU9Y,0,1,1,0,0,3,0,193,2026-04-08,"School Age Care,Before School Care,Meals Provided ,After School Care,Snacks Provided,Drop-In Care,Part Time Care,Transportation to/from School ,Field Trips",N,NO,NO,NO,1524128,My Small Wonders #318,DALLAS,2310 STUTZ DR,75235 6512,My Small Wonders,4.3,86.0,5,high_confidence,0.0,0,0,0,0,0,2,0.667,0.0
ChIJ6-y1mdXPRIYROU3EUo1lUPY,0,3,1,0,0,9,0,51,2024-06-18,"School Age Care,Meals Provided ,Snacks Provided,Drop-In Care,Part Time Care,Field Trips",Y,NO,NO,NO,1467827,Cielito Lindo Spanish Immersion Preschool II,AUSTIN,13107 DESSAU RD,78754 1865,Cielito Lindo Spanish Immersion Preschool,5.0,3.0,3,high_confidence,1.5,0,1,0,0,0,4,0.444,0.0
ChIJ64zi8rnSRIYRPI3PWpU13sA,3,1,0,0,0,8,0,731,2011-12-13,"Meals Provided ,Snacks Provided,Part Time Care",N,NO,NO,NO,901169,Challenger School,AUSTIN,15101 AVERY RANCH BLVD,78717 3945,Challenger School - Avery Ranch,3.9,51.0,5,medium_confidence,14.1,0,0,0,0,0,4,0.5,0.375
ChIJ65mkx4ujToYR-MqlwJ8_Lvo,0,0,1,0,0,7,0,105,2024-06-12,"School Age Care,Before School Care,Meals Provided ,After School Care,Snacks Provided,Skill Classes,Transportation to/from School ,Field Trips",Y,NO,NO,NO,1470685,The Ark Schools,DALLAS,1655 N JIM MILLER RD STE 100,75217 1321,The Ark Schools,5.0,27.0,5,high_confidence,1.6,0,1,0,0,0,1,0.143,0.0
ChIJ66CQrqHLRIYREXoslkDKMI4,0,0,0,0,0,5,0,227,2025-10-14,"School Age Care,Before School Care,Meals Provided ,After School Care,Drop-In Care,Part Time Care,Transportation to/from School ,Field Trips",N,NO,NO,NO,1515616,Stepping Stone School IX,AUSTIN,8121 SHOAL CREEK BLVD,78757 8040,Stepping Stone School - Shoal Creek/Domain,4.3,52.0,5,medium_confidence,0.2,0,0,0,0,0,0,0.0,0.0
ChIJ66MlPxLLQIYR1VcR7hMxVJ8,1,9,6,1,0,17,1,165,2020-12-17,"School Age Care,Before School Care,Meals Provided ,After School Care,Snacks Provided,Transportation to/from School ,Field Trips",Y,NO,NO,NO,1349881,Apple  Seed Private School,HOUSTON,1444  FM 1960 RD  W,77090,Apple Seed Private School,3.4,49.0,5,high_confidence,5.0,0,1,0,0,0,17,1.0,0.059
ChIJ66UFqSSiToYRBhhXMFFwnjs,2,3,5,0,0,14,0,49,2013-03-22,"School Age Care,Before School Care,Accredited,Meals Provided ,After School Care,Snacks Provided,Drop-In Care,Part Time Care,Transportation to/from School ,Field Trips,Night Care",Y,NO,NO,NO,1090415,Kidz Kollege,DALLAS,7307 CHURCHILL GREEN DR,75228 6608,Kidz Kollege,2.1,20.0,5,high_confidence,12.8,1,1,0,0,0,10,0.714,0.143
ChIJ67JwvXLcQIYRCXlCLBZtpXE,7,7,2,0,0,16,1,172,2013-03-06,"School Age Care,Before School Care,Accredited,After School Care,Snacks Provided,Part Time Care,Transportation to/from School ,Field Trips",Y,NO,NO,NO,1093025,The Goddard School,HOUSTON,1720 CRESCENT PLAZA DR,77077 5566,The Goddard School of Houston - Energy Corridor,4.4,147.0,5,medium_confidence,12.8,1,1,0,0,0,16,1.0,0.438
ChIJ67QT42ijToYRoxzJBAj3vNs,2,12,1,1,0,11,0,41,2020-09-21,"School Age Care,Before School Care,Meals Provided ,After School Care,Snacks Provided,Part Time Care,Transportation to/from School ,Weekend Care",Y,NO,NO,NO,1348790,Tony Little Clubhouse,DALLAS,6909 SCYENE RD,75227 6539,Tony’s Little Clubhouse,5.0,3.0,3,high_confidence,5.3,0,1,0,0,0,16,1.455,0.182
ChIJ68fZMV2XToYRtY0CCBHOpbg,13,19,7,0,1,17,0,95,1988-09-23,"School Age Care,Before School Care,Meals Provided ,After School Care,Snacks Provided,Drop-In Care,Part Time Care,Transportation to/from School ,Field Trips",Y,NO,NO,NO,113729,Cornerstone/The Ranch,DALLAS,1050 E CAMP WISDOM RD,75241 3605,The Ranch Child Care Center,5.0,2.0,2,medium_confidence,37.3,0,1,0,0,0,40,2.353,0.765
ChIJ6SrDwVbHQIYREafRi8fo9Uo,1,11,7,1,1,7,1,86,2002-10-29,"School Age Care,Before School Care,Accredited,After School Care,Snacks Provided,Transportation to/from School ,Field Trips",N,NO,NO,NO,204805,Esperanza Heights,HOUSTON,429 HEIGHTS BLVD,77007 2519,Esperanza After School,5.0,1.0,1,medium_confidence,23.2,1,0,0,0,0,21,3.0,0.143
ChIJ6TpL22m5QIYRh4lSn7XojY0,3,1,1,2,0,12,2,72,2021-09-22,"Meals Provided ,Snacks Provided,Part Time Care,Field Trips",Y,NO,NO,NO,1372767,YMCA Children's Academy at Avenue Center,HOUSTON,3517 IRVINGTON BLVD STE 101,77009 5700,YMCA Children's Academy at Avenue Center,3.7,10.0,5,high_confidence,4.3,0,1,0,0,0,7,0.583,0.25
ChIJ6U0qzPTDQIYRyXxNOsi1Y7s,2,9,2,0,0,5,1,137,2011-10-12,Skill Classes,N,NO,NO,NO,874109,Houston Racquet Club,HOUSTON,10709 MEMORIAL DR,77024 7604,Houston Racquet Club,4.5,318.0,5,high_confidence,14.2,0,0,0,0,0,13,2.6,0.4
ChIJ6XLPmWOzRIYRI9SanEYc0qw,4,6,3,1,0,19,0,65,2020-01-28,"Meals Provided ,Snacks Provided,Part Time Care",Y,NO,NO,NO,1334837,Uphaus Child Development Center,AUSTIN,5200 FREIDRICH LN,78744 2715,Uphaus Early Childhood Center,,,0,medium_confidence,5.9,0,1,0,0,0,14,0.737,0.211
ChIJ6YaMBenJRIYRhrPJHKXhGBU,0,0,0,0,0,3,0,34,2025-10-13,"School Age Care,After School Care",N,NO,NO,NO,1513590,AISD Andrews Apple Blossom,AUSTIN,6801 NORTHEAST DR,78723 2130,Andrews Elementary School,,,0,medium_confidence,0.2,0,0,0,0,0,0,0.0,0.0
ChIJ6ZVDlIR1ToYRrLODrkKsUpA,2,7,9,0,0,10,4,45,1986-03-25,"After School Care,Snacks Provided,Part Time Care",Y,NO,NO,NO,101717,Bryson Elementary - Northwest YMCA,FORT WORTH,8601 OLD DECATUR RD,76179 4312,Bryson Elementary School,,,0,medium_confidence,39.8,0,1,0,0,0,18,1.8,0.2
ChIJ6_CwZwrGQIYRifLVk0_xkig,3,3,0,0,0,10,0,68,2015-02-13,"Snacks Provided,Part Time Care",N,NO,NO,NO,1146919,Advent's Beloved Children  ABC Learning Center,HOUSTON,5820 PINEMONT DR,77092 2604,ABC Learning Center,4.3,6.0,5,medium_confidence,10.9,0,0,0,0,0,6,0.6,0.3
ChIJ6av8SCMkTIYRRjg_09hrNxc,0,0,0,1,0,5,0,75,2025-12-12,After School Care,N,NO,NO,NO,1510890,YMCA @ McKamy Elementary School,DALLAS,3443 BRIARGROVE LN,75287 6001,Mckamy Elementary School,,,0,high_confidence,0.1,0,0,0,0,0,1,0.2,0.0
ChIJ6bTKUCufToYRcs2TOlo0H5Q,4,13,2,0,0,16,0,260,1993-08-03,"School Age Care,Meals Provided ,Snacks Provided,Part Time Care",Y,NO,NO,NO,116683,Dallas Day School,DALLAS,4242 OFFICE PKWY,75204 3629,Dallas Day School,4.4,28.0,5,high_confidence,32.4,0,1,0,0,0,19,1.188,0.25
ChIJ6cuwpIRBXIYR8apN7_v1D54,1,2,1,0,0,8,0,93,2013-09-06,"School Age Care,Meals Provided ,After School Care,Snacks Provided,Part Time Care,Transportation to/from School ,Field Trips",Y,NO,NO,NO,1090309,Little Dove Learning Center,SAN ANTONIO,2655 TALLEY RD,78253 4955,Little Dove Learning Center,5.0,10.0,5,high_confidence,12.3,0,1,0,0,0,4,0.5,0.125
ChIJ6dRWYO1nXIYRXcVn-3V9O-Q,0,1,2,1,0,10,1,159,2024-01-18,"School Age Care,Accredited,Meals Provided ,Snacks Provided",Y,NO,NO,NO,1453620,Bilingual Child Academy - Leon Valley,SAN ANTONIO,7702 ECKHERT RD,78240 3008,Bilingual Child Academy - Leon Valley,4.3,15.0,5,high_confidence,2.0,1,1,0,0,0,4,0.4,0.0
ChIJ6fISnYZuToYRLWyyHiY2rvs,3,7,2,1,0,21,2,204,2010-09-02,"School Age Care,Before School Care,Meals Provided ,After School Care,Snacks Provided,Drop-In Care,Part Time Care,Transportation to/from School ,Field Trips",Y,NO,NO,NO,725248,La Petite Academy Inc,FORT WORTH,1300 W EVERMAN PKWY,76134 4950,La Petite Academy on Everman Parkway,4.5,99.0,5,medium_confidence,15.3,0,1,0,0,0,13,0.619,0.143
ChIJ6fpgKjDfTYYRIA-TsbGuOEI,4,5,4,0,0,10,0,50,2024-02-02,"School Age Care,After School Care,Snacks Provided",N,NO,NO,NO,1458023,YMCA  HATLEY Elementary,FORT WORTH,850 MOUNT VISTA LN,76131,Elizabeth Lopez Hatley Elementary school,,,0,medium_confidence,1.9,0,0,0,0,0,13,1.3,0.4
ChIJ6ft03wxYXIYR8ztpKDFH4QE,4,8,6,3,0,20,1,90,2018-03-23,"School Age Care,Before School Care,Meals Provided ,After School Care,Snacks Provided,Skill Classes,Part Time Care,Transportation to/from School ,Field Trips",Y,NO,NO,NO,1287280,Green Oak Learning Center,SAN ANTONIO,7223 GREEN OAK PL,78221 1647,Green Oak Learning Center,4.1,16.0,5,high_confidence,7.8,0,1,0,0,0,21,1.05,0.2
ChIJ6wC5qG-2RIYRCYTB1VOPloU,0,1,1,0,0,6,0,34,1994-09-01,"Accredited,Meals Provided ,Snacks Provided",N,NO,NO,NO,134192,Ortega Preschool Child Incorporated,AUSTIN,1135 GARLAND AVE,78721 2625,Child Inc. Ortega CDC,2.0,1.0,1,medium_confidence,31.3,1,0,0,0,0,2,0.333,0.0
ChIJ6zyALuZhXIYR0CMfJhc4y3A,0,1,0,0,0,5,0,150,1990-03-02,"School Age Care,Meals Provided ,After School Care,Snacks Provided,Transportation to/from School ,Field Trips",Y,NO,NO,NO,107749,Colonial Hills Child Development Center,SAN ANTONIO,5247 VANCE JACKSON RD,78230 4624,Colonial Hills United Methodist Child Development Center,4.4,13.0,5,high_confidence,35.8,0,1,0,0,0,1,0.2,0.0
ChIJ7-PdYRu1RIYRx36STL0jmPs,2,3,6,1,2,10,1,55,2021-01-06,"Meals Provided ,After School Care,Drop-In Care,Part Time Care",N,NO,NO,NO,1357827,Colibri Spanish Immersion Preschool,AUSTIN,603 BOULDIN AVE,78704 1607,Colibri Spanish Immersion Preschool - Bouldin Creek Campus - Montessori Spanish Austin,5.0,5.0,5,medium_confidence,5.0,0,0,0,0,0,14,1.4,0.2
ChIJ70K79AuXQIYRoRa6fUYWX0k,2,2,0,0,0,8,0,73,2025-05-12,"School Age Care,Before School Care,Accredited,Meals Provided ,After School Care,Snacks Provided,Drop-In Care,Part Time Care,Transportation to/from School ,Weekend Care,Field Trips",N,NO,NO,NO,1490965,Children's Choice Academy,HOUSTON,8405 ALMEDA GENOA RD STE Y,77075 2569,CHILDREN'S CHOICE ACADEMY,4.9,18.0,5,high_confidence,0.6,1,0,0,0,0,4,0.5,0.25
ChIJ70ihQOa1RIYR-HAVaZ7DVuM,4,9,4,1,0,14,0,98,2012-04-27,"Accredited,Snacks Provided,Transportation to/from School ,Field Trips",Y,NO,NO,NO,949448,Open Door Preschool at M Station,AUSTIN,2918 E MARTIN LUTHER KING JR B,78702 1660,Open Door Preschools,4.8,23.0,5,medium_confidence,13.7,1,1,0,0,0,18,1.286,0.286
ChIJ71ar_3O2RIYRZ3-OQfhQbxM,8,15,13,2,1,19,5,63,2017-10-24,"School Age Care,Meals Provided ,After School Care,Snacks Provided,Drop-In Care,Transportation to/from School",Y,NO,NO,NO,1290603,Nurturing Child Care Centers,AUSTIN,1054 SPRINGDALE RD STE L,78721 1917,Nurturing Child Care Centers,5.0,1.0,1,high_confidence,8.2,0,1,0,0,0,39,2.053,0.421
ChIJ72AH2WegToYRjYJzoOOGY1c,0,4,1,1,0,9,0,73,2018-07-31,"School Age Care,Before School Care,Meals Provided ,After School Care,Snacks Provided,Drop-In Care,Part Time Care,Transportation to/from School ,Field Trips",Y,NO,NO,NO,1311011,Lots of Luv Child Care,DALLAS,9090 SKILLMAN ST STE 186A,75243 8217,Lots of Luv Child Care,4.3,24.0,5,high_confidence,7.4,0,1,0,0,0,6,0.667,0.0
ChIJ74TMDqH2XIYRz0WsX5BGd2Y,16,22,10,0,0,82,0,47,1998-05-27,"School Age Care,Before School Care,Meals Provided ,After School Care,Snacks Provided,Drop-In Care,Part Time Care,Transportation to/from School ,Field Trips",Y,NO,NO,NO,153076,Stephanies Angels,SAN ANTONIO,1411 UPLAND RD STE 2,78219 4033,Stephanie's Angels Child Care,4.0,4.0,4,medium_confidence,27.6,0,1,0,0,0,48,0.585,0.195
ChIJ75KeDkicQIYRdON5vDN02wk,2,2,1,1,0,7,1,204,2013-12-31,"School Age Care,Before School Care,Meals Provided ,After School Care,Snacks Provided,Drop-In Care,Skill Classes,Part Time Care,Transportation to/from School ,Field Trips",N,NO,NO,NO,1116317,Primrose School of Clear Lake,HOUSTON,2411 FALCON PASS,77062 6238,Primrose School of Clear Lake,4.6,121.0,5,high_confidence,12.0,0,0,0,0,0,6,0.857,0.286
ChIJ75n_My3NRIYR0dPp98yvTBE,5,1,0,0,0,16,0,102,2020-02-11,"School Age Care,Before School Care,After School Care,Snacks Provided,Drop-In Care,Skill Classes,Part Time Care,Field Trips",N,NO,NO,NO,1337704,Joy Park Montessori School,AUSTIN,13171 POND SPRINGS RD,78729 7102,Joy Park Montessori Preschool,5.0,34.0,5,high_confidence,5.9,0,0,0,0,0,6,0.375,0.312
ChIJ76kJ_9ZfXIYR78jD8BJRMgg,4,8,8,0,0,48,0,44,2021-11-30,"Meals Provided ,Snacks Provided",N,NO,NO,NO,1381116,Upbring Head Start (San Antonio College),SAN ANTONIO,1819 N MAIN AVE BLDG 52,78212 3941,San Antonio College Early Childhood Center,5.0,1.0,1,medium_confidence,4.1,0,0,0,0,0,20,0.417,0.083
ChIJ76yMuTi7QIYRGgMThfu1C6E,1,4,4,0,0,7,0,39,2006-03-16,"Meals Provided ,Snacks Provided,Drop-In Care,Part Time Care",Y,NO,NO,NO,273978,Precious Moments Learning Center,HOUSTON,10615 HOMESTEAD RD,77016 2703,Precious Moments Learning Center,3.7,3.0,3,high_confidence,19.8,0,1,0,0,0,9,1.286,0.143
ChIJ76zz07mjToYRwAL4ErYguuQ,0,0,0,0,0,5,0,103,2026-01-28,"School Age Care,Before School Care,Meals Provided ,After School Care,Part Time Care,Transportation to/from School ,Field Trips",N,NO,NO,NO,1513666,Lighthouse Learning Academy LLC-Dallas,DALLAS,1518 JOHN WEST RD,75228 5452,Lighthouse Learning Academy - Dallas,4.8,33.0,5,medium_confidence,0.0,0,0,0,0,0,0,0.0,0.0
ChIJ77dsOvKuQIYRQVGNSuepf8E,2,3,1,2,0,14,1,232,2018-03-26,"School Age Care,Before School Care,Meals Provided ,After School Care,Snacks Provided,Skill Classes,Part Time Care,Transportation to/from School ,Field Trips",N,NO,NO,NO,1294204,Childrens Lighthouse Learning Center,HOUSTON,14505 W LAKE HOUSTON PKWY,77044 6398,Children's Lighthouse of Houston - Lake Houston,4.7,168.0,5,medium_confidence,7.8,0,0,0,0,0,8,0.571,0.143
ChIJ77iWAeuZToYRhc0lpWX7ToE,1,1,2,0,0,13,1,30,2023-06-20,"School Age Care,Before School Care,Meals Provided ,After School Care,Snacks Provided,Skill Classes,Part Time Care,Transportation to/from School ,Weekend Care,Field Trips",Y,NO,NO,NO,1424490,My Anointed Sisters Children Learning Center LLC,DALLAS,312 W 12TH ST,75208 6501,My Anointed Sisters Children Learning Center LLC,4.0,2.0,2,high_confidence,2.5,0,1,0,0,0,4,0.308,0.077
ChIJ78LU30HdQIYR1SA0lmMq5uE,1,3,1,0,0,6,0,44,2025-12-08,"Before School Care,Meals Provided ,After School Care,Snacks Provided,Part Time Care,Transportation to/from School",N,NO,NO,NO,1504964,HONESTY KID?S ACADEMY,HOUSTON,12320 BEECHNUT ST STE G,77072 3985,Honesty Kid's Academy,5.0,2.0,2,high_confidence,0.1,0,0,0,0,0,5,0.833,0.167
ChIJ7R_LJW1JW4YRvIsU8rZkxXc,5,5,5,0,0,9,0,74,2018-03-01,"School Age Care,Before School Care,After School Care,Transportation to/from School ,Field Trips",N,NO,NO,NO,1287690,Escuela Hispanoamericana de Texas,AUSTIN,12507 FITZHUGH RD,78736 7520,EHAT- Escuela Hispanoamericana de Texas,4.9,66.0,5,high_confidence,7.8,0,0,0,0,0,15,1.667,0.556
ChIJ7SUbWE7BQIYRk_wVW8PMtfA,1,2,2,0,0,7,0,255,1990-02-22,Accredited,N,NO,NO,NO,107966,St. Martin's Preschool,HOUSTON,717 SAGE RD,77056 2111,St. Martin's Episcopal Preschool,5.0,1.0,1,high_confidence,35.9,1,0,0,0,0,5,0.714,0.143
ChIJ7TMa33rdQIYRx6LEexVPDTE,3,10,2,0,0,13,0,100,2022-01-11,"School Age Care,Before School Care,Meals Provided ,After School Care,Snacks Provided,Drop-In Care,Part Time Care,Transportation to/from School ,Weekend Care,Field Trips",Y,NO,NO,NO,1392736,America's Choice Child Care,HOUSTON,10792 BELLAIRE BLVD STE D,77072 2764,America's Choice Childcare Center - Bellaire,4.8,56.0,5,medium_confidence,4.0,0,1,0,0,0,15,1.154,0.231
ChIJ7W-Z01ezRIYRFnW5mXQjnS4,0,4,2,0,0,10,0,68,2018-05-29,"School Age Care,Meals Provided ,After School Care,Snacks Provided",Y,NO,NO,NO,1290963,Sweet Briar Child Development Center 1,AUSTIN,205 SANDRA ST,78745 3126,Sweet Briar Daycare & Childcare - South Austin,4.6,33.0,5,medium_confidence,7.6,0,1,0,0,0,6,0.6,0.0
ChIJ7WpztdQjTIYR2S_LxLl4rLg,1,0,2,1,0,7,1,69,2018-03-23,"School Age Care,Part Time Care",N,NO,NO,NO,1253349,Gan Menachem,DALLAS,17826 DAVENPORT RD,75252 5892,Gan Menachem Preschool,,,0,medium_confidence,7.8,0,0,0,0,0,4,0.571,0.143
ChIJ7XHKOhPLQIYR7jWanFxlju8,1,3,0,0,0,6,0,176,2026-02-02,"School Age Care,Before School Care,Meals Provided ,After School Care,Snacks Provided,Drop-In Care,Part Time Care,Transportation to/from School ,Weekend Care,Field Trips,Night Care",N,NO,NO,NO,1506241,"Exceptional Foundation Academy and Childcare, Inc.",HOUSTON,17190 BEAVER SPRINGS DR,77090 2356,Right Steps Childcare & Academy,4.1,52.0,5,medium_confidence,0.0,0,0,0,0,0,4,0.667,0.167
ChIJ7Xc9F-i1RIYR3nTGnUkwMMI,9,0,3,0,0,57,0,100,2018-02-08,"After School Care,Skill Classes",N,NO,NO,NO,1288353,Creative Action After School at Blanton,AUSTIN,5408 WESTMINSTER DR,78723 3454,Creative Action,4.8,57.0,5,medium_confidence,7.9,0,0,0,0,0,12,0.211,0.158
ChIJ7XovXdlzToYRQGjWRixSJLw,2,6,3,0,0,10,0,100,2021-04-01,"School Age Care,Before School Care,After School Care,Snacks Provided",Y,NO,NO,NO,1359360,Clayton Youth Enrichment @ Overton Park Elementary,FORT WORTH,4865 BRIARHAVEN RD,76109 4402,Overton Park Elementary School (FWISD),,,0,medium_confidence,4.8,0,1,0,0,0,11,1.1,0.2
ChIJ7Xq_fivHQIYRo73yjTaKm7M,1,2,2,0,0,8,0,52,2015-01-08,Part Time Care,N,NO,NO,NO,1144302,St. Theresa Early Childhood Center in Memorial Park,HOUSTON,6622 HASKELL ST,77007 2044,St. Theresa Catholic Church,4.6,212.0,5,medium_confidence,11.0,0,0,0,0,0,5,0.625,0.125
ChIJ7YCUUzH2XIYRS4vwaODq3Vo,0,0,0,0,1,11,0,170,2022-01-06,"School Age Care,Meals Provided ,After School Care,Snacks Provided",N,NO,NO,NO,1385871,Y School Age @ Japhet,SAN ANTONIO,314 ASTOR ST,78210 5140,Eloise Japhet Elementary School,,,0,medium_confidence,4.0,0,0,0,0,0,1,0.091,0.0
ChIJ7YDGrZLDQIYRxErLuWA2WH4,1,4,2,2,0,5,0,80,2003-01-24,Part Time Care,N,NO,NO,NO,209351,His Kids Weekday Preschool West,HOUSTON,19449 KATY FWY,77094 1005,"Second Baptist Church, Houston, West Campus: His Kids Weekday Preschool",5.0,3.0,3,medium_confidence,22.9,0,0,0,0,0,9,1.8,0.2
ChIJ7YKH2BCXToYR7qCrMSOCUBY,0,1,1,0,0,7,0,146,2010-03-26,"School Age Care,Before School Care,Accredited,Meals Provided ,After School Care,Snacks Provided,Transportation to/from School ,Field Trips",Y,NO,NO,NO,632672,Neighborhood Christian Learning Center of Dallas INC,DALLAS,1111 E LEDBETTER DR,75216 6863,Neighborhood Christian Learning Center of Dallas,5.0,31.0,5,high_confidence,15.8,1,1,0,0,0,2,0.286,0.0
ChIJ7ZQTKmG_QIYRN6qvdAfsAQo,2,1,1,0,0,7,1,118,2024-02-07,"School Age Care,Before School Care,Accredited,After School Care,Snacks Provided,Part Time Care",Y,NO,NO,NO,1454597,KCE Champions LLC @ KIPP Peace,HOUSTON,5400 MARTIN LUTHER KING BLVD,77021 3010,Champions at KIPP Peace Elementary,5.0,2.0,2,medium_confidence,1.9,1,1,0,0,0,4,0.571,0.286
ChIJ7ZZrQ-bAQIYRRB5bTvrriDI,0,6,1,0,0,7,0,140,1998-12-07,"Skill Classes,Part Time Care",N,NO,NO,NO,154794,First Steps Montessori School,HOUSTON,2450 RIVER OAKS BLVD,77019 5826,First Steps Montessori School,,,0,high_confidence,27.1,0,0,0,0,0,7,1.0,0.0
ChIJ7aQY9BHCQIYRlvSpD6xp2j4,5,1,0,0,0,8,0,45,1988-03-10,,N,NO,NO,NO,104039,Montessori Learning Institute,HOUSTON,5701 BEECHNUT ST,77074 7801,Montessori Learning Institute,,,0,high_confidence,37.8,0,0,0,0,0,6,0.75,0.625
ChIJ7bLMQFDDQIYRCgjfgIoogSg,1,5,5,1,0,8,1,87,2025-04-25,"School Age Care,Before School Care,Meals Provided ,After School Care,Snacks Provided,Drop-In Care,Part Time Care,Weekend Care,Field Trips",Y,NO,NO,NO,1487493,Computer Kids Bendito Academy,HOUSTON,9647 SOUTHWEST FWY STE 201,77074 1332,Computer Kids Bendito,,,0,high_confidence,0.7,0,1,0,0,0,12,1.5,0.125
ChIJ7bu25NnrQIYRm_CiyiPXDOI,0,3,0,0,0,7,0,100,2025-12-01,"School Age Care,Before School Care,Get Well Care,Meals Provided ,After School Care,Snacks Provided,Drop-In Care,Part Time Care,Transportation to/from School ,Field Trips,Night Care",N,NO,NO,NO,1504249,Gifted and Talented Kid's Academy,HOUSTON,12707 KIRBY DR,77047 2621,Gifted & Talented Kids Academy,4.6,9.0,5,high_confidence,0.1,0,0,0,0,0,3,0.429,0.0
ChIJ7cFUMUH3XIYRG75Kf7gjnTs,0,2,3,0,0,12,0,49,2021-02-23,"School Age Care,After School Care,Snacks Provided,Drop-In Care,Part Time Care",Y,NO,NO,NO,1358475,Mercy's Playhouse,SAN ANTONIO,3630 SE MILITARY DR STE 120,78223 4050,Mercy's Playhouse,4.5,16.0,5,high_confidence,4.9,0,1,0,0,0,5,0.417,0.0
ChIJ7czgKOLQQIYR_pukX2fywmo,0,1,0,1,0,5,0,40,2011-10-31,"Before School Care,After School Care,Snacks Provided,Part Time Care",N,NO,NO,NO,929804,Epiphany Lutheran Preschool,HOUSTON,14423 WEST RD,77041 1106,Epiphany Lutheran Church and School,4.5,61.0,5,medium_confidence,14.2,0,0,0,0,0,2,0.4,0.0
ChIJ7d-a7qHbQIYRfc-L0UPtrFY,3,5,4,0,0,12,0,208,2015-02-12,"School Age Care,Meals Provided ,Snacks Provided",N,NO,NO,NO,1150800,Woodcreek Child Development Center,HOUSTON,225 N DAIRY ASHFORD RD,77079 1118,Shell Woodcreek Complex,4.3,53.0,5,medium_confidence,10.9,0,0,0,0,0,12,1.0,0.25
ChIJ7dLtptLAQIYRboXfullCqSg,7,10,5,1,1,13,1,160,2022-03-31,"School Age Care,After School Care,Snacks Provided,Skill Classes,Part Time Care",N,NO,NO,NO,1387877,After 3 After School Program at Memorial E.S,HOUSTON,6401 ARNOT ST,77007 2007,Memorial Elementary School,,,0,medium_confidence,3.8,0,0,0,0,0,24,1.846,0.538
ChIJ7e92gCLHQIYRWPvWQQqVufw,9,7,4,0,0,19,0,300,2023-07-13,"School Age Care,After School Care,Snacks Provided,Part Time Care",N,NO,NO,NO,1417836,After 3 After School Program at Sinclair E.S,HOUSTON,6410 GROVEWOOD LN,77008 3222,Sinclair Elementary School,,,0,medium_confidence,2.5,0,0,0,0,0,20,1.053,0.474
ChIJ7eBnzYGiToYRgRvCpNtS_eA,1,7,5,0,0,9,0,100,1987-03-30,"Accredited,After School Care,Drop-In Care,Skill Classes,Transportation to/from School ,Field Trips",Y,NO,NO,NO,94192,Good Street Learning Center  INC,DALLAS,3126 ELSIE FAYE HEGGINS ST,75215 4433,Good Street Learning Center,4.4,13.0,5,high_confidence,38.8,1,1,0,0,0,13,1.444,0.111
ChIJ7eE_DlbcQIYRjD1LRP2C70M,2,10,4,2,0,10,1,89,2014-01-30,"Before School Care,Meals Provided ,After School Care,Snacks Provided,Drop-In Care,Skill Classes,Part Time Care,Transportation to/from School ,Weekend Care,Field Trips,Night Care",Y,NO,NO,NO,1116810,Love & Art Childcare Corp.,HOUSTON,3505 S DAIRY ASHFORD RD STE 100,77082 5514,Love & Art Child Care,4.3,48.0,5,medium_confidence,11.9,0,1,0,0,0,18,1.8,0.2
ChIJ7f8vIgshTIYRswAkUEr4Xb8,0,0,1,1,0,6,0,65,2015-07-31,"After School Care,Snacks Provided",Y,NO,NO,NO,1185814,Richardson ISD-Prestonwood Elementary,DALLAS,6525 LA COSA DR,75248 5034,Prestonwood Elementary School,,,0,medium_confidence,10.4,0,1,0,0,0,2,0.333,0.0
ChIJ7fXBuInBQIYR5g4SabfZIKs,0,0,0,0,0,8,0,281,2013-03-25,"Meals Provided ,Snacks Provided,Skill Classes,Transportation to/from School ,Field Trips",Y,NO,NO,NO,1095440,The Mays School,HOUSTON,5606 S RICE AVE,77081 2118,The Mays School,,,0,high_confidence,12.8,0,1,0,0,0,0,0.0,0.0
ChIJ7fX_o2ZXXIYRWgY6qOjLogo,0,1,3,0,1,4,0,31,2026-01-21,"Meals Provided ,Snacks Provided",N,NO,NO,NO,1510942,Ray Ellison Family Center,SAN ANTONIO,1400 W VILLARET BLVD,78224 2417,Ray Ellison Family Center,5.0,3.0,3,high_confidence,0.0,0,0,0,0,0,5,1.25,0.0
ChIJ7wEjr1vHQIYRJ4X1yZHljs0,10,24,25,2,2,14,1,111,1992-07-21,"Meals Provided ,Snacks Provided,Part Time Care",N,NO,NO,NO,124040,Gonzales Day Care,HOUSTON,839 RUTLAND ST,77007 1529,Gonzales Day Care,4.8,13.0,5,high_confidence,33.4,0,0,0,0,0,63,4.5,0.714
ChIJ7wI9vHLYQIYRPSHvqLUZiAw,1,0,0,0,0,6,1,99,2025-10-06,"School Age Care,Before School Care,Meals Provided ,After School Care,Snacks Provided,Transportation to/from School ,Field Trips",N,NO,NO,NO,1502158,Kidz Rocket 2,HOUSTON,15655 WESTHEIMER RD STE 111,77082 1317,Kidz Rocket Learning Center,3.9,38.0,5,medium_confidence,0.2,0,0,0,0,0,1,0.167,0.167
ChIJ7xgrv_3pQIYRiOLbq3V7vbo,5,3,0,1,0,12,1,352,1996-12-20,Part Time Care,Y,NO,NO,NO,148737,Bertha Alyce Early Childhood School,HOUSTON,5601 S BRAESWOOD BLVD,77096 3907,Bertha Alyce Early Childhood Academy,4.1,11.0,5,medium_confidence,29.0,0,1,0,0,0,9,0.75,0.417
ChIJ7xgrv_3pQIYRycCy6MGEf4c,4,8,9,2,1,10,2,51,1990-04-25,"Accredited,Part Time Care",Y,NO,NO,NO,107964,Jewish Community CTR West Houston,HOUSTON,13875 BRIMHURST DR,77077 1883,Evelyn Rubenstein Jewish Community Center of Houston (ERJCC),4.5,396.0,5,medium_confidence,35.7,1,1,0,0,0,24,2.4,0.4
ChIJ8-4r0iBwToYRVAHVVAcSuL8,3,5,3,0,0,10,0,103,2017-03-02,"School Age Care,Before School Care,Meals Provided ,After School Care,Snacks Provided,Part Time Care,Transportation to/from School ,Field Trips",Y,NO,NO,NO,1234128,"Kids Rainbow Academy,  LLC",FORT WORTH,4959 OLD MANSFIELD RD,76119 4658,KIDS Rainbow Academy,4.7,25.0,5,high_confidence,8.8,0,1,0,0,0,11,1.1,0.3
ChIJ83QYIW5fXIYR7PSLHiSs-fk,2,0,3,2,0,19,1,68,2011-02-09,"School Age Care,Meals Provided ,Snacks Provided",Y,NO,NO,NO,710428,Head Start Pilgrim School,SAN ANTONIO,500 PILGRIM DR,78213 2826,Family Service Head Start Pilgrim,5.0,3.0,3,medium_confidence,14.9,0,1,0,0,0,7,0.368,0.105
ChIJ84rXh2t8ToYRq-2PrcYMwPA,10,41,13,3,0,25,2,121,2007-03-29,"Meals Provided ,Snacks Provided,Drop-In Care,Part Time Care,Transportation to/from School",Y,NO,NO,NO,310160,Childtime Learning Center,FORT WORTH,8701 MEADOWBROOK BLVD,76120 4601,Childtime on Meadowbrook Blvd,3.9,34.0,5,medium_confidence,18.8,0,1,0,0,0,67,2.68,0.4
ChIJ85Wg4ZD1XIYRrIRr0HuGnDs,0,2,1,0,0,7,0,92,1987-02-17,,N,NO,NO,NO,97006,The Acorn - A School for Young Children,SAN ANTONIO,3501 BROADWAY ST,78209 6513,The Acorn - A School for Young Children,5.0,8.0,5,high_confidence,38.9,0,0,0,0,0,3,0.429,0.0
ChIJ868LTunbQIYRjGLtI0VRnLE,4,3,3,0,0,12,1,336,2024-08-22,"School Age Care,Before School Care,Meals Provided ,After School Care,Snacks Provided,Transportation to/from School ,Field Trips",N,NO,NO,NO,1468670,Westlake Child Development Center,HOUSTON,540 WESTLAKE PARK BLVD,77079 2603,WestLake Child Development Center,3.8,13.0,5,high_confidence,1.4,0,0,0,0,0,10,0.833,0.333
ChIJ86jE5sIyW4YRxHD9weGxYtE,3,5,5,0,0,12,0,133,1999-06-18,"School Age Care,After School Care,Snacks Provided",Y,NO,NO,NO,158105,Spicewood YMCA,AUSTIN,11601 OLSON DR,78750 2607,Spicewood Elementary,,,0,medium_confidence,26.5,0,1,0,0,0,13,1.083,0.25
ChIJ86mOmKH0XIYRiiqY2F9h5qc,3,9,6,1,0,12,0,211,2005-12-19,"School Age Care,Before School Care,Meals Provided ,After School Care,Snacks Provided,Drop-In Care,Part Time Care,Transportation to/from School ,Field Trips",Y,NO,NO,NO,281508,Learning Tree Academy,SAN ANTONIO,638 LANARK DR,78218 1829,Learning Tree Academy,4.7,100.0,5,high_confidence,20.0,0,1,0,0,0,19,1.583,0.25
ChIJ88N2UTUzW4YR7wv16nkYObI,0,0,1,2,0,9,0,76,2026-02-18,"School Age Care,After School Care,Drop-In Care,Part Time Care",N,NO,NO,NO,1496141,Colibri Spanish Immersion Preschool,AUSTIN,10713 N FM 620 RD STE 601,78726 1731,Colibri Spanish Immersion Preschool,5.0,1.0,1,high_confidence,0.0,0,0,0,0,0,3,0.333,0.0
ChIJ88b6ani_QIYRRxJRyMHpTXA,1,0,3,0,0,7,0,49,1995-10-24,"Meals Provided ,Snacks Provided",N,NO,NO,NO,142045,Montessori Country Day School #3,HOUSTON,5116 CAROLINE ST,77004 5802,Montessori Country Day School - Caroline Campus,,,0,medium_confidence,30.2,0,0,0,0,0,4,0.571,0.143
ChIJ89x99SzLQIYRdZiBDpVucSc,1,5,4,0,0,12,0,196,2024-01-30,"School Age Care,Before School Care,Accredited,Meals Provided ,After School Care,Snacks Provided,Drop-In Care,Skill Classes,Part Time Care,Transportation to/from School ,Field Trips",Y,NO,NO,NO,1450673,Academic Romper Room Phase 2,HOUSTON,16910 ROLLING CREEK DR,77090 3700,Academic Romper Room Phase 2,3.7,6.0,5,high_confidence,1.9,1,1,0,0,0,10,0.833,0.083
ChIJ8Q3gAu-XQIYRhBzcvo3YMkM,21,29,13,1,3,22,0,153,2021-02-22,"School Age Care,Before School Care,Meals Provided ,After School Care,Snacks Provided,Drop-In Care,Part Time Care,Field Trips",Y,NO,NO,NO,1359919,A & B Nursery School,HOUSTON,3111 FOREST OAKS BLVD,77017 7127,A&B Nursery School,4.4,32.0,5,high_confidence,4.9,0,1,0,0,0,67,3.045,0.955
ChIJ8Q4oaGyfToYRVKdGxTN5w7c,1,0,0,0,0,6,0,175,2014-04-22,"School Age Care,After School Care,Snacks Provided",N,NO,NO,NO,1121061,YMCA @ Mockingbird Dallas,DALLAS,5828 E MOCKINGBIRD LN,75206 5424,Mockingbird Elementary School,,,0,medium_confidence,11.7,0,0,0,0,0,1,0.167,0.167
ChIJ8SEg-wp7ToYREvL81KtfpbU,0,1,0,0,0,3,0,240,2025-09-02,"Before School Care,After School Care",N,NO,NO,NO,1512422,Tarrant County Kids at Uplift Crescendo,FORT WORTH,1200 COOKS LN,76120 3604,Uplift Crescendo Preparatory,,,0,medium_confidence,0.3,0,0,0,0,0,1,0.333,0.0
ChIJ8TG9gwMgTIYRzUwxu1m24rY,0,1,0,0,0,6,0,70,2013-11-07,"After School Care,Snacks Provided",Y,NO,NO,NO,1109015,Richardson ISD - Stults Road Elementary,DALLAS,8700 STULTS RD,75243 4110,Stults Road Elementary,,,0,medium_confidence,12.2,0,1,0,0,0,1,0.167,0.0
ChIJ8TPown3cQIYRVIUDw_-Kmrc,0,0,0,0,0,5,0,289,2019-02-08,"School Age Care,Before School Care,After School Care,Snacks Provided,Skill Classes,Transportation to/from School ,Field Trips",Y,NO,NO,NO,1321988,Kingdom Kids Learning Center,HOUSTON,1315 S DAIRY ASHFORD RD,77077 2377,Kingdom Kids Learning Center,4.2,54.0,5,high_confidence,6.9,0,1,0,0,0,0,0.0,0.0
ChIJ8TQPeVWhToYR2iX9KDCS9VM,3,2,2,1,0,12,0,111,2004-10-11,"After School Care,Drop-In Care,Part Time Care,Transportation to/from School ,Field Trips",Y,NO,NO,NO,247532,Nexus Child Development Center,DALLAS,8733 LA PRADA DR,75228 5036,Nexus Child Development Center,3.5,4.0,4,high_confidence,21.2,0,1,0,0,0,8,0.667,0.25
ChIJ8UF0fU6LXIYRmj_q8TEymOA,19,31,10,0,0,46,1,112,2006-08-16,"School Age Care,Before School Care,Meals Provided ,After School Care,Snacks Provided,Drop-In Care,Part Time Care,Transportation to/from School ,Field Trips",Y,NO,NO,NO,300177,Bright Kids Daycare & Learning Center Inc.,SAN ANTONIO,4230 CLEAR SPRING DR,78217 3604,Bright Kids Daycare Center,3.6,28.0,5,medium_confidence,19.4,0,1,0,0,0,60,1.304,0.413
ChIJ8UIt2UzSQIYRfVFkw2hgmps,1,2,3,0,0,5,0,119,2010-02-02,"Part Time Care,Field Trips",N,NO,NO,NO,516988,The Woods Private School @Cedar Point,HOUSTON,13835 CEDAR POINT DR,77070 2735,The Woods Preschool,5.0,8.0,5,medium_confidence,15.9,0,0,0,0,0,6,1.2,0.2
ChIJ8YW99zfNQIYRT7nz_XyrB3E,2,9,10,0,2,5,0,72,2025-10-28,"School Age Care,Before School Care,Accredited,Meals Provided ,After School Care,Snacks Provided,Drop-In Care,Skill Classes,Part Time Care,Transportation to/from School ,Field Trips",N,NO,NO,NO,1515066,Joyful Days Academy,HOUSTON,14449 BAMMEL NORTH HOUSTON RD,77014 1703,Joyful Days Academy,5.0,1.0,1,high_confidence,0.2,1,0,0,0,0,23,4.6,0.4
ChIJ8ZkmHpzHQIYR01AvjHBJt5A,11,11,5,1,0,21,0,268,2021-06-08,"School Age Care,Before School Care,Accredited,Meals Provided ,After School Care,Skill Classes,Part Time Care,Transportation to/from School ,Field Trips",N,NO,NO,NO,1368168,Children's Lighthouse of Oak Forest,HOUSTON,2109 W 34TH ST,77018 6002,Children's Lighthouse of Houston - Oak Forest,4.5,106.0,5,high_confidence,4.6,1,0,0,0,0,28,1.333,0.524
ChIJ8a5WvC2-QIYRSwjZsn06FvI,2,4,3,0,0,5,0,53,2019-12-05,"School Age Care,Before School Care,Meals Provided ,After School Care,Snacks Provided,Drop-In Care,Skill Classes,Part Time Care,Transportation to/from School ,Field Trips",Y,NO,NO,NO,1331499,Shining Lights Daycare & Development Center,HOUSTON,6655 LONDON ST BLDG A,77021 4229,Shining Light Daycare Development,4.9,10.0,5,high_confidence,6.1,0,1,0,0,0,9,1.8,0.4
ChIJ8bKfs764QIYRx7V4lU8A-s0,9,18,11,2,0,16,2,97,1994-10-08,"Skill Classes,Part Time Care",N,NO,NO,NO,135514,ST Marks Child Development,HOUSTON,600 PECORE ST,77009 6224,St Mark's Child Development,4.0,4.0,4,high_confidence,31.2,0,0,0,0,0,40,2.5,0.562
ChIJ8begglu9QIYRN6NxSh49cm0,3,4,2,1,0,11,1,97,2020-12-14,"School Age Care,Meals Provided ,Snacks Provided",N,NO,NO,NO,1340627,Rucker Head Start,HOUSTON,5201 VINETT AVE,77017 4958,Rucker Elementary School,,,0,medium_confidence,5.0,0,0,0,0,0,10,0.909,0.273
ChIJ8eTk47LbQIYR5DOqltW1gOo,2,2,3,0,0,8,0,124,2025-04-17,"Snacks Provided,Drop-In Care,Part Time Care",N,NO,NO,NO,1486121,Kido International Preschool,HOUSTON,11177 KATY FWY,77079 2107,Kido International Preschool & Daycare Memorial,5.0,3.0,3,medium_confidence,0.7,0,0,0,0,0,7,0.875,0.25
ChIJ8ev1rW1nXIYRy7CvKcPmmRw,6,13,5,1,0,20,0,131,2007-12-04,"After School Care,Snacks Provided,Part Time Care,Transportation to/from School ,Field Trips",Y,NO,NO,NO,318115,"The Children's Garden, A Place To Bloom",SAN ANTONIO,5965 BABCOCK RD,78240 2137,"The Children's Garden, A Place to Bloom",4.2,22.0,5,high_confidence,18.1,0,1,0,0,0,25,1.25,0.3
ChIJ8fAcGF_dQIYRozquihQeSkE,2,2,1,0,0,10,0,182,2024-02-16,"School Age Care,Before School Care,Meals Provided ,After School Care,Snacks Provided,Field Trips",Y,NO,NO,NO,1455177,Little Scholars Learning Academy,HOUSTON,12525 WHITTINGTON DR,77077 4849,Little Scholars Learning Academy,5.0,14.0,5,high_confidence,1.9,0,1,0,0,0,5,0.5,0.2
ChIJ8fEmAQveQIYRa5rmlTLeNo8,6,3,3,0,0,14,0,108,2017-12-04,"School Age Care,Meals Provided ,After School Care,Snacks Provided,Transportation to/from School ,Field Trips",Y,NO,NO,NO,1274249,Creative Connections Children's Center #2,HOUSTON,14659 BEECHNUT ST,77083 4436,Creative Connections #2,4.7,60.0,5,medium_confidence,8.1,0,1,0,0,0,12,0.857,0.429
ChIJ8fMOe2jAQIYRush--eeQFLk,0,2,2,0,0,7,0,250,2025-03-03,"After School Care,Skill Classes",N,NO,NO,NO,1482739,iKids Roberts Elementary,HOUSTON,6000 GREENBRIAR DR,77030 1145,Roberts Elementary School,,,0,medium_confidence,0.8,0,0,0,0,0,4,0.571,0.0
ChIJ8feT0lKfToYR6c8iFj71sLQ,2,2,2,0,0,5,0,47,2025-07-17,Meals Provided,N,NO,NO,NO,1495792,Junius Learning Center,DALLAS,5734 JUNIUS ST,75214 4607,Junius Learning Center,,,0,high_confidence,0.5,0,0,0,0,0,6,1.2,0.4
ChIJ8xa7bcqzRIYRLNV8HORMQw0,0,3,0,0,0,10,0,75,2022-04-29,"Meals Provided ,Snacks Provided,Skill Classes,Part Time Care",Y,NO,NO,NO,1388397,KinderCare at Bergstrom Tech,AUSTIN,6800 BURLESON RD BLDG 312 STE 170,78744 2325,KinderCare at Bergstrom Tech,4.7,23.0,5,high_confidence,3.7,0,1,0,0,0,3,0.3,0.0
ChIJ8yrBr6hYXIYRvTXjfwWJf0U,0,0,0,0,0,4,0,172,2026-01-15,"School Age Care,Snacks Provided",N,NO,NO,NO,1511232,Y School Age @ James Bonham Elementary,SAN ANTONIO,925 S SAINT MARYS ST,78205 3410,James Bonham Academy,,,0,medium_confidence,-0.0,0,0,0,0,0,0,0.0,0.0
ChIJ8zb2be3yXIYRg6alx_-ayws,13,27,9,0,0,41,0,150,1988-04-14,"School Age Care,Meals Provided ,After School Care,Snacks Provided,Part Time Care,Transportation to/from School ,Field Trips",Y,NO,NO,NO,104392,La Petite Academy Beech Trail,SAN ANTONIO,6865 BEECH TRAIL DR,78244 1878,La Petite Academy on Beech Trail Drive,2.8,26.0,5,high_confidence,37.7,0,1,0,0,0,49,1.195,0.317
ChIJ9-cA6ttLW4YR4lARgmvkV_s,4,5,0,0,0,22,0,310,1994-03-15,"School Age Care,Meals Provided ,After School Care,Snacks Provided,Skill Classes,Part Time Care,Transportation to/from School ,Field Trips",Y,NO,NO,NO,131469,"Country Home Learning Center #7, LTD",AUSTIN,6900 ESCARPMENT BLVD,78749 1814,Country Home Learning Center at Southwest Austin,4.5,73.0,5,medium_confidence,31.8,0,1,0,0,0,9,0.409,0.182
ChIJ9324LcoyW4YRfPMnxFQ7io4,1,7,7,0,1,9,0,20,2017-03-27,"Accredited,Part Time Care,Field Trips",N,NO,NO,NO,1258964,The William Mosing Center dba William's School,AUSTIN,5209 DUVAL RD,78727 6614,"William's School, The William Mosing Center",,,0,high_confidence,8.8,1,0,0,0,0,16,1.778,0.111
ChIJ93sUEJsgTIYREgbAOvWYfUg,1,1,0,0,0,6,0,85,1986-11-18,"Accredited,Part Time Care,Field Trips",N,NO,NO,NO,98414,Northaven Co-operative Preschool,DALLAS,11211 PRESTON RD,75230 3457,Northaven Cooperative Preschool,4.8,17.0,5,high_confidence,39.1,1,0,0,0,0,2,0.333,0.167
ChIJ94PUJiIzW4YRYluNAFaprh4,2,10,2,0,0,22,0,122,2025-08-06,"Meals Provided ,Snacks Provided,Field Trips",N,NO,NO,NO,1496405,YMCA Tomorrow Academy at Four Points,AUSTIN,8300 N FM 620 RD BLDG RT9,78726 4063,YMCA Tomorrow Academy-Four Points,4.7,15.0,5,high_confidence,0.4,0,0,0,0,0,14,0.636,0.091
ChIJ95sRpInAQIYRagUjLF13txk,1,1,4,1,0,9,2,34,2022-04-14,"Accredited,Part Time Care,Field Trips",N,NO,NO,NO,1388955,Poe Nursery School,HOUSTON,5315 MAIN ST,77004 6810,Poe Cooperative Nursery School,4.8,16.0,5,medium_confidence,3.7,1,0,0,0,0,7,0.778,0.111
ChIJ96JLoJ-kQIYRIbsv3RvzEwA,0,7,4,1,0,8,1,87,2013-08-07,"School Age Care,Before School Care,Meals Provided ,After School Care,Snacks Provided,Transportation to/from School ,Field Trips",Y,NO,NO,NO,1105444,Childhood Seasons Learning Academy,HOUSTON,779 NORMANDY ST # 100,77015 3599,Childhood Seasons Learning Academy #1,4.8,57.0,5,high_confidence,12.4,0,1,0,0,0,12,1.5,0.0
ChIJ96Kt0GacQIYR4nyRS3POo34,3,25,13,0,0,9,1,144,2017-06-06,"School Age Care,Before School Care,Meals Provided ,After School Care,Snacks Provided,Skill Classes,Part Time Care,Transportation to/from School ,Field Trips",N,NO,NO,NO,1258950,Clear Lake Montessori School,HOUSTON,2486 FALCON PASS DR,77062 6237,Clear Lake Montessori School,5.0,6.0,5,high_confidence,8.6,0,0,0,0,0,41,4.556,0.333
ChIJ97FnjU_1XIYRpmLNmoLRBmU,0,0,0,0,0,11,0,136,2020-09-04,"School Age Care,Meals Provided ,After School Care,Snacks Provided,Part Time Care",Y,NO,NO,NO,1349064,I'm Just a Kid!  LLC,SAN ANTONIO,5038 WEST AVE,78213 2710,I'm Just A Kid,4.3,40.0,5,high_confidence,5.3,0,1,0,0,0,0,0.0,0.0
ChIJ97YKY6rNQIYRux_NCsahfbo,1,3,7,2,0,7,1,140,1996-09-16,Part Time Care,N,NO,NO,NO,144746,Blessed Beginnings Pre-school,HOUSTON,19222 TOMBALL PKWY,77070 3510,Blessed Beginnings Preschool,5.0,55.0,5,high_confidence,29.3,0,0,0,0,0,13,1.857,0.143
ChIJ98br-TVJW4YR3sEZkZ5T1mw,0,3,0,0,0,10,0,37,2022-02-24,"Before School Care,After School Care,Part Time Care",Y,NO,NO,NO,1386535,One Stop Montessori,AUSTIN,9725 CIRCLE DR TRLR A,78736 7939,One Stop Montessori,5.0,18.0,5,high_confidence,3.9,0,1,0,0,0,3,0.3,0.0
ChIJ9QDHr0KXToYRe5mfzMJ94vg,0,0,1,0,0,6,0,61,1994-01-24,"Meals Provided ,Snacks Provided,Drop-In Care,Part Time Care,Field Trips",Y,NO,NO,NO,132066,Jefferson Place Learning and Developmental Center,DALLAS,3430 S MARSALIS AVE,75216 5208,Jefferson's Place Learning Center,4.8,23.0,5,medium_confidence,31.9,0,1,0,0,0,1,0.167,0.0
ChIJ9SCyxLXLRIYR1dUjQ2LfmvM,0,0,1,0,0,5,0,85,2002-02-28,,N,NO,NO,NO,201006,Twin Oaks Montessori Casa Dei Bambini,AUSTIN,7804 NORTHWEST DR,78757 1428,Twin Oaks Montessori,,,0,medium_confidence,23.8,0,0,0,0,0,1,0.2,0.0
ChIJ9TEhxjlYXIYRRl6AxG2ulRY,2,3,1,1,0,9,1,85,2001-03-01,"School Age Care,Before School Care,Meals Provided ,After School Care,Snacks Provided,Transportation to/from School ,Field Trips",Y,NO,NO,NO,162569,Creative Little Minds,SAN ANTONIO,2606 COMMERCIAL AVE,78221 1707,Creative Little Minds,4.5,11.0,5,high_confidence,24.8,0,1,0,0,0,7,0.778,0.222
ChIJ9Tq9W7NfXIYRr9CU2IcI70o,0,6,2,0,0,8,0,130,1987-07-09,"Accredited,Snacks Provided,Part Time Care",N,NO,NO,NO,98511,Discovery School,SAN ANTONIO,222 SALEM DR,78201 2229,Discovery School,5.0,17.0,5,high_confidence,38.5,1,0,0,0,0,8,1.0,0.0
ChIJ9UhzfkhiXIYRXuisd0hBCrw,17,2,3,0,0,34,0,227,2018-03-01,"School Age Care,Before School Care,Meals Provided ,After School Care,Snacks Provided,Part Time Care,Transportation to/from School ,Field Trips",N,YES,NO,NO,1289360,Childrens Lighthouse Learning Center at Stone Oak,SAN ANTONIO,20906 GATHERING OAK,78260 3102,Children's Lighthouse of San Antonio - Stone Oak,4.8,156.0,5,medium_confidence,7.8,0,0,1,0,0,22,0.647,0.5
ChIJ9VSEHe7MRIYRT17GWXf5MrI,0,1,0,0,0,7,0,110,2008-10-02,,N,NO,NO,NO,350256,Arbor Montessori Academy,AUSTIN,11726 JOLLYVILLE RD,78759 3937,Arbor Montessori Academy,5.0,26.0,5,high_confidence,17.2,0,0,0,0,0,1,0.143,0.0
ChIJ9VhxIh2ZToYRmwQQ6Q2U7og,2,3,2,1,0,14,2,300,2014-09-11,"School Age Care,Accredited,Meals Provided ,Snacks Provided,Field Trips",Y,NO,NO,NO,1137541,Vogel Alcove,DALLAS,1738 GANO ST,75215 1210,Vogel Alcove,4.5,23.0,5,high_confidence,11.3,1,1,0,0,0,8,0.571,0.143
ChIJ9WJqYH33XIYReXO5LzDzYhs,0,2,2,0,1,8,0,56,2021-04-15,"School Age Care,Meals Provided ,After School Care,Snacks Provided,Drop-In Care,Skill Classes,Part Time Care,Transportation to/from School ,Field Trips",Y,NO,NO,NO,1362104,Youth Movement Arts & Athletics Club,SAN ANTONIO,2922 E HOUSTON ST,78202 3219,Youth Movement Club,4.7,3.0,3,medium_confidence,4.7,0,1,0,0,0,5,0.625,0.0
ChIJ9XXrKerKQIYRpdriymuUkyA,0,0,0,0,0,6,0,32,2025-05-06,"School Age Care,Before School Care,Meals Provided ,After School Care,Snacks Provided,Drop-In Care,Skill Classes,Part Time Care,Transportation to/from School",Y,NO,NO,NO,1490794,K3 Creative Center #3,HOUSTON,22424 IMPERIAL VALLEY DR STE 900,77073 1162,K3 Creative Center,3.0,12.0,5,high_confidence,0.7,0,1,0,0,0,0,0.0,0.0
ChIJ9YJDMKLIQIYRC0mc34mzf5E,3,12,11,1,2,13,2,104,2000-10-13,"Meals Provided ,Snacks Provided,Part Time Care,Transportation to/from School ,Field Trips",Y,NO,NO,NO,166018,ABC Word Academy,HOUSTON,7350 W T C JESTER BLVD,77088 7468,ABC Word Academy,4.5,10.0,5,high_confidence,25.2,0,1,0,0,0,29,2.231,0.231
ChIJ9Z1uo6nCQIYRuAE5XnOAofw,4,8,6,1,0,8,0,64,2025-04-23,"School Age Care,Before School Care,Meals Provided ,After School Care,Snacks Provided,Part Time Care,Transportation to/from School ,Weekend Care,Field Trips",Y,NO,NO,NO,1483556,Kinderland Daycare,HOUSTON,10012 BISSONNET ST,77036 7802,Kinder Land Daycare,4.9,28.0,5,high_confidence,0.7,0,1,0,0,0,19,2.375,0.5
ChIJ9a_dT7IzW4YR5pSccPsJCgI,12,1,4,0,0,28,0,425,2020-12-14,"School Age Care,Meals Provided ,After School Care,Snacks Provided,Drop-In Care,Skill Classes,Part Time Care,Transportation to/from School ,Field Trips",Y,NO,NO,NO,1356451,Kido International Preschool,AUSTIN,10625 BONAVENTURE DR,78730 2312,Kido International Preschool & After School - River Place,4.5,8.0,5,medium_confidence,5.0,0,1,0,0,0,17,0.607,0.429
ChIJ9af3YNaXQIYR8kgNi9YEbRI,5,7,4,0,0,15,0,170,2022-10-03,"School Age Care,Before School Care,Meals Provided ,After School Care,Snacks Provided,Transportation to/from School ,Field Trips",Y,NO,NO,NO,1397256,The Rock Early Learning Center,HOUSTON,4101 BROADWAY ST,77087 4705,The R.O.C.K. Early Learning Center,4.6,22.0,5,high_confidence,3.2,0,1,0,0,0,16,1.067,0.333
ChIJ9bDPoSN1ToYRACqjs0TojHY,1,6,2,1,0,18,0,86,2017-09-22,"School Age Care,Before School Care,Meals Provided ,After School Care,Snacks Provided,Drop-In Care,Skill Classes,Transportation to/from School ,Field Trips",Y,NO,NO,NO,1284794,Luv 'N' Care Learning Center,FORT WORTH,4451 BOAT CLUB RD,76135 2500,Luv 'N' Care Learning Center,4.2,54.0,5,high_confidence,8.3,0,1,0,0,0,10,0.556,0.056
ChIJ9bYs7RZyToYRta5HyFwsU7M,0,3,2,0,0,7,0,98,1987-02-09,"Skill Classes,Part Time Care,Field Trips",N,NO,NO,NO,96993,Trinity Episcopal School Day Care,FORT WORTH,3425 BELLAIRE DR S,76109 2133,Trinity Episcopal School,5.0,2.0,2,high_confidence,38.9,0,0,0,0,0,5,0.714,0.0
ChIJ9dJ48HTORIYRaQAcx8enyOc,2,10,3,0,0,20,0,253,2009-01-13,"School Age Care,Meals Provided ,After School Care,Part Time Care,Transportation to/from School ,Field Trips",Y,NO,NO,NO,347253,Shoreline Learning Center,AUSTIN,15201 BURNET RD,78728 3505,Shoreline Early Learning Center,4.7,33.0,5,high_confidence,17.0,0,1,0,0,0,15,0.75,0.1
ChIJ9eN6_0zcQIYRbdEz6_TCJhk,1,6,1,0,0,8,0,117,2024-04-22,"School Age Care,Before School Care,Meals Provided ,After School Care,Part Time Care,Transportation to/from School",Y,NO,NO,NO,1463466,Fairland Learning Academy,HOUSTON,3737 SYNOTT RD,77082 5211,Fairland Learning Academy,4.7,31.0,5,high_confidence,1.7,0,1,0,0,0,8,1.0,0.125
ChIJ9f-rWNW9QIYROAGv3-TXdo4,2,4,2,1,0,8,0,60,2023-04-17,"After School Care,Snacks Provided",Y,NO,NO,NO,1419014,YMCA Afterschool @ Carillo Elementary,HOUSTON,960 S WAYSIDE DR,77023 3412,"Carrillo Elementary, A Vanguard Magnet School",,,0,medium_confidence,2.7,0,1,0,0,0,9,1.125,0.25
ChIJ9fdMWtyWQIYRWRcrbAznVCA,0,2,2,0,0,6,0,142,2008-01-03,"School Age Care,Before School Care,Meals Provided ,After School Care,Snacks Provided,Drop-In Care,Part Time Care,Transportation to/from School ,Field Trips",Y,NO,NO,NO,316615,Gulf Meadows Child Development Center,HOUSTON,8012 FUQUA ST,77075 3735,Kids Quest Child Development Center,4.5,27.0,5,medium_confidence,18.0,0,1,0,0,0,4,0.667,0.0
ChIJ9fmT1P1dXIYRPxdVscU-Poc,0,2,2,0,0,10,0,63,2003-08-29,"Meals Provided ,Snacks Provided",Y,NO,NO,NO,220143,"Children's Summit Learning Center, L.L.C",SAN ANTONIO,2250 BENRUS BLVD,78228 3736,"Children's Summit Learning Center, LLC",5.0,5.0,5,high_confidence,22.3,0,1,0,0,0,4,0.4,0.0
ChIJA-R_QEXLRIYRSYyzNgiVW4w,0,1,0,0,0,7,0,111,1990-02-08,"Skill Classes,Part Time Care",N,NO,NO,NO,108467,Covenant Presbyterian Preschool,AUSTIN,3003 NORTHLAND DR,78757 5036,Covenant Presbyterian Preschool,5.0,16.0,5,high_confidence,35.9,0,0,0,0,0,1,0.143,0.0
ChIJA1wzYhfLQIYRCOxTS8CBark,1,9,7,1,1,13,0,102,1998-06-10,"School Age Care,Before School Care,Meals Provided ,After School Care,Snacks Provided,Transportation to/from School ,Field Trips",Y,NO,NO,NO,155432,The Apple Tree School,HOUSTON,17127 RED OAK DR,77090 2600,The Apple Tree School,3.4,77.0,5,high_confidence,27.6,0,1,0,0,0,19,1.462,0.077
ChIJA45yor_DQIYR4Tfpnfcz1tE,3,4,3,1,0,5,0,110,1998-12-10,,Y,NO,NO,NO,156442,Islamic Education Center,HOUSTON,2313 S VOSS RD,77057 3807,Islamic Education Center,4.7,345.0,5,high_confidence,27.1,0,1,0,0,0,11,2.2,0.6
ChIJA4L7092LXIYRDYe7pi5KP14,2,1,1,0,0,11,0,246,2023-12-29,"School Age Care,Meals Provided ,After School Care,Snacks Provided,Part Time Care,Transportation to/from School ,Field Trips",N,NO,NO,NO,1452923,Primrose School at Bulverde Road,SAN ANTONIO,18207 BULVERDE RD,78259 3704,Primrose School at Bulverde Road,4.6,49.0,5,high_confidence,2.0,0,0,0,0,0,4,0.364,0.182
ChIJA5Rk9PquQIYR-uvlnFvg_oQ,4,0,0,0,0,17,0,280,2005-10-13,"Accredited,After School Care,Skill Classes,Field Trips",Y,NO,NO,NO,270361,Primrose School at Summerwood,HOUSTON,14002 W LAKE HOUSTON PKWY,77044 5542,Primrose School at Summerwood,4.7,103.0,5,high_confidence,20.2,1,1,0,0,0,4,0.235,0.235
ChIJA5bzDWJXXIYR8RCQY3lA1W0,0,0,0,0,0,4,0,68,2023-12-19,"School Age Care,After School Care,Part Time Care,Field Trips",N,NO,NO,NO,1464480,Texas A&M University-Campus CARES,SAN ANTONIO,1 UNIVERSITY WAY RM D,78224 3134,Texas A&M University-San Antonio,4.3,339.0,5,medium_confidence,2.0,0,0,0,0,0,0,0.0,0.0
ChIJA5uUOXvbQIYRZGOGaHVugVU,6,13,6,2,1,7,1,169,1990-03-29,"Accredited,Field Trips",N,NO,NO,NO,96770,Christ Memorial Lutheran Preschool,HOUSTON,14200 MEMORIAL DR,77079 6702,Christ Memorial Lutheran Early Childhood Learning Center,,,0,medium_confidence,35.8,1,0,0,0,0,28,4.0,0.857
ChIJA7_Vs2-gToYRqZxo-HabeMI,0,2,2,0,0,6,0,75,2013-11-06,"Before School Care,After School Care,Snacks Provided",Y,NO,NO,NO,1107473,Richardson ISD  Northlake Elementary,DALLAS,10059 RAVENSWAY DR,75238 1857,Northlake Elementary School,,,0,medium_confidence,12.2,0,1,0,0,0,4,0.667,0.0
ChIJA9JkJShhXIYRH71j1DgXCOc,8,8,8,2,1,17,0,73,2021-12-17,"School Age Care,Before School Care,After School Care,Snacks Provided,Skill Classes,Part Time Care",N,NO,NO,NO,1383976,International School of  San Antonio,SAN ANTONIO,6739 CALLAGHAN RD,78229 4644,International School of San Antonio,5.0,1.0,1,high_confidence,4.0,0,0,0,0,0,27,1.588,0.471
ChIJAQA7YKWwQIYRmDIvLPaC-es,10,22,10,2,0,38,0,73,2019-06-27,"School Age Care,Before School Care,Meals Provided ,After School Care,Snacks Provided,Drop-In Care,Part Time Care,Transportation to/from School ,Field Trips",Y,NO,NO,NO,1321220,Eli's Learning Academy,HOUSTON,5941 MOHAWK ST,77016 1860,Eli's Learning Academy,4.0,4.0,4,high_confidence,6.5,0,1,0,0,0,44,1.158,0.263
ChIJAQAEKdRxToYRcKGQMlWoxi0,1,2,1,0,1,12,0,47,2021-04-01,"School Age Care,Before School Care,Accredited,Meals Provided ,After School Care,Snacks Provided,Drop-In Care,Skill Classes,Transportation to/from School",N,NO,NO,NO,1356752,"The Wynn Academy, LLC",FORT WORTH,4067 FAIR PARK BLVD,76115 1743,The Wynn Academy,4.5,17.0,5,high_confidence,4.8,1,0,0,0,0,5,0.417,0.083
ChIJAQAQ9OnpQIYR78C1TSqYPEg,0,0,0,0,0,6,0,97,2000-03-24,"Meals Provided ,Snacks Provided",N,NO,NO,NO,163146,Albury Head Start NCI,HOUSTON,11125 ALBURY DR,77096 5708,Albury Head Start,5.0,6.0,5,high_confidence,25.8,0,0,0,0,0,0,0.0,0.0
ChIJAQBA8zrcQIYR9HaFb4vYKc0,7,14,9,3,0,9,3,98,2019-05-08,"School Age Care,Before School Care,Meals Provided ,After School Care,Snacks Provided,Drop-In Care,Part Time Care,Transportation to/from School ,Field Trips",Y,NO,NO,NO,1302830,Living Word Academy,HOUSTON,13833 RICHMOND AVE,77082 1712,Living Word Academy,4.9,8.0,5,high_confidence,6.7,0,1,0,0,0,33,3.667,0.778
ChIJAQBwZWGXQIYRni0YN58SlXc,5,5,5,0,1,8,1,75,2019-04-11,"School Age Care,Before School Care,Meals Provided ,After School Care,Snacks Provided,Drop-In Care,Part Time Care,Transportation to/from School ,Field Trips",Y,NO,NO,NO,1316358,Inspire Me Learning Center,HOUSTON,10100 KLECKLEY DR STE A2,77075 3418,Inspire Me Learning Center,5.0,36.0,5,high_confidence,6.7,0,1,0,0,0,16,2.0,0.625
ChIJAQC8Kii5QIYRmjsXSzaoKpE,2,2,4,0,0,5,0,72,2025-07-18,"Meals Provided ,Snacks Provided",N,NO,NO,NO,1495069,Project One Day,HOUSTON,7000 BELLAIRE BLVD,77074 3504,Project One Day,4.1,13.0,5,high_confidence,0.5,0,0,0,0,0,8,1.6,0.4
ChIJAQCM5zRZXIYR5_f3-XaFjRs,0,4,5,0,0,9,0,61,2002-07-22,"School Age Care,After School Care,Snacks Provided,Part Time Care,Transportation to/from School ,Field Trips",Y,NO,NO,NO,199229,Beanie Learning Center,SAN ANTONIO,106 LAS PALMAS DR,78237 3104,Beanie Learning Center,4.4,9.0,5,high_confidence,23.4,0,1,0,0,0,9,1.0,0.0
ChIJAQCkeaTrQIYRygcEKk3bIjc,2,18,12,0,0,11,0,25,2019-09-30,"School Age Care,Meals Provided ,Snacks Provided,Drop-In Care,Skill Classes,Part Time Care",Y,NO,NO,NO,1329513,Loadz of Love,HOUSTON,14614 MONRAD DR,77045 6233,Loadz of Love,4.5,6.0,5,high_confidence,6.3,0,1,0,0,0,32,2.909,0.182
ChIJAQCwcLxzToYRbZQh4ZnUlvo,1,4,1,0,0,8,0,120,1986-06-03,,N,NO,NO,NO,95168,Mildred Haupt Preschool,FORT WORTH,4200 CAMP BOWIE BLVD,76107 3929,Haupt Preschool,,,0,medium_confidence,39.6,0,0,0,0,0,6,0.75,0.125
ChIJAQD8SX-hToYRA4JNRvyrbW8,1,1,1,0,0,16,0,101,2024-08-15,"School Age Care,Before School Care,Accredited,Meals Provided ,After School Care,Snacks Provided,Skill Classes,Part Time Care,Field Trips",Y,NO,NO,NO,1447623,"Cosmos Montessori, LLC",DALLAS,8250 FERGUSON RD,75228 5852,Cosmos Montessori,,,0,high_confidence,1.4,1,1,0,0,0,3,0.188,0.062
ChIJAQDQL4T1XIYRPxzv7-oxCVA,7,4,3,2,0,20,1,160,2015-02-24,"Accredited,Snacks Provided,Part Time Care,Transportation to/from School ,Field Trips",N,NO,NO,NO,1159019,San Antonio Zoo School,SAN ANTONIO,103 TULETA DR,78212 3176,San Antonio Zoo School,5.0,6.0,5,high_confidence,10.9,1,0,0,0,0,16,0.8,0.35
ChIJAQDQSYnAQIYRtWZhp9H5ZMs,2,8,1,0,0,11,0,54,2018-08-30,"School Age Care,Accredited,Meals Provided ,Snacks Provided,Drop-In Care,Part Time Care",N,NO,NO,NO,1301339,Children's Hour Montessori,HOUSTON,1913 SOUTHWEST FWY STE B,77098 4809,Childrens Hour Montessori LLC,,,0,high_confidence,7.3,1,0,0,0,0,11,1.0,0.182
ChIJAQDU56-wQIYR7-cO7bnIhWY,6,10,2,1,0,10,1,39,2015-08-28,"School Age Care,Before School Care,Meals Provided ,After School Care,Snacks Provided,Drop-In Care,Part Time Care,Transportation to/from School ,Field Trips",Y,NO,NO,NO,1173945,Mrs. Nikkis Childcare & Academic Center,HOUSTON,11131 HOMESTEAD RD,77016 1907,Mrs Nikki's Childcare & Academic Center,4.8,4.0,4,high_confidence,10.3,0,1,0,0,0,19,1.9,0.6
ChIJAQDwx2nXQIYRq2oKtlGbHOo,2,6,0,1,0,12,0,70,2022-11-23,"School Age Care,Before School Care,Meals Provided ,After School Care,Snacks Provided,Transportation to/from School ,Field Trips",Y,NO,NO,NO,1389237,Texas Jump N Learn School Care,HOUSTON,6520 QUEENSTON BLVD,77084 8055,Texas Jump N Learn,5.0,8.0,5,medium_confidence,3.1,0,1,0,0,0,9,0.75,0.167
ChIJAQbhCjnfTYYRlf9u79cMz94,1,2,1,0,0,10,0,65,2008-02-22,"School Age Care,After School Care,Snacks Provided,Part Time Care",Y,NO,NO,NO,323425,Comanche Springs Elementary - Northwest YMCA,FORT WORTH,8100 COMANCHE SPRINGS DR,76131 4569,Comanche Springs Elementary,,,0,medium_confidence,17.9,0,1,0,0,0,4,0.4,0.1
ChIJASkEdMz2XIYRmxyuzGvby_4,1,4,1,0,0,10,1,100,2022-01-04,"School Age Care,Meals Provided ,After School Care,Snacks Provided",N,NO,NO,NO,1385801,Y School Age @ Hirsch,SAN ANTONIO,4826 SEABREEZE DR,78220 4809,Herman Hirsch Elementary School,,,0,medium_confidence,4.0,0,0,0,0,0,6,0.6,0.1
ChIJAUfF8GjXQIYRo2LEy8Q1dQQ,8,20,9,0,0,16,1,181,2011-12-06,"School Age Care,Before School Care,Meals Provided ,After School Care,Snacks Provided,Drop-In Care,Part Time Care,Transportation to/from School ,Field Trips",Y,NO,NO,NO,879588,Blooming Daisies Learning Center,HOUSTON,17118 W LITTLE YORK RD STE 101,77084 6833,Blooming Daisies Learning Center,4.8,165.0,5,high_confidence,14.1,0,1,0,0,0,37,2.312,0.5
ChIJAX1tNPu1RIYRXUNB0cJrFVQ,2,0,3,0,0,8,0,46,2024-08-12,,N,NO,NO,NO,1469718,Mockingbird Centers,AUSTIN,4422 GILLIS ST,78745 1018,Mockingbird MicroSchool,5.0,29.0,5,medium_confidence,1.4,0,0,0,0,0,5,0.625,0.25
ChIJAXhaAVLKRIYR7lmBapBmnNI,1,5,0,0,0,10,0,137,2023-02-24,"School Age Care,After School Care,Snacks Provided,Field Trips",Y,NO,NO,NO,1416344,Brentwood EAC YMCA,AUSTIN,6703 YATES AVE,78757,Brentwood Elementary School,,,0,medium_confidence,2.9,0,1,0,0,0,6,0.6,0.1
ChIJAYKMedY1W4YRq4eu9u43__Y,0,7,3,1,0,7,0,97,2000-06-22,,N,NO,NO,NO,160552,Lake Hills Montessori,AUSTIN,600 N CUERNAVACA DR,78733 3212,Lake Hills Montessori,4.0,8.0,5,high_confidence,25.5,0,0,0,0,0,11,1.571,0.0
ChIJAZNjgwbMRIYR4wxM-8RiQac,3,5,4,0,0,16,0,332,2002-04-23,"School Age Care,Before School Care,Accredited,Meals Provided ,After School Care,Snacks Provided,Drop-In Care,Skill Classes,Part Time Care,Transportation to/from School ,Field Trips",Y,NO,NO,NO,195084,Childrens Courtyard,AUSTIN,11718 METRIC BLVD BLDG C,78758 3203,The Children's Courtyard of Austin,3.6,33.0,5,medium_confidence,23.7,1,1,0,0,0,12,0.75,0.188
ChIJAbYQn-nBQIYRQtZrD9JbIaM,3,8,4,0,0,8,0,32,2021-05-14,"Meals Provided ,Snacks Provided,Drop-In Care,Skill Classes",N,NO,NO,NO,1364179,Rice Village Childcare Center,HOUSTON,2434 SUNSET BLVD,77005 1432,Rice Village Childcare Center,4.7,23.0,5,high_confidence,4.6,0,0,0,0,0,15,1.875,0.375
ChIJAbpjYAjYTYYRtsxMwTRdz0M,0,0,0,0,0,7,0,119,2003-01-29,"School Age Care,Before School Care,After School Care,Snacks Provided,Transportation to/from School ,Field Trips",Y,NO,NO,NO,210846,Clayton Youth Enrichment @ Bluebonnet Elementary,FORT WORTH,7000 TEAL DR,76137 3303,Bluebonnet Elementary School,,,0,medium_confidence,22.9,0,1,0,0,0,0,0.0,0.0
ChIJAbvEcv7KQIYRFNeMxum3zj0,0,0,4,0,0,5,0,100,2018-11-30,"School Age Care,Before School Care,After School Care,Snacks Provided",Y,NO,NO,NO,1313353,Meyer Elementary Koala Kare,HOUSTON,16330 FOREST WAY DR,77090 4717,Meyer Elementary School,,,0,medium_confidence,7.1,0,1,0,0,0,4,0.8,0.0
ChIJAchiKgFiXIYRAZy1QdFVKtU,1,9,4,0,0,27,1,333,2003-12-12,"School Age Care,Before School Care,Accredited,Get Well Care,Meals Provided ,After School Care,Snacks Provided,Part Time Care,Transportation to/from School ,Field Trips",Y,NO,NO,NO,226810,LeafSpring School at Sonterra,SAN ANTONIO,322 E SONTERRA BLVD,78258 3964,LeafSpring School at Sonterra,4.2,30.0,5,high_confidence,22.1,1,1,0,0,0,14,0.519,0.037
ChIJAdrw5lOKXIYRvgtKPYN_OGI,0,0,0,0,0,1,0,44,2026-03-30,"School Age Care,Meals Provided ,After School Care,Snacks Provided,Skill Classes,Part Time Care,Weekend Care",N,NO,NO,NO,1525595,Manifest Early Learning Academy,SAN ANTONIO,2738 SHINGLE OAK DR,78247 3739,SOA Child Learning Center,3.7,9.0,5,medium_confidence,0.0,0,0,0,0,0,0,0.0,0.0
ChIJAea2RzFYXIYRYvmK2_6v9eY,0,2,2,1,0,8,0,47,2024-10-24,"Meals Provided ,Snacks Provided",N,NO,NO,NO,1477927,Vestal Early Head Start,SAN ANTONIO,1102 CANTRELL DR BLDG 3,78221 2207,Vestal Elementary School,,,0,medium_confidence,1.2,0,0,0,0,0,5,0.625,0.0
ChIJAeeEgDdZXIYR5Ol6SH74118,4,13,4,0,0,15,0,57,1998-05-26,"Meals Provided ,After School Care,Snacks Provided,Drop-In Care,Part Time Care,Transportation to/from School ,Field Trips",Y,NO,NO,NO,153422,Little Smiles Day Care,SAN ANTONIO,508 CUPPLES RD # 5,78237 3925,Little Smiles Day Care,4.3,11.0,5,high_confidence,27.6,0,1,0,0,0,21,1.4,0.267
ChIJAfN_MI7pQIYRExBajI5vOqc,8,12,11,1,0,13,2,82,2017-02-02,"School Age Care,Before School Care,Meals Provided ,After School Care,Snacks Provided,Drop-In Care,Transportation to/from School ,Field Trips",Y,NO,NO,NO,1254024,Crimson Early Learning Center,HOUSTON,10101 BISSONNET ST STE T,77036 7835,Crimson Early Learning Center,4.4,13.0,5,high_confidence,8.9,0,1,0,0,0,32,2.462,0.615
ChIJAfZnd25DXIYRaJz21bDe_5k,0,5,1,0,0,14,0,60,2022-03-01,"School Age Care,Meals Provided ,Snacks Provided",Y,NO,NO,NO,1386675,Head Start Cody Elementary,SAN ANTONIO,10403 DUGAS DR,78245 1037,Ed Cody Elementary School,,,0,medium_confidence,3.8,0,1,0,0,0,6,0.429,0.0
ChIJAwrcRPrWQIYRPVp-AD5EMOo,5,4,1,0,0,14,0,175,2006-04-19,"After School Care,Part Time Care,Transportation to/from School ,Field Trips",Y,NO,NO,NO,284601,Building Blocks Academy Cypress,HOUSTON,17800 WEST RD,77095 5565,Building Blocks Academy Cypress,4.3,40.0,5,high_confidence,19.7,0,1,0,0,0,10,0.714,0.357
ChIJAxX6Al3LRIYRfCdZk1eXbeI,1,1,1,0,0,6,0,37,2025-03-18,"Before School Care,Meals Provided ,After School Care,Snacks Provided,Drop-In Care,Part Time Care,Field Trips",N,NO,NO,NO,1484854,Cielito Lindo Spanish Immersion Preschool III,AUSTIN,8203 SAM RAYBURN DR,78753 6021,Cielito Lindo Spanish Immersion Preschool 3,5.0,5.0,5,high_confidence,0.8,0,0,0,0,0,3,0.5,0.167
ChIJAy-10PrJRIYRc32ybgFelug,0,6,2,0,0,9,0,48,2002-11-25,"Snacks Provided,Drop-In Care,Part Time Care",Y,NO,NO,NO,216832,Rosies Day Care,AUSTIN,7512 CAMERON RD,78752 2018,Rosie's Day Care Inc.,4.1,13.0,5,high_confidence,23.1,0,1,0,0,0,8,0.889,0.0
ChIJAyC_1BuaQIYRSQZHyRqb62E,3,6,6,1,0,12,1,88,2020-10-01,"School Age Care,Meals Provided ,After School Care,Snacks Provided,Part Time Care,Transportation to/from School",Y,NO,NO,NO,1358673,Big Dreams Learning Center,HOUSTON,10904 SCARSDALE BLVD STE 300,77089 6035,Big Dreams Learning Center,4.1,54.0,5,high_confidence,5.3,0,1,0,0,0,16,1.333,0.25
ChIJB-6wgJf3XIYRU4DCuoG5XhM,5,6,1,0,0,30,0,470,2014-02-24,"Accredited,Meals Provided ,After School Care,Snacks Provided,Transportation to/from School ,Field Trips",N,NO,NO,NO,1118308,Pre-K 4 SA - South Education Center,SAN ANTONIO,3510 S WW WHITE RD,78222 5018,Pre-K 4 SA - South Education Center,4.1,22.0,5,high_confidence,11.9,1,0,0,0,0,12,0.4,0.167
ChIJB1jzyEXJRIYRFVkRs301hc0,24,52,36,0,0,70,6,63,2011-12-12,"School Age Care,After School Care,Snacks Provided,Part Time Care",Y,YES,NO,NO,785688,Papa & Nanas Child Care,AUSTIN,11301 HORNSBY ST,78753 2625,Papa & Nanas Child Care,4.3,15.0,5,high_confidence,14.1,0,1,1,0,0,112,1.6,0.343
ChIJB2S170jLQIYR1YyLlSKJBgc,8,13,7,1,2,17,1,131,2023-05-03,"School Age Care,Before School Care,Meals Provided ,After School Care,Drop-In Care,Part Time Care,Transportation to/from School ,Field Trips",Y,NO,NO,NO,1420651,Learning Tree Daycare,HOUSTON,2105 CYPRESS LANDING DR,77090 3601,Learning Tree Daycare,5.0,37.0,5,high_confidence,2.7,0,1,0,0,0,31,1.824,0.471
ChIJB2WisgzeQIYRs3heClpEy1Q,6,7,0,0,0,25,0,95,2018-10-22,"School Age Care,Before School Care,Meals Provided ,After School Care,Snacks Provided,Drop-In Care,Part Time Care,Transportation to/from School ,Weekend Care",Y,NO,NO,NO,1305834,Child Foundation Academy,HOUSTON,15016 LINDITA DR,77083 4416,CHILD FOUNDATION ACADEMY,1.0,3.0,3,high_confidence,7.2,0,1,0,0,0,13,0.52,0.24
ChIJB2cIew9nXIYRswzY6Wu7flY,6,5,2,0,1,21,0,136,2004-10-25,"Meals Provided ,Snacks Provided,Drop-In Care,Skill Classes,Part Time Care",Y,NO,NO,NO,251638,Just Kids Christian Learning Center and Child Care,SAN ANTONIO,6204 PRUE RD,78240 2035,Just Kids Christian Academy,4.5,73.0,5,medium_confidence,21.2,0,1,0,0,0,14,0.667,0.286
ChIJB49bS4ikQIYREsMk_FsPkN4,2,4,0,0,1,6,0,93,2014-07-11,"School Age Care,Before School Care,Meals Provided ,After School Care,Snacks Provided,Drop-In Care,Part Time Care,Transportation to/from School ,Field Trips,Night Care",Y,NO,NO,NO,1133177,Annointed Christian Childcare & Academy II,HOUSTON,360 UVALDE RD,77015 2213,Annointed Christian Academy,5.0,10.0,5,medium_confidence,11.5,0,1,0,0,0,7,1.167,0.333
ChIJB5tcXrGfToYR5n0R2vjsqP0,5,4,0,1,0,9,1,324,1985-12-20,"Accredited,After School Care,Part Time Care,Field Trips",N,NO,NO,NO,97498,Temple Emanu El Preschool,DALLAS,8500 HILLCREST AVE,75225 4204,Temple Emanu-El,4.8,102.0,5,medium_confidence,40.0,1,0,0,0,0,10,1.111,0.556
ChIJB7Ra5_O1RIYRIhEaxbTDhaM,2,3,1,0,0,10,1,85,2013-11-06,"After School Care,Skill Classes,Part Time Care",N,NO,NO,NO,1105160,Creative Action After School @ Maplewood Elementary,AUSTIN,3808 MAPLEWOOD AVE,78722 1514,Maplewood Elementary School,,,0,medium_confidence,12.2,0,0,0,0,0,6,0.6,0.2
ChIJBRQiefx3ToYRkNHNPZyjNew,3,2,1,0,0,8,0,115,2003-10-30,"Accredited,Meals Provided ,Snacks Provided,Part Time Care",N,NO,NO,NO,237372,Mercy Culture Preschool,FORT WORTH,1401 OAKHURST SCENIC DR,76111 1460,Mercy Culture Preparatory,4.1,51.0,5,medium_confidence,22.2,1,0,0,0,0,6,0.75,0.375
ChIJBRRzc56uQIYReaUxAx6CM28,8,15,4,1,0,21,2,377,2024-10-30,"School Age Care,Before School Care,Accredited,Meals Provided ,After School Care,Snacks Provided,Part Time Care,Transportation to/from School ,Field Trips",Y,NO,NO,NO,1467660,Kids R Kids of Lakeshore,HOUSTON,16325 W LAKE HOUSTON PKWY,77044 5679,Kids ‘R’ Kids Learning Academy of Lakeshore,4.3,49.0,5,medium_confidence,1.2,1,1,0,0,0,28,1.333,0.381
ChIJBTyq9QPLRIYR50N7WIsyLgY,1,11,8,1,0,9,0,123,1990-11-15,"Accredited,After School Care,Snacks Provided,Part Time Care",N,NO,NO,NO,118583,Austin Montessori School Great Northern Campus,AUSTIN,6817 GREAT NORTHERN BLVD,78757 4356,Austin Montessori School - Great Northern Campus,,,0,high_confidence,35.1,1,0,0,0,0,21,2.333,0.111
ChIJBV62VMkgTIYREF0Zl-_YQyc,0,2,2,0,0,3,1,50,2025-09-12,"After School Care,Snacks Provided",N,NO,NO,NO,1511141,YMCA at Nathan Adams Elementary School,DALLAS,12600 WELCH RD,75244 6950,Nathan Adams Elementary School,,,0,high_confidence,0.3,0,0,0,0,0,4,1.333,0.0
ChIJBXnQ8XDDQIYR28xKaz-9MgM,3,4,3,0,0,14,0,85,2019-08-30,"School Age Care,Before School Care,Meals Provided ,After School Care,Snacks Provided,Drop-In Care,Skill Classes,Part Time Care,Field Trips",Y,NO,NO,NO,1313681,Early Learning Prep,HOUSTON,10560 FUQUA ST,77089 1402,Early Learning Preparatory,5.0,20.0,5,high_confidence,6.3,0,1,0,0,0,10,0.714,0.214
ChIJBYMYq1fYQIYRE9eUndv8AGc,2,1,5,1,0,6,1,139,1987-02-10,"After School Care,Part Time Care,Transportation to/from School ,Night Care",N,NO,NO,NO,102543,Katy ISD East Transportation,HOUSTON,2901 DULANEY RD,77084 4432,East Transportation Center,,,0,medium_confidence,38.9,0,0,0,0,0,9,1.5,0.333
ChIJBZpAzjEiTIYRXLsIlnqqOEE,0,4,1,0,0,7,0,204,2007-05-22,"Accredited,After School Care,Part Time Care",N,NO,NO,NO,298696,Ann & Nate Levine Early Childcare Center,DALLAS,18011 HILLCREST RD,75252 5863,Ann & Nate Levine Academy,,,0,medium_confidence,18.6,1,0,0,0,0,5,0.714,0.0
ChIJB_-Wc0vAQIYRFXkUxE9UUWw,2,5,5,0,0,8,1,227,2018-08-03,"Meals Provided ,Snacks Provided,Drop-In Care,Part Time Care,Field Trips",N,NO,NO,NO,1298441,The Learning Experience Bellaire,HOUSTON,3701 BELLAIRE BLVD,77025 1206,The Learning Experience - West University,4.3,85.0,5,medium_confidence,7.4,0,0,0,0,0,12,1.5,0.25
ChIJB_aMMkbLQIYRokPKXvNK68k,2,0,1,0,0,9,0,38,2020-11-18,"School Age Care,Meals Provided ,After School Care,Snacks Provided,Transportation to/from School",Y,NO,NO,NO,1349854,Sweet  Peas Daycare Academy,HOUSTON,717B DUNSON GLEN DR,77090 5365,Sweet Peas Daycare Academy,5.0,7.0,5,high_confidence,5.1,0,1,0,0,0,3,0.333,0.222
ChIJB_w88wreQIYRTVlsAuhE-KU,3,7,2,0,0,8,0,60,2011-11-30,"School Age Care,Before School Care,Meals Provided ,After School Care,Snacks Provided,Drop-In Care,Part Time Care,Transportation to/from School",Y,NO,NO,NO,879392,Little Einstein's Learning Academy,HOUSTON,14633 BEECHNUT ST,77083 4436,Little Einstein's Learning Academy,5.0,19.0,5,high_confidence,14.1,0,1,0,0,0,12,1.5,0.375
ChIJBbGUgMm1RIYRNy3mPtINUDM,0,3,4,0,0,7,2,70,2013-01-22,"School Age Care,After School Care,Snacks Provided,Skill Classes,Transportation to/from School ,Field Trips",N,NO,NO,NO,1070408,UT Elementary YMCA,AUSTIN,2200 E 6TH ST,78702 3457,UT Elementary Charter School,,,0,medium_confidence,12.9,0,0,0,0,0,7,1.0,0.0
ChIJBbIp4DnRQIYR-Ip_VdVkg9Y,0,1,0,0,0,7,0,56,1993-03-25,"Part Time Care,Field Trips",Y,NO,NO,NO,126200,Cypress Falls High School,HOUSTON,9811 HUFFMEISTER RD,77095 2307,Cypress Falls High School,,,0,high_confidence,32.8,0,1,0,0,0,1,0.143,0.0
ChIJBbUx871HW4YR64Xd6cj8smM,0,0,1,0,0,4,0,187,2025-09-02,"School Age Care,Before School Care,Meals Provided ,After School Care,Snacks Provided,Part Time Care",N,NO,NO,NO,1512953,The Learning Experience,AUSTIN,12400 W US HIGHWAY 290,78737 9437,The Learning Experience - Austin Dripping Springs,5.0,3.0,3,medium_confidence,0.3,0,0,0,0,0,1,0.25,0.0
ChIJBdv_yXAMToYR0e7cGnyU4gk,10,24,10,1,0,28,0,132,1989-07-22,"School Age Care,Before School Care,Meals Provided ,After School Care,Snacks Provided,Part Time Care,Transportation to/from School ,Field Trips",Y,NO,NO,NO,97174,La Petite Academy,FORT WORTH,9917 WHITE SETTLEMENT RD,76108 4115,La Petite Academy on White Settlement Road,4.0,51.0,5,medium_confidence,36.4,0,1,0,0,0,45,1.607,0.357
ChIJBeME8Zi8QIYRL2beSJ3HNU0,0,2,2,0,0,5,0,34,2007-09-05,Part Time Care,N,NO,NO,NO,324019,Jacinto City Preschool,HOUSTON,10205 CHALLENGER 7 DR,77029 2009,Jacinto City Preschool,3.0,2.0,2,high_confidence,18.3,0,0,0,0,0,4,0.8,0.0
ChIJBeRhL_PeQIYRa0NpzRuSMB0,2,10,8,2,0,6,1,60,2019-04-15,"School Age Care,Before School Care,Meals Provided ,After School Care,Snacks Provided,Part Time Care,Transportation to/from School",N,NO,NO,NO,1319501,Early Discovery Montessori Academy,HOUSTON,15985 WESTHEIMER RD,77082 1234,Early Discovery Montessori Academy,4.3,7.0,5,high_confidence,6.7,0,0,0,0,0,22,3.667,0.333
ChIJBfMwQnCzRIYR22SadOFlM4k,1,4,3,0,0,11,0,39,2024-02-13,"School Age Care,After School Care,Snacks Provided,Drop-In Care",N,NO,NO,NO,1459818,The Little Blue Montessori School,AUSTIN,7504 COLTON BLUFF SPRINGS RD,78744 8408,The Little Blue Montessori School,,,0,high_confidence,1.9,0,0,0,0,0,8,0.727,0.091
ChIJBfR-ZNSbToYR5BOkhQ9QFNI,1,5,1,0,0,8,0,51,2025-03-26,"Snacks Provided,Part Time Care",N,NO,NO,NO,1483216,The Kessler School Early Childhood Center,DALLAS,1822 W 10TH ST,75208 5730,The Kessler School,,,0,medium_confidence,0.8,0,0,0,0,0,7,0.875,0.125
ChIJBfW5eY6XQIYR2HwI-sFdxwQ,3,2,0,0,0,14,0,136,2022-01-28,"School Age Care,Before School Care,Accredited,Meals Provided ,After School Care,Snacks Provided,Drop-In Care,Part Time Care",Y,NO,NO,NO,1383176,KCE Champions LLC @ KIPP,HOUSTON,8805 FERNDALE,77017 6515,Champions at KIPP Climb Academy,5.0,1.0,1,medium_confidence,3.9,1,1,0,0,0,5,0.357,0.214
ChIJBwEekblLW4YRos_aOLNZUJE,0,2,0,1,1,7,0,99,2008-04-10,"School Age Care,Before School Care,Meals Provided ,After School Care,Snacks Provided,Drop-In Care,Part Time Care",Y,NO,NO,NO,334571,Ashford Montessori,AUSTIN,5906 WESTCREEK DR,78749 1350,Ashford Montessori,,,0,high_confidence,17.7,0,1,0,0,0,4,0.571,0.0
ChIJBy7uHjCWQIYRUxEUjdViOIA,8,16,18,6,0,46,6,151,2022-09-14,"School Age Care,Before School Care,Meals Provided ,After School Care,Snacks Provided,Drop-In Care,Part Time Care,Field Trips",Y,NO,NO,NO,1396407,Safe Zone Childcare Center,HOUSTON,6629 BELLFORT ST,77087 6409,Bellfort Street KinderCare,4.6,46.0,5,medium_confidence,3.3,0,1,0,0,0,48,1.043,0.174
ChIJC-4XulttToYROqsl5WTvopU,2,1,0,0,0,8,0,75,2020-01-15,"School Age Care,Snacks Provided,Drop-In Care",Y,NO,NO,NO,1336008,Clayton Youth Enrichment @ June Davis Elementary,FORT WORTH,6301 ROCKROSE TRAIL,76123,June W. Davis Elementary School,,,0,medium_confidence,6.0,0,1,0,0,0,3,0.375,0.25
ChIJC-RQ-Qa1RIYRtnxgpT3huS8,0,0,2,1,0,6,0,29,2021-02-03,"School Age Care,Before School Care,After School Care,Field Trips",Y,NO,NO,NO,1371168,Mi Casita Austin Montessori,AUSTIN,1211 PARKWAY,78703 4132,Mi Casita Montessori,5.0,7.0,5,high_confidence,4.9,0,1,0,0,0,3,0.5,0.0
ChIJC0KfXECfToYRdtAXb4EY-lE,5,3,1,1,0,18,0,170,2022-09-16,"Meals Provided ,Snacks Provided,Part Time Care",N,NO,NO,NO,1396615,Merit Children's Academy Lakewood,DALLAS,6210 E MOCKINGBIRD LN,75214 2619,Merit Children's Academy,4.4,14.0,5,high_confidence,3.3,0,0,0,0,0,10,0.556,0.278
ChIJC0TYJNSYToYRmrkSpt1ea1k,2,1,3,0,0,11,0,60,2024-08-23,"Meals Provided ,Skill Classes,Field Trips",N,NO,NO,NO,1471634,Roseland Homes Head Start/ Early Head Start,DALLAS,2011 N WASHINGTON AVE,75204 4244,Head Start At Roseland Homes,4.3,4.0,4,medium_confidence,1.4,0,0,0,0,0,6,0.545,0.182
ChIJC0ThmT9DXIYR2etO1ctQRAg,2,14,1,0,1,20,0,59,2021-11-19,"Meals Provided ,Snacks Provided",Y,NO,NO,NO,1376607,Tiny Treasures Daycare & Learning Center,SAN ANTONIO,9714 POTRANCO RD STE 115,78251 9617,Tiny Treasures Daycare & Learning Center,4.0,47.0,5,high_confidence,4.1,0,1,0,0,0,18,0.9,0.1
ChIJC11pW7HOQIYRG-_5PrSdpTI,7,16,13,1,1,15,0,244,2007-02-23,"Before School Care,Meals Provided ,After School Care,Snacks Provided,Drop-In Care,Part Time Care,Transportation to/from School ,Field Trips,Night Care",Y,NO,NO,NO,302589,Big Dreams & Lil Wonders Christian Academy # 2,HOUSTON,11944 VETERANS MEMORIAL DR,77067 1834,Big Dreams & Lil Wonders Christian Academy,4.7,49.0,5,high_confidence,18.9,0,1,0,0,0,38,2.533,0.467
ChIJC1B3GGpZXIYRiIBVXxVstSY,3,9,4,1,0,22,0,48,2010-01-05,"Meals Provided ,After School Care,Snacks Provided,Drop-In Care,Skill Classes,Part Time Care,Transportation to/from School ,Field Trips",Y,NO,NO,NO,465028,A-2-Z Learning Center,SAN ANTONIO,160 DARSON MARIE DR,78226 1224,A-2-Z Learning Center,4.4,9.0,5,high_confidence,16.0,0,1,0,0,0,17,0.773,0.136
ChIJC3WHWZNLW4YRz_PQeLjdvIY,0,0,0,0,0,7,0,70,2019-01-23,Part Time Care,N,NO,NO,NO,1311811,St. Catherine of Siena Preschool,AUSTIN,4800 CONVICT HILL RD,78749 2202,St. Catherine of Siena Catholic Church,4.7,202.0,5,medium_confidence,6.9,0,0,0,0,0,0,0.0,0.0
ChIJC6AzRB6iToYRra1jX9-r3Is,3,9,2,0,0,8,2,90,2015-04-20,"School Age Care,After School Care,Snacks Provided",Y,NO,NO,NO,1156284,YMCA @ Eduardo Mata Elementary,DALLAS,7420 LA VISTA DR,75214 4230,Eduardo Mata Elementary School,,,0,high_confidence,10.7,0,1,0,0,0,14,1.75,0.375
ChIJC6K70_mUQIYR-ltvaubKeE8,7,11,8,2,0,8,2,31,2015-04-27,"School Age Care,Before School Care,Meals Provided ,After School Care,Snacks Provided,Skill Classes,Part Time Care,Transportation to/from School ,Field Trips",Y,NO,NO,NO,1158796,All Beautiful Children Enrichment Learning Center,HOUSTON,12805 CULLEN BLVD STE D,77047 3760,All Beautiful Children Enrichment Learning Center,4.9,17.0,5,high_confidence,10.7,0,1,0,0,0,28,3.5,0.875
ChIJC8tNyyecQIYRKKrg_Wn6LHI,5,17,8,0,0,10,0,126,2017-01-27,"School Age Care,Before School Care,After School Care,Field Trips",N,NO,NO,NO,1264770,Armand Bayou Montessori School,HOUSTON,16204 HICKORY KNOLL DR,77059 5309,Armand Bayou Montessori School,4.2,22.0,5,high_confidence,8.9,0,0,0,0,0,30,3.0,0.5
ChIJC9HvTPuOToYRHPv89rK4Jg0,1,0,1,0,0,3,0,50,2026-04-02,"School Age Care,Before School Care,After School Care,Snacks Provided,Drop-In Care,Part Time Care",N,NO,NO,NO,1522554,Right at School at Hyman Elementary,DALLAS,8441 FOX CREEK TRL,75249 2203,Hyman Elementary School,,,0,medium_confidence,0.0,0,0,0,0,0,2,0.667,0.333
ChIJCQ-yrBPAQIYR9RRnwB1LSzc,6,4,4,0,0,11,0,130,2018-06-14,"Meals Provided ,Snacks Provided",N,NO,NO,NO,1296839,Houston Methodist Childcare Center,HOUSTON,2100 S BRAESWOOD BLVD,77030 4402,Houston Methodist Child Care Center,4.2,20.0,5,high_confidence,7.6,0,0,0,0,0,14,1.273,0.545
ChIJCRB44TJLW4YR555q3UnCzKQ,2,0,0,0,0,6,0,125,2003-11-10,"Snacks Provided,Skill Classes",N,NO,NO,NO,238111,Town and Country Childrens Montessori Incorporated,AUSTIN,3801 KEATS DR,78704 6741,Town & Country Children's Montessori School,5.0,2.0,2,medium_confidence,22.1,0,0,0,0,0,2,0.333,0.333
ChIJCRVNqPbORIYRkgkCGMMWygk,4,22,12,2,2,7,3,60,2008-01-15,"School Age Care,Accredited,Get Well Care,Skill Classes,Field Trips",Y,NO,NO,NO,321021,Renaissance Academy,AUSTIN,14401 OWEN TECH BLVD,78728 7017,Renaissance Education Foundation,,,0,medium_confidence,18.0,1,1,0,0,0,42,6.0,0.571
ChIJCRcJaQnSQIYRiywS5GJKAow,0,0,0,0,0,5,0,49,1996-08-06,"Meals Provided ,Snacks Provided",Y,NO,NO,NO,137757,Cypress Creek High School Lab,HOUSTON,9815 GRANT RD,77070 4501,Cypress Creek High School,,,0,high_confidence,29.4,0,1,0,0,0,0,0.0,0.0
ChIJCRfCIuu3QIYRh9O7973p5dQ,0,0,0,0,0,3,0,55,2025-09-16,"School Age Care,Before School Care,Meals Provided ,After School Care,Snacks Provided,Drop-In Care,Part Time Care,Transportation to/from School ,Field Trips",N,NO,NO,NO,1509586,Little Legends Academy HTX,HOUSTON,12425 JOHN F KENNEDY BLVD STE 110,77039 5918,Little Legends Academy,4.7,12.0,5,high_confidence,0.3,0,0,0,0,0,0,0.0,0.0
ChIJCSKAe8XpQIYRGZSYs42VsME,2,4,4,1,1,8,1,96,1986-04-06,,Y,NO,NO,NO,96789,Torah Day School,HOUSTON,10900 FONDREN RD,77096 5502,Torah Day School of Houston,,,0,medium_confidence,39.7,0,1,0,0,0,12,1.5,0.25
ChIJCSYiI7ghTIYR5b6hhUdyaKc,6,13,5,0,0,24,0,186,2020-11-03,"School Age Care,Meals Provided ,After School Care,Snacks Provided,Transportation to/from School",Y,NO,NO,NO,1337465,Spring Creek Private School,DALLAS,14855 SPRING CREEK RD,75248 5712,Spring Creek Private School,4.6,24.0,5,high_confidence,5.2,0,1,0,0,0,24,1.0,0.25
ChIJCShRDDWzRIYRpOn1LyGmPMI,1,3,3,0,0,7,0,50,2025-01-31,"School Age Care,After School Care,Snacks Provided",Y,NO,NO,NO,1481362,AISD Blazier Intermediate Third Base,AUSTIN,8801 VERTEX BLVD,78747 2790,Blazier Intermediate School,,,0,medium_confidence,0.9,0,1,0,0,0,7,1.0,0.143
ChIJCT2nALyQToYRWLpygvfgvKU,0,3,2,0,1,7,0,120,2018-04-24,"School Age Care,Snacks Provided,Part Time Care",Y,NO,NO,NO,1298271,Childrens Genesis,DALLAS,6808 PASTOR BAILEY DR,75237 2602,Children's Genesis,5.0,6.0,5,high_confidence,7.7,0,1,0,0,0,6,0.857,0.0
ChIJCT8TGn1fXIYR36zhdIS5tv8,0,4,1,0,0,7,0,124,1987-02-17,"Accredited,Part Time Care,Field Trips",Y,NO,NO,NO,96049,University Presbyterian Children,SAN ANTONIO,300 BUSHNELL AVE,78212 5334,University Presbyterian Church,4.4,22.0,5,high_confidence,38.9,1,1,0,0,0,5,0.714,0.0
ChIJCTH3og9oXIYR1un9j9x3AgE,13,9,10,2,1,35,1,144,1986-12-22,"School Age Care,Meals Provided ,After School Care,Snacks Provided,Drop-In Care,Part Time Care,Transportation to/from School ,Field Trips",Y,NO,NO,NO,102385,La Petite Guilbeau,SAN ANTONIO,9401 GUILBEAU RD,78250 1938,La Petite Academy on Guilbeau Road,4.5,50.0,5,medium_confidence,39.0,0,1,0,0,0,35,1.0,0.371
ChIJCTWMPS3zXIYRNA5wGXrFBTk,12,5,8,0,1,30,0,96,2020-03-04,"School Age Care,Meals Provided ,After School Care,Snacks Provided,Drop-In Care,Part Time Care,Transportation to/from School ,Field Trips",Y,NO,NO,NO,1348684,Family Gatherings,SAN ANTONIO,5430 SEGUIN RD,78219 1041,Family Gatherings,3.4,13.0,5,high_confidence,5.8,0,1,0,0,0,26,0.867,0.4
ChIJCVUsBBmgToYRCbiywNDJrrc,0,1,1,0,0,7,0,125,1987-01-02,"School Age Care,Accredited,Snacks Provided,Skill Classes,Part Time Care",N,NO,NO,NO,97080,Montessori Childrens House and School,DALLAS,7335 ABRAMS RD,75231 4703,Montessori Children's House and School,,,0,high_confidence,39.0,1,0,0,0,0,2,0.286,0.0
ChIJCYEuiSL1XIYRjEtcQDNs8bQ,0,7,5,0,0,5,0,23,1986-12-04,"Accredited,Part Time Care",N,NO,NO,NO,96163,St. Andrew's Church and School,SAN ANTONIO,722 ROBINHOOD PL,78209 3400,St. Andrew's Church & School,4.4,20.0,5,high_confidence,39.1,1,0,0,0,0,12,2.4,0.0
ChIJCYaBT6VfXIYRRKVhZ8FjUTg,0,3,0,0,0,7,0,85,2017-02-28,"After School Care,Snacks Provided",N,NO,NO,NO,1255569,Y School Age @ Advance Learning Academy,SAN ANTONIO,637 N MAIN AVE,78205 1203,Advanced Learning Academy,,,0,medium_confidence,8.8,0,0,0,0,0,3,0.429,0.0
ChIJCYo9bZTQQIYRkVXXgNaDoMY,3,4,1,1,0,14,1,326,2005-08-10,"School Age Care,Before School Care,Meals Provided ,After School Care,Snacks Provided,Drop-In Care,Part Time Care,Transportation to/from School ,Field Trips",Y,NO,NO,NO,252515,Kids R Kids Quality Learning Academy,HOUSTON,6020 N ELDRIDGE PKWY,77041 4208,Kids 'R' Kids Learning Academy of West Houston,4.6,104.0,5,medium_confidence,20.4,0,1,0,0,0,9,0.643,0.214
ChIJCZ_SyTvMQIYRixUStRzRevw,4,9,15,0,0,6,0,175,1985-11-26,"School Age Care,Before School Care,After School Care,Snacks Provided,Field Trips",N,NO,NO,NO,101182,Kinsmen Lutheran Child Development,HOUSTON,12100 CHAMPION FOREST DR,77066 2704,Kinsmen Children's Academy,4.7,12.0,5,medium_confidence,40.1,0,0,0,0,0,28,4.667,0.667
ChIJCZvww-zRQIYR1ZqlPxVyYU4,5,6,7,0,0,14,0,157,2015-06-22,"School Age Care,Before School Care,Meals Provided ,After School Care,Snacks Provided,Drop-In Care,Part Time Care,Transportation to/from School ,Weekend Care,Field Trips",Y,NO,NO,NO,1168453,Shining Starz Learning Center  INC.,HOUSTON,13403 WINDFERN RD,77064 3019,Shining Starz Learning Center,4.3,30.0,5,high_confidence,10.5,0,1,0,0,0,18,1.286,0.357
ChIJC_TEErOlToYR7TQZtHaYLGA,0,2,2,0,0,16,0,153,2019-12-18,"School Age Care,Before School Care,Meals Provided ,After School Care,Snacks Provided,Part Time Care,Transportation to/from School ,Field Trips",Y,NO,NO,NO,1345149,American Care Academy Pleasant Grove,DALLAS,1227 N MASTERS DR,75217 3722,American Care Academy Pleasant Grove,4.4,37.0,5,high_confidence,6.0,0,1,0,0,0,4,0.25,0.0
ChIJCayaKuLNQIYRSZjrCLoJQMI,7,10,11,0,0,17,0,132,2021-09-23,"School Age Care,Before School Care,Meals Provided ,After School Care,Snacks Provided,Drop-In Care,Part Time Care,Transportation to/from School",Y,NO,NO,NO,1372539,First Place Kids,HOUSTON,10111 GRANT RD STE C,77070 4533,First Place Kids Christian Academy,4.2,25.0,5,medium_confidence,4.3,0,1,0,0,0,28,1.647,0.412
ChIJCdd9PX1JW4YRtwGlRnXQaPw,1,0,3,0,0,10,0,95,2018-09-28,"School Age Care,Accredited,After School Care,Part Time Care",Y,NO,NO,NO,1298578,Happy Bunnies,AUSTIN,7212 OAK MEADOW DR,78736 1916,Happy Bunnies Child Care School,4.8,59.0,5,medium_confidence,7.3,1,1,0,0,0,4,0.4,0.1
ChIJCe-kVaa1RIYRlnNuBBpw3ZY,0,0,0,1,0,9,0,23,2023-02-10,"School Age Care,Before School Care,After School Care,Part Time Care",N,NO,NO,NO,1417931,The Children's House Montessori School,AUSTIN,4324 JAMES CASEY ST,78745 1109,"Childrens House Montessori School of Austin, Texas",,,0,high_confidence,2.9,0,0,0,0,0,1,0.111,0.0
ChIJCfvm8gZxToYRxGTXzh0AHzo,3,3,0,0,0,14,0,115,2017-08-11,"School Age Care,Meals Provided ,After School Care,Snacks Provided,Transportation to/from School ,Field Trips",N,NO,NO,NO,1257502,Bethlehem United Community Centers Inc.,FORT WORTH,951 EVANS AVE,76104 3627,UCC Bethlehem Center,4.7,65.0,5,medium_confidence,8.4,0,0,0,0,0,6,0.429,0.214
ChIJCxL2YhOKXIYRWB3KZuS4jBc,1,0,0,0,0,9,0,124,1987-05-14,Part Time Care,N,NO,NO,NO,97212,St. Mark's Catholic Preschool and Nursery,SAN ANTONIO,1602 THOUSAND OAKS DR,78232 2338,St Mark's Catholic Pre-School,3.1,7.0,5,high_confidence,38.6,0,0,0,0,0,1,0.111,0.111
ChIJCxsGxDecQIYRgp31C16OnJg,3,5,4,0,0,13,0,302,2013-08-30,"School Age Care,Before School Care,Meals Provided ,After School Care,Snacks Provided,Drop-In Care,Skill Classes,Part Time Care,Transportation to/from School ,Field Trips",Y,NO,NO,NO,1119256,"Lobo Gymnastics, Inc.",HOUSTON,2500 FALCON PASS,77062 6239,Lobo Active Learning Center & Gymnastics,4.3,29.0,5,medium_confidence,12.3,0,1,0,0,0,12,0.923,0.231
ChIJD-2qejD_XIYRneGtiUSe7sU,1,0,2,0,0,8,0,63,1998-01-14,Part Time Care,N,NO,NO,NO,149730,Terry O'Connor Early Learning Center,SAN ANTONIO,19810 HWY 281 S,78221,Terry Oconnor,,,0,medium_confidence,28.0,0,0,0,0,0,3,0.375,0.125
ChIJD0pob_bGQIYRr6be1uWJ2Ww,5,6,9,2,0,11,0,64,1986-12-12,,N,NO,NO,NO,100380,Childrens Cottage Infant Center,HOUSTON,3910 BROOKWOODS DR,77092 8322,Montessori Children's Cottage,4.0,5.0,5,medium_confidence,39.1,0,0,0,0,0,22,2.0,0.455
ChIJD0pob_bGQIYRygm343RM0Ds,3,15,5,0,1,12,0,85,1987-11-22,Skill Classes,N,NO,NO,NO,95546,Montessori Childrens Cottage,HOUSTON,4009 SHERWOOD LN,77092 7805,Montessori Children's Cottage,,,0,high_confidence,38.1,0,0,0,0,0,24,2.0,0.25
ChIJD29SC0elQIYRYxmeOArSsbg,2,4,3,0,0,5,1,70,2017-02-22,"Meals Provided ,Snacks Provided",N,NO,NO,NO,1254064,HCDE Tidwell Head Start,HOUSTON,8302 JOHN RALSTON RD,77044 2120,Tidwell Head Start Center,4.9,15.0,5,high_confidence,8.9,0,0,0,0,0,9,1.8,0.4
ChIJD2V_RuQMToYRaf9rnO4WyEw,11,21,8,1,0,32,1,117,1985-11-27,"School Age Care,Before School Care,Meals Provided ,After School Care,Snacks Provided,Part Time Care,Transportation to/from School ,Field Trips",Y,NO,NO,NO,94509,La Petite Academy,FORT WORTH,8603 S NORMANDALE ST,76116 6139,La Petite Academy on Normandale South,3.4,38.0,5,medium_confidence,40.1,0,1,0,0,0,41,1.281,0.344
ChIJD2XJP8OLXIYRuKAjMudARD0,0,5,1,1,0,8,0,188,2003-02-20,"Snacks Provided,Part Time Care",N,NO,NO,NO,209726,Northern Hills UMC Day School,SAN ANTONIO,3703 N LOOP 1604 E,78247 2301,Northern Hills United Methodist Church,4.6,73.0,5,medium_confidence,22.9,0,0,0,0,0,7,0.875,0.0
ChIJD2jHucueQIYRt2wOIdzOD3A,6,4,4,0,0,15,0,247,2018-02-15,"School Age Care,Before School Care,Meals Provided ,After School Care,Snacks Provided,Skill Classes,Part Time Care,Transportation to/from School ,Field Trips",Y,NO,NO,NO,1287142,Kiddie Academy of Clear Lake,HOUSTON,11534 SPACE CENTER BLVD,77059 3603,Kiddie Academy of Clear Lake,4.6,68.0,5,high_confidence,7.9,0,1,0,0,0,14,0.933,0.4
ChIJD39x0iPHQIYR-ssHzsZU_Po,1,0,0,0,0,8,0,408,2015-03-31,"School Age Care,Before School Care,Meals Provided ,After School Care,Snacks Provided,Drop-In Care,Skill Classes,Part Time Care,Transportation to/from School ,Field Trips",Y,NO,NO,NO,1161556,MI3 Center Academy,HOUSTON,1135 ELLA CROSSING DR,77090,MI3 Center,4.4,459.0,5,medium_confidence,10.8,0,1,0,0,0,1,0.125,0.125
ChIJD4F2iDo1W4YRZ6gIKCC6Ub4,5,4,0,0,0,9,0,160,1987-05-23,"Accredited,Part Time Care",N,NO,NO,NO,102838,Westlake Hills Presbyterian Preschool,AUSTIN,7127 BEE CAVE RD,78746 4102,Westlake Hills Presbyterian Preschool,5.0,6.0,5,high_confidence,38.6,1,0,0,0,0,9,1.0,0.556
ChIJD4IGuV05W4YRDOll92VswkM,0,4,3,1,0,6,1,34,2014-02-28,"School Age Care,Accredited,Meals Provided ,After School Care,Snacks Provided,Skill Classes,Transportation to/from School ,Field Trips",N,NO,NO,NO,1122153,International School of Texas,AUSTIN,15506 W HIGHWAY 71 STE C,78738 2829,The International School of Texas (IST),,,0,high_confidence,11.8,1,0,0,0,0,8,1.333,0.0
ChIJD4YDLpdnXIYRpRVZ-OBajGo,11,8,8,1,0,30,2,302,2009-04-21,"Before School Care,Meals Provided ,After School Care,Snacks Provided,Part Time Care,Field Trips",Y,NO,NO,NO,373585,Ivy Crest Academy of Camino Bandera,SAN ANTONIO,10002 CAMINO BANDERA,78254 6176,Ivy Crest Academy of Camino Bandera,3.5,19.0,5,high_confidence,16.7,0,1,0,0,0,28,0.933,0.367
ChIJD5FJ6TLPRIYRkzXPwwQZc8Y,0,1,0,0,0,7,0,108,2020-01-31,"After School Care,Field Trips",Y,NO,NO,NO,1337239,PISD Delco Elementary Extended Day Program,AUSTIN,12900 DESSAU RD STE A,78754 1804,Delco Elementary School,,,0,medium_confidence,5.9,0,1,0,0,0,1,0.143,0.0
ChIJD6mbCZDAQIYRBL0zx1oeRT8,3,6,4,2,0,10,1,152,1986-04-30,"School Age Care,Before School Care,Accredited,After School Care,Snacks Provided,Skill Classes,Part Time Care,Field Trips",N,NO,NO,NO,99221,St. Stephen's Episcopal School-Houston,HOUSTON,1800 SUL ROSS ST,77098 2610,St. Stephen's Episcopal School,,,0,high_confidence,39.7,1,0,0,0,0,15,1.5,0.3
ChIJD7z3zD7MRIYRmq0M12uqdUU,0,3,0,0,0,9,0,49,1998-11-19,,N,NO,NO,NO,156167,North Austin Montessori School,AUSTIN,12400 AMHERST DR STE 120,78727 5322,North Austin Montessori School,4.7,22.0,5,high_confidence,27.1,0,0,0,0,0,3,0.333,0.0
ChIJD80KhvjAQIYRmJbQ0QlBfeg,3,7,6,0,0,12,0,240,1987-04-17,"Accredited,Snacks Provided,Skill Classes,Part Time Care,Field Trips",N,NO,NO,NO,95246,St Andrews Presbyterian Childrens Place,HOUSTON,3303 BISSONNET ST,77005 2113,Children's Place Preschool,4.8,6.0,5,medium_confidence,38.7,1,0,0,0,0,16,1.333,0.25
ChIJD8nRVqubToYR7fVUkPfJ6jA,1,4,5,1,1,13,1,79,1997-03-13,"School Age Care,Before School Care,Meals Provided ,After School Care,Snacks Provided,Part Time Care,Transportation to/from School",Y,NO,NO,NO,150039,A Step Ahead,DALLAS,1050 N WESTMORELAND RD STE 308,75211 2416,A Step Ahead Learning Center,3.9,14.0,5,medium_confidence,28.8,0,1,0,0,0,12,0.923,0.077
ChIJDQ3Wq9ufToYRxPMaCq_UGXI,0,1,2,0,0,6,0,168,2019-07-22,"Meals Provided ,Snacks Provided",Y,NO,NO,NO,1323429,Hope Day School,DALLAS,5910 CEDAR SPRINGS RD,75235 6806,Hope Day School,4.7,35.0,5,high_confidence,6.4,0,1,0,0,0,3,0.5,0.0
ChIJDTIHfl5LW4YRTLPnp0PLkvE,3,6,4,0,0,12,0,178,2003-02-11,"Part Time Care,Field Trips",N,NO,NO,NO,212306,Headwaters School,AUSTIN,6305 Manchaca RD and 1934 Berkeley AVE,78745,Headwaters School | Springs Campus,,,0,medium_confidence,22.9,0,0,0,0,0,13,1.083,0.25
ChIJDUIcqTVZXIYRsHfFtdc2QWU,5,8,4,1,0,24,1,195,1986-04-11,"Accredited,Meals Provided ,After School Care,Snacks Provided,Drop-In Care,Part Time Care,Transportation to/from School",Y,NO,NO,NO,95509,YWCA Olga H. Madrid Center,SAN ANTONIO,503 CASTROVILLE RD,78237 3131,YWCA Olga Madrid Center,3.6,27.0,5,high_confidence,39.7,1,1,0,0,0,18,0.75,0.208
ChIJD_o_TADFQIYRxOAlDJUmLN4,1,2,4,1,0,13,0,238,2011-02-15,"Meals Provided ,Snacks Provided",N,NO,NO,NO,706809,Baker Ripley Early Childhood Development Center,HOUSTON,8575 PITNER RD BLDG 1,77080 2010,Baker Ripley Early Childhood Development Center - Pitner HS,5.0,1.0,1,high_confidence,14.9,0,0,0,0,0,8,0.615,0.077
ChIJDfoNHVGzRIYRwkfrIEx1iMA,15,32,15,0,0,46,0,150,2005-12-16,"School Age Care,Before School Care,Accredited,Meals Provided ,After School Care,Snacks Provided,Drop-In Care,Part Time Care,Transportation to/from School ,Field Trips",N,NO,NO,NO,281989,KinderCare Learning Center,AUSTIN,6434 S CONGRESS AVE,78745 4529,South Congress KinderCare,4.5,40.0,5,medium_confidence,20.0,1,0,0,0,0,62,1.348,0.326
ChIJDw0U0LaQQIYRPeJ4DpPUsJs,2,1,5,0,0,9,0,100,2010-03-12,"School Age Care,After School Care,Snacks Provided,Part Time Care",N,NO,NO,NO,527408,KLC-DBA-Champions@ South Belt Elementary,HOUSTON,1801 RIVERSTONE RANCH RD,77089 5724,South Belt Elementary School,,,0,medium_confidence,15.8,0,0,0,0,0,8,0.889,0.222
ChIJDw2sX_e0RIYRumdl8u8LqrA,0,3,0,0,1,9,1,68,2020-01-30,"School Age Care,After School Care,Snacks Provided,Field Trips",Y,NO,NO,NO,1343222,Travis Heights EAC YMCA,AUSTIN,2010 ALAMEDA DR,78704 4312,Travis Heights Elementary School,,,0,medium_confidence,5.9,0,1,0,0,0,4,0.444,0.0
ChIJDyDi-J_NRIYRMVuiJryg1JU,4,14,21,1,0,12,1,28,2016-03-23,"Before School Care,After School Care,Part Time Care",Y,NO,NO,NO,1211607,Little Sprouts,AUSTIN,12411 LIMERICK AVE STE 100,78758 2421,Little Sprouts Preschool,5.0,12.0,5,medium_confidence,9.8,0,1,0,0,0,40,3.333,0.333
ChIJDyjRO6JfXIYRa8mf5Us1VYg,1,2,0,2,0,6,0,70,2000-02-09,"Meals Provided ,Snacks Provided",Y,NO,NO,NO,161299,St Paul Catholic Learning Center,SAN ANTONIO,1201 DONALDSON AVE,78228 4215,St. Paul Learning Center,,,0,high_confidence,25.9,0,1,0,0,0,5,0.833,0.167
ChIJE-PQ8u-WQIYRKq_3y-sHNxM,0,0,0,0,0,4,0,85,2025-10-21,"Meals Provided ,Snacks Provided",N,NO,NO,NO,1511227,Deanda Elementary School,HOUSTON,7980 ALMEDA GENOA RD,77075 2006,James DeAnda Elementary School,,,0,high_confidence,0.2,0,0,0,0,0,0,0.0,0.0
ChIJE1AO2TjMRIYRpWirY6TJtJc,1,8,8,0,1,9,0,138,2013-05-17,"School Age Care,Before School Care,Meals Provided ,Snacks Provided,Part Time Care,Field Trips",N,NO,NO,NO,1113756,Four Seasons Community School,AUSTIN,3909 ADELPHI LN,78727 5331,Four Seasons Community School,4.3,6.0,5,high_confidence,12.6,0,0,0,0,0,18,2.0,0.111
ChIJE1emf17KRIYRCly5AemqUy4,0,2,1,0,0,4,0,24,2023-10-06,"School Age Care,Part Time Care",N,NO,NO,NO,1458917,TRULOVE MONTESSORI,AUSTIN,1406 W NORTH LOOP BLVD,78756 2111,Trulove Montessori,,,0,high_confidence,2.2,0,0,0,0,0,3,0.75,0.0
ChIJE4lgID1zToYRBd7eiRLw0mQ,2,4,2,0,0,11,0,90,2019-02-01,"Meals Provided ,Snacks Provided",N,NO,NO,NO,1307551,Lena Pope Early Learning Center UNTHSC Campus,FORT WORTH,3620 MODLIN AVE,76107 2525,Lena Pope - UNTHSC,,,0,medium_confidence,6.9,0,0,0,0,0,8,0.727,0.182
ChIJE5yQXvTcQIYRVKQd7vDVv18,0,10,3,0,0,5,0,83,2012-04-26,"School Age Care,Before School Care,Meals Provided ,After School Care,Snacks Provided,Field Trips",Y,NO,NO,NO,952148,West Garden  Montessori School,HOUSTON,12350 WESTHEIMER RD STE A,77077 6068,Garden Montessori Schools - West,5.0,4.0,4,high_confidence,13.7,0,1,0,0,0,13,2.6,0.0
ChIJE6A9DM5YXIYRqKaYQvEa80Y,8,10,10,1,0,38,1,109,1985-11-18,"Meals Provided ,Snacks Provided,Field Trips",Y,NO,NO,NO,94687,Inman Christian Center,SAN ANTONIO,1214 COLIMA ST,78207 6102,Inman Christian Center,3.4,19.0,5,high_confidence,40.1,0,1,0,0,0,29,0.763,0.211
ChIJEQIyLQHMQIYRw-Bd7lGfkcY,6,10,4,2,2,7,0,103,2012-05-24,"School Age Care,Before School Care,Meals Provided ,After School Care,Snacks Provided,Drop-In Care,Skill Classes,Part Time Care,Transportation to/from School ,Field Trips",Y,NO,NO,NO,957828,Kicks and Giggles Daycare Academy,HOUSTON,12130 ANTOINE DR STE H,77066 4461,Kicks And Giggles Daycare Academy,4.7,26.0,5,high_confidence,13.6,0,1,0,0,0,24,3.429,0.857
ChIJES7W-wy7ToYRnR7Qx41D9OQ,3,5,2,0,0,10,0,49,2006-11-09,"After School Care,Transportation to/from School ,Field Trips",Y,NO,NO,NO,306322,Rylie Day Care Center,DALLAS,1509 HAYMARKET RD,75253 2606,Rylie Day Care Center,5.0,12.0,5,high_confidence,19.1,0,1,0,0,0,10,1.0,0.3
ChIJESFwZ6jMRIYR0IPeORZzQ1U,0,0,0,0,0,6,0,63,1986-06-20,Snacks Provided,N,NO,NO,NO,96814,Spicewood Country School,AUSTIN,6102 SPICEWOOD SPRINGS RD,78759 7818,Spicewood Country Preschool,4.2,5.0,5,high_confidence,39.5,0,0,0,0,0,0,0.0,0.0
ChIJESgJKGrFQIYRNTJ0noF53w8,6,6,4,2,1,19,0,68,2022-09-01,"School Age Care,Before School Care,After School Care,Snacks Provided,Part Time Care,Transportation to/from School",Y,NO,NO,NO,1394834,Spring Branch After-School Martial Arts,HOUSTON,1520 WITTE RD,77080 7630,Spring Branch After-School MA,5.0,26.0,5,high_confidence,3.3,0,1,0,0,0,19,1.0,0.316
ChIJETKslsPMRIYRLa3wLeyr3KQ,0,6,1,0,0,7,0,159,1992-06-08,"School Age Care,After School Care,Snacks Provided,Transportation to/from School ,Field Trips",Y,NO,NO,NO,119476,Kathy Caraway YMCA,AUSTIN,11104 OAK VIEW DR,78759 4631,Caraway Elementary,,,0,medium_confidence,33.6,0,1,0,0,0,7,1.0,0.0
ChIJETdJFt_ZQIYR2QC-Cb4o2bw,0,0,1,3,0,5,2,122,1997-09-19,"Accredited,After School Care,Part Time Care",N,NO,NO,NO,148975,Texas Christian School,HOUSTON,17810 KIETH HARROW BLVD,77084 5715,Texas Christian School Infants - 12th Grade,,,0,medium_confidence,28.3,1,0,0,0,0,4,0.8,0.0
ChIJETeyggw1W4YRsGTrz13fbBc,1,5,3,0,0,10,0,105,2010-12-21,Part Time Care,N,NO,NO,NO,693788,ST Michaels Episcopal Day School,AUSTIN,1500 N CAPITAL OF TEXAS HWY,78746 3320,St. Michael's Episcopal Day School,5.0,15.0,5,high_confidence,15.0,0,0,0,0,0,9,0.9,0.1
ChIJEW2GbqX3XIYRIitHorEtNQo,9,8,3,0,1,23,0,133,2005-08-25,"School Age Care,Before School Care,Meals Provided ,After School Care,Snacks Provided,Drop-In Care,Part Time Care,Transportation to/from School ,Field Trips",Y,NO,NO,NO,254152,Hands 'n'  Hands Childcare and Learning Center,SAN ANTONIO,875 HOT WELLS BLVD,78223 2201,Hands N Hands Childcare,3.0,24.0,5,medium_confidence,20.4,0,1,0,0,0,21,0.913,0.391
ChIJEYGiHxvLQIYROFHbS71oP8Q,2,10,20,3,2,10,1,120,2024-01-17,"School Age Care,Before School Care,Accredited,After School Care,Snacks Provided,Part Time Care",Y,NO,NO,NO,1449612,KCE Champions LLC @ IDEA Spears,HOUSTON,2010 SPEARS RD,77067 1204,Champions at IDEA Spears,3.0,3.0,3,high_confidence,2.0,1,1,0,0,0,37,3.7,0.2
ChIJEYYuknG7QIYRLyvvukw1G6I,23,14,20,1,0,31,2,100,2018-11-08,"School Age Care,Before School Care,Meals Provided ,After School Care,Snacks Provided,Drop-In Care,Transportation to/from School ,Field Trips",Y,NO,NO,NO,1309982,Bethany Christian Academy,HOUSTON,7304 HOMESTEAD RD,77028 3027,Bethany Christian Academy,4.7,29.0,5,high_confidence,7.1,0,1,0,0,0,58,1.871,0.742
ChIJEZ4pl6JzToYRXS5meOQZUA0,1,8,6,1,0,8,1,25,2013-07-26,"Meals Provided ,Snacks Provided,Weekend Care,Night Care",N,NO,NO,NO,1102149,Clayton Child Care  Inc @ River Crest Country Club,FORT WORTH,1501 WESTERN AVE,76107 1542,River Crest Country Club,4.6,222.0,5,medium_confidence,12.4,0,0,0,0,0,16,2.0,0.125
ChIJE_acxP30XIYRBL2KOEPz3nM,1,2,0,1,0,10,1,84,1986-11-17,,N,NO,NO,NO,95665,St. David's Episcopal School,SAN ANTONIO,1300 WILTSHIRE AVE,78209 6049,St Davids Episcopal School,4.7,6.0,5,high_confidence,39.1,0,0,0,0,0,4,0.4,0.1
ChIJE_acxP30XIYRCJROEsvXAP4,1,1,2,1,0,6,1,32,2016-02-12,Part Time Care,N,NO,NO,NO,1234235,St. David's Episcopal Church and School Bright Beginnings,SAN ANTONIO,1300 WILTSHIRE AVE,78209 6049,St. David's Episcopal Church,4.5,22.0,5,medium_confidence,9.9,0,0,0,0,0,5,0.833,0.167
ChIJEb8GcWz1XIYRggDTHxwOIe4,0,5,2,1,0,5,0,103,1986-03-21,"Accredited,Part Time Care",N,NO,NO,NO,95616,Christ Lutheran Day School,SAN ANTONIO,6720 BROADWAY ST,78209 3732,Christ Lutheran Day School,5.0,1.0,1,high_confidence,39.8,1,0,0,0,0,8,1.6,0.0
ChIJEbKFHuTnQIYRLkn-FABXL2o,7,20,10,0,0,15,0,119,2021-05-25,"School Age Care,Before School Care,Meals Provided ,After School Care,Snacks Provided,Drop-In Care,Part Time Care,Transportation to/from School ,Weekend Care,Field Trips",Y,NO,NO,NO,1362369,Kidz School Daycare Learning Center,HOUSTON,10714 W BELLFORT AVE,77099 4749,Kidz School Daycare Learning Center,4.9,47.0,5,high_confidence,4.6,0,1,0,0,0,37,2.467,0.467
ChIJEbzr8sldXIYR_I7QmNupMIo,2,5,2,0,0,11,0,128,2003-11-21,"After School Care,Drop-In Care,Part Time Care,Transportation to/from School",Y,NO,NO,NO,226600,Angel Valley Christian Day Care,SAN ANTONIO,1305 SW LOOP 410 STE 125,78227 1671,Angel Valley Christian Daycare Center,4.6,18.0,5,high_confidence,22.1,0,1,0,0,0,9,0.818,0.182
ChIJEcpZGw50ToYRS3OowQRX21k,0,0,0,0,0,4,0,33,2025-09-19,"School Age Care,Before School Care,Meals Provided ,After School Care,Snacks Provided,Drop-In Care",N,NO,NO,NO,1514290,Mother Goose Day Care LLC,FORT WORTH,2102 PRAIRIE AVE,76164 7820,Mother Goose Daycare LLC,4.7,7.0,5,high_confidence,0.3,0,0,0,0,0,0,0.0,0.0
ChIJEf8KUPDAQIYRBCIHBlPal-E,7,4,5,0,0,18,0,207,2016-10-21,"School Age Care,Before School Care,Accredited,Meals Provided ,After School Care,Snacks Provided,Part Time Care,Transportation to/from School ,Field Trips",N,NO,NO,NO,1241733,Primrose School of Upper Kirby,HOUSTON,3001 RICHMOND AVE,77098 3107,Primrose School of Upper Kirby,4.1,110.0,5,high_confidence,9.2,1,0,0,0,0,16,0.889,0.389
ChIJEfZ-xRJ1ToYRhLM7Eg0CPOs,1,4,0,0,0,12,0,64,2024-04-26,"School Age Care,Meals Provided ,After School Care,Snacks Provided,Part Time Care",Y,NO,NO,NO,1464052,Munchkin's Inc. Daycare LLC.,FORT WORTH,3209 NW 33RD ST,76106 3423,"Munchkin’s, Inc Day Care",4.2,10.0,5,medium_confidence,1.7,0,1,0,0,0,5,0.417,0.083
ChIJEf_mfJ5JW4YRtnCoEXJdBmQ,0,1,0,0,0,8,0,34,2013-01-04,"Skill Classes,Part Time Care",Y,NO,NO,NO,1077290,Atelier Preescolar LLC,AUSTIN,8305 W HIGHWAY 71 STE 100,78735 8107,Atelier Preescolar preschool 520,4.5,59.0,5,medium_confidence,13.0,0,1,0,0,0,1,0.125,0.0
ChIJEx8RFO7cQIYRlk0-r3loOj8,22,34,8,2,0,58,2,124,2012-07-24,"School Age Care,Before School Care,Meals Provided ,After School Care,Snacks Provided,Skill Classes,Transportation to/from School ,Field Trips",Y,NO,NO,NO,975176,Attitude Respect N Manners Learning Center,HOUSTON,12289 W HOUSTON CENTER BLVD STE 200,77082 3157,Attitude Respect N Manners,4.1,21.0,5,medium_confidence,13.4,0,1,0,0,0,66,1.138,0.379
ChIJExJYbt3OQIYRKIwtYK0NH0U,0,4,2,1,0,7,0,60,2015-01-29,"School Age Care,Before School Care,After School Care,Snacks Provided",N,NO,NO,NO,1153971,Campus Kids @Epps Island Elementary School SAP,HOUSTON,7403 SMILING WOOD LN,77086 3112,Epps Island Elementary School,,,0,medium_confidence,10.9,0,0,0,0,0,7,1.0,0.0
ChIJExh3HKK4QIYRGZZgpO-yaJI,5,5,3,0,0,13,0,307,2017-03-15,"Snacks Provided,Part Time Care",N,NO,NO,NO,1256065,Greater Heights School,HOUSTON,4780 N MAIN ST,77009 4411,Greater Heights School,4.6,82.0,5,high_confidence,8.8,0,0,0,0,0,13,1.0,0.385
ChIJExvqkU_HQIYRYkxILkqsjbk,10,22,20,2,0,42,2,120,2021-09-15,"School Age Care,Before School Care,After School Care,Drop-In Care,Part Time Care,Transportation to/from School ,Field Trips",N,NO,NO,NO,1371876,Alianza Eco International School,HOUSTON,129 AURORA ST,77008 2138,Alianza Preschool The Heights,4.9,28.0,5,medium_confidence,4.3,0,0,0,0,0,54,1.286,0.238
ChIJF0hqho6fToYRxhdrdqRoW-I,2,5,3,0,0,9,0,209,1987-07-29,"School Age Care,Before School Care,Meals Provided ,After School Care,Snacks Provided",N,NO,NO,NO,112975,Our Redeemer Lutheran School,DALLAS,7611 PARK LN,75225 2028,Our Redeemer Lutheran School,,,0,high_confidence,38.4,0,0,0,0,0,10,1.111,0.222
ChIJF2ig5b-vQIYRPuxtCrXpgI8,3,0,1,0,1,6,0,47,2024-12-18,Field Trips,N,NO,NO,NO,1472817,Lakeside Little Learners,HOUSTON,14303 W LAKE HOUSTON PKWY,77044 1421,Lakeside Little Learners,3.0,2.0,2,high_confidence,1.0,0,0,0,0,0,5,0.833,0.5
ChIJF3R6hAGRToYRtATooldgod8,4,28,22,0,0,36,0,113,2015-10-23,"School Age Care,Meals Provided ,After School Care,Snacks Provided,Drop-In Care,Part Time Care,Transportation to/from School ,Field Trips",Y,NO,NO,NO,1211279,A+ Highpointe Academy,DALLAS,3211 W CAMP WISDOM RD,75237 2605,A+ Highpointe Academy,3.2,9.0,5,high_confidence,10.2,0,1,0,0,0,54,1.5,0.111
ChIJF4-6U7-0RIYRmtl5GwrJAig,0,2,2,0,0,9,0,183,2009-09-17,"After School Care,Drop-In Care,Part Time Care",N,NO,NO,NO,442128,Sun Moon And Stars LLC Learning Center,AUSTIN,3810 S 1ST ST,78704 7048,Sun Moon & Stars Learning Center,4.5,63.0,5,high_confidence,16.3,0,0,0,0,0,4,0.444,0.0
ChIJF468u1XIQIYR_YbNHFkbjKc,1,6,5,3,1,5,0,51,2002-12-11,"School Age Care,Meals Provided ,After School Care,Snacks Provided",Y,NO,NO,NO,208704,Alpha Academy,HOUSTON,1647 CANDYTUFT CT,77038 2907,Alpha Academy,4.8,17.0,5,high_confidence,23.1,0,1,0,0,0,16,3.2,0.2
ChIJF5COnof2XIYRHUS2cHlzcLM,4,7,3,1,0,10,1,118,2020-09-11,"School Age Care,Before School Care,Meals Provided ,After School Care,Snacks Provided,Part Time Care",Y,NO,NO,NO,1358950,Books & Bibs Childcare and Learning,SAN ANTONIO,3030 E COMMERCE ST,78220 1013,Books And Bibs Child Care And Learning Academy,4.8,33.0,5,medium_confidence,5.3,0,1,0,0,0,15,1.5,0.4
ChIJF5I8tmGhToYRJOdr79DAybM,4,4,2,0,0,20,0,177,2019-03-01,"Before School Care,After School Care,Snacks Provided",N,NO,NO,NO,1315250,The Modern Tot,DALLAS,10801 GARLAND RD,75218 2610,The Modern Tot Preschool,5.0,15.0,5,medium_confidence,6.8,0,0,0,0,0,10,0.5,0.2
ChIJF6Nha9TZTYYR8i0ZSLijxO4,3,4,1,0,0,9,0,130,2003-01-29,"School Age Care,Before School Care,Accredited,After School Care,Snacks Provided",Y,NO,NO,NO,210837,Clayton Youth Enrichment @ Freedom Elementary,FORT WORTH,5401 WALL PRICE RD,76244 7109,Freedom Elementary School,,,0,medium_confidence,22.9,1,1,0,0,0,8,0.889,0.333
ChIJF9XkhAbXQIYRkLAR8AwOzZ4,7,12,4,2,0,15,2,131,2006-02-28,"Meals Provided ,After School Care,Snacks Provided,Part Time Care,Transportation to/from School ,Field Trips",Y,NO,NO,NO,287514,Copperfield Kindercare,HOUSTON,18035 FOREST HEIGHTS DR,77095 4442,Copperfield KinderCare,4.8,49.0,5,high_confidence,19.8,0,1,0,0,0,25,1.667,0.467
ChIJFQ-oPfDdQIYRHxCEPl3A0rM,1,2,1,0,0,8,0,100,2025-10-23,"School Age Care,Before School Care,Meals Provided ,After School Care,Snacks Provided,Transportation to/from School",N,NO,NO,NO,1502053,Kidz Rocket 4,HOUSTON,9103 HOWELL SUGAR LAND RD,77083 6300,Kidz Rocket Learning Center,4.0,23.0,5,medium_confidence,0.2,0,0,0,0,0,4,0.5,0.125
ChIJFQR-2LNNW4YRCJWqFSkGqcw,1,1,1,0,0,9,0,168,2010-03-24,"Snacks Provided,Part Time Care",Y,NO,NO,NO,538551,The Goddard School,AUSTIN,2111 FRATE BARKER RD,78748 3614,The Goddard School of Austin,4.8,79.0,5,medium_confidence,15.8,0,1,0,0,0,3,0.333,0.111
ChIJFQWSVH-_QIYRHRSrdagrbSM,0,0,2,0,0,6,0,238,1986-10-23,"School Age Care,Accredited,Skill Classes,Field Trips",N,NO,NO,NO,96387,ST Pauls School,HOUSTON,5400 FANNIN ST,77004 6809,St. Paul’s United Methodist School,,,0,medium_confidence,39.2,1,0,0,0,0,2,0.333,0.0
ChIJFRS3k7GVQIYRXHaoRW5NLgI,4,7,9,0,0,10,0,71,2005-11-22,"School Age Care,Before School Care,Meals Provided ,After School Care,Snacks Provided,Transportation to/from School ,Field Trips",Y,NO,NO,NO,285362,Sunshine CCC,HOUSTON,5414 S ACRES DR,77048 1121,Sunshine Child Care Center,5.0,6.0,5,medium_confidence,20.1,0,1,0,0,0,20,2.0,0.4
ChIJFRZu2K3BQIYR-aDTfqF9ySM,1,2,3,0,0,9,2,158,2020-11-19,"Snacks Provided,Part Time Care",N,NO,NO,NO,1351596,The Goddard School,HOUSTON,4025 RICHMOND AVE,77027 6817,The Goddard School of Houston - Greenway/ Upper Kirby,4.7,105.0,5,medium_confidence,5.1,0,0,0,0,0,6,0.667,0.111
ChIJFSPxVHmkQIYRjClo7azE5tk,0,0,1,0,0,1,0,83,2026-03-26,"School Age Care,Before School Care,Meals Provided ,After School Care,Snacks Provided,Transportation to/from School ,Field Trips",N,NO,NO,NO,1527230,Kidztown Childcare,HOUSTON,13829 LONGVIEW ST,77015 3943,Kidstown,4.4,20.0,5,medium_confidence,0.0,0,0,0,0,0,1,1.0,0.0
ChIJFTugojrYTYYRhv-cWDnubcI,5,3,1,0,0,18,0,153,2019-07-12,"School Age Care,Meals Provided ,After School Care,Snacks Provided,Part Time Care",N,NO,NO,NO,1330143,The Goddard School,FORT WORTH,8801 RAY WHITE RD,76244 6211,The Goddard School of Fort Worth - Keller,4.5,92.0,5,medium_confidence,6.5,0,0,0,0,0,9,0.5,0.278
ChIJFUqveKzBQIYR6hdJvcCm17s,1,0,1,0,0,9,0,161,1986-02-24,Part Time Care,N,NO,NO,NO,95160,House At Pooh Corner  INC,HOUSTON,2808 FERNDALE ST,77098 1116,The House at Pooh Corner School,,,0,medium_confidence,39.9,0,0,0,0,0,2,0.222,0.111
ChIJFV3QBYLBQIYReiMGTUng4HM,6,3,2,0,2,11,1,90,2019-06-21,"Meals Provided ,Snacks Provided",N,NO,NO,NO,1319961,Primrose School at Greenway Plaza,HOUSTON,3 GREENWAY PLZ STE 100,77046 0395,Primrose School at Greenway Plaza,4.8,55.0,5,high_confidence,6.5,0,0,0,0,0,13,1.182,0.545
ChIJFWCUAzW5QIYR8Ai2lDf_YNw,8,11,8,3,0,9,1,21,2025-09-17,"School Age Care,Accredited,Meals Provided ,After School Care,Snacks Provided,Drop-In Care,Part Time Care,Transportation to/from School ,Field Trips",N,NO,NO,NO,1476784,Dre's Locker Room Community Center,HOUSTON,4313 CAVALCADE ST,77026 3806,Dre's Locker Room Community Center,,,0,high_confidence,0.3,1,0,0,0,0,30,3.333,0.889
ChIJFWIeX3zdQIYR4AyY6Ov8iwc,0,2,4,0,0,5,0,67,2002-01-16,"School Age Care,Before School Care,Meals Provided ,After School Care,Snacks Provided,Part Time Care,Transportation to/from School ,Field Trips",Y,NO,NO,NO,195079,Allbright Academy,HOUSTON,12321 BISSONNET ST,77099 1332,Daycare Allbright Academy,4.2,10.0,5,high_confidence,24.0,0,1,0,0,0,6,1.2,0.0
ChIJFWtC7dJwToYRILBJdlyBxtg,22,24,44,12,0,46,0,63,1992-05-08,"School Age Care,Before School Care,Meals Provided ,After School Care,Snacks Provided,Drop-In Care,Transportation to/from School ,Field Trips",Y,NO,NO,NO,121232,Childrens Early Development Center,FORT WORTH,3328 E BELKNAP ST,76111 4741,Children's Early Development Center CEDC,3.7,18.0,5,high_confidence,33.7,0,1,0,0,0,102,2.217,0.478
ChIJFWvvXRDdQIYR6kgPis8hNs8,14,21,7,0,2,32,2,52,2022-05-26,"School Age Care,Before School Care,Meals Provided ,After School Care,Snacks Provided,Drop-In Care,Part Time Care,Transportation to/from School ,Weekend Care,Field Trips,Night Care",Y,NO,NO,NO,1388147,Winners Children Academy,HOUSTON,10950 BISSONNET ST STE A350,77099 1716,Winners Children Academy,4.2,16.0,5,high_confidence,3.6,0,1,0,0,0,44,1.375,0.438
ChIJFX5vDa4nTIYR-5f3aLAyilo,0,1,0,0,0,5,0,60,2025-09-16,"After School Care,Snacks Provided",N,NO,NO,NO,1510886,YMCA at Farmers Branch Elementary School,DALLAS,13521 TOM FIELD RD,75234 4855,Farmers Branch Elementary School,,,0,high_confidence,0.3,0,0,0,0,0,1,0.2,0.0
ChIJFXZeuKulToYR3AHnD1qvI8Y,4,12,4,0,0,30,0,34,2017-06-26,"School Age Care,Before School Care,Meals Provided ,After School Care,Snacks Provided,Part Time Care,Transportation to/from School",Y,NO,NO,NO,1267150,Moore's Faithful 2 Learning,DALLAS,2120 N SAINT AUGUSTINE DR STE 120,75227 8039,Moore’s Faithful Learning Academy,4.2,5.0,5,high_confidence,8.5,0,1,0,0,0,20,0.667,0.133
ChIJFXsygIrMQIYREmJ-GCMPlMU,0,0,3,0,1,7,0,200,2020-02-12,"Before School Care,After School Care,Snacks Provided,Drop-In Care,Part Time Care",Y,NO,NO,NO,1336952,Reynolds Elementary Koala Kare,HOUSTON,3975 GLADERIDGE DR,77068 2422,Reynolds Elementary School,,,0,medium_confidence,5.9,0,1,0,0,0,4,0.571,0.0
ChIJFYcMaBufToYRW4pBI4-ZeUA,8,4,3,0,1,16,0,247,1987-11-06,"Meals Provided ,Snacks Provided",N,NO,NO,NO,94656,Highland Park United Methodist Day School,DALLAS,3300 MOCKINGBIRD LN,75205 2327,Highland Park United Methodist Church,4.8,177.0,5,medium_confidence,38.2,0,0,0,0,0,16,1.0,0.5
ChIJFajQaobBQIYRonBYLsnDjYc,1,0,1,0,0,10,0,102,2008-01-28,"Before School Care,After School Care,Snacks Provided,Transportation to/from School",N,NO,NO,NO,323206,Growing Tree Academy,HOUSTON,5310 ELM ST,77081 4106,The Growing Tree Academy,4.4,30.0,5,high_confidence,17.9,0,0,0,0,0,2,0.2,0.1
ChIJFash-x_MQIYRUZ64FfenmZA,1,10,0,1,0,6,1,87,2007-07-05,"School Age Care,Before School Care,Meals Provided ,After School Care,Snacks Provided,Part Time Care,Transportation to/from School ,Field Trips",Y,NO,NO,NO,308355,Young and Gifted Learning Center,HOUSTON,10300 BAMMEL NORTH HOUSTON RD STE B-G,77086 2891,Young and Gifted Learning Center,3.7,18.0,5,high_confidence,18.5,0,1,0,0,0,12,2.0,0.167
ChIJFb-CERByToYR9JW-SJewLAs,0,5,2,0,0,7,0,85,1992-02-26,"After School Care,Snacks Provided",N,NO,NO,NO,122008,Bradleys School Care at St Andrew,FORT WORTH,3304 DRYDEN RD,76109 3704,Saint Andrew Catholic School,,,0,medium_confidence,33.8,0,0,0,0,0,7,1.0,0.0
ChIJFbXtMpjLQIYRtc_vaBPgFrw,12,18,8,6,0,46,2,153,2015-05-01,"Meals Provided ,Snacks Provided",N,NO,NO,NO,1162062,Walter's Road Head Start,HOUSTON,11910 WALTERS RD,77067 1956,AVANCE Houston - Walters Rd,4.7,7.0,5,medium_confidence,10.7,0,0,0,0,0,44,0.957,0.261
ChIJFbmXhdLdQIYR6oX4VRsTFdE,0,1,0,0,0,2,0,94,2026-01-07,"Before School Care,Meals Provided ,After School Care,Snacks Provided,Drop-In Care,Part Time Care,Transportation to/from School ,Field Trips",N,NO,NO,NO,1521732,IGNITE Early Enrichment Academy,HOUSTON,3531 S DAIRY ASHFORD RD,77082 5537,Ignite Early Enrichment Academy,5.0,7.0,5,high_confidence,-0.0,0,0,0,0,0,1,0.5,0.0
ChIJFca61vecQIYRvuslWsKJTC8,4,4,4,1,0,9,1,153,2019-03-05,"School Age Care,Before School Care,Meals Provided ,After School Care,Snacks Provided,Part Time Care,Transportation to/from School ,Field Trips",Y,NO,NO,NO,1316571,Nasa Kids Academy Too,HOUSTON,911 GEMINI ST,77058 2762,Nasa Kids Academy,4.4,21.0,5,high_confidence,6.8,0,1,0,0,0,13,1.444,0.444
ChIJFczbe9iWToYRGZsMtyi-J0I,1,5,8,0,1,13,0,143,2023-10-30,"School Age Care,Before School Care,Meals Provided ,After School Care,Snacks Provided,Part Time Care,Transportation to/from School",Y,NO,NO,NO,1443214,A Missionary COGIC Learning Center,DALLAS,7460 S WESTMORELAND RD STE 105,75237 3300,Missionary C.O.G.I.C Learning Center,3.7,3.0,3,medium_confidence,2.2,0,1,0,0,0,15,1.154,0.077
ChIJFdrzeqpnXIYRITvTaBhObKI,5,7,4,0,0,15,0,125,1986-07-02,"School Age Care,Before School Care,Meals Provided ,After School Care,Snacks Provided,Drop-In Care,Part Time Care,Transportation to/from School ,Field Trips",Y,NO,NO,NO,96653,La Petite Academy Springtime,SAN ANTONIO,6634 SPRING TIME ST,78249 2702,La Petite Academy on Springtime Drive,4.5,73.0,5,high_confidence,39.5,0,1,0,0,0,16,1.067,0.333
ChIJFecOjsJWXIYRAqUy6GffB14,1,6,1,1,0,15,0,162,2010-06-30,"School Age Care,Meals Provided ,After School Care,Snacks Provided,Drop-In Care,Skill Classes,Part Time Care,Night Care",Y,NO,NO,NO,598048,My Little Team Texas Daycare,SAN ANTONIO,15415 APPLEWHITE RD STE 102&107,78264 3656,My Little Team Texas Daycare,4.3,54.0,5,high_confidence,15.5,0,1,0,0,0,9,0.6,0.067
ChIJFf_uNiXcQIYRTtTse6rcul4,13,21,16,7,0,15,2,100,2017-05-26,"School Age Care,Before School Care,Meals Provided ,After School Care,Snacks Provided,Drop-In Care,Skill Classes,Part Time Care,Transportation to/from School ,Weekend Care,Field Trips",Y,NO,NO,NO,1259669,"Little Thinkers of West Oaks, LLC",HOUSTON,2933 WESTHOLLOW DR,77082 1823,Little Thinkers,4.7,41.0,5,medium_confidence,8.6,0,1,0,0,0,57,3.8,0.867
ChIJFwR5pO-fToYRpfh3rx6CYL4,2,1,5,0,0,10,0,250,2012-01-10,"Meals Provided ,Snacks Provided,Drop-In Care,Part Time Care",N,NO,NO,NO,969373,Dealey Child Care Center,DALLAS,8190 WALNUT HILL LN,75231 4316,The Dealey Child Care Center managed by Bright Horizons,3.8,25.0,5,medium_confidence,14.0,0,0,0,0,0,8,0.8,0.2
ChIJFxFha4vLQIYRrAJIM077-20,5,5,8,6,0,14,2,390,2007-03-30,"After School Care,Skill Classes,Part Time Care,Transportation to/from School ,Field Trips",Y,NO,NO,NO,300879,Fallbrook Community Development Center,HOUSTON,12512 WALTERS RD,77014 2784,FALLBROOK DEVELOPMENT CENTER,,,0,high_confidence,18.8,0,1,0,0,0,24,1.714,0.357
ChIJFyJwPY-RQIYRsglMGIk5euE,0,1,0,0,0,8,0,80,2023-02-06,"School Age Care,Accredited,Snacks Provided,Part Time Care",Y,NO,NO,NO,1412985,KCE Champions LLC @ Melillo MS,HOUSTON,9220 HUGHES RD,77089 3336,Champions at Melillo Middle School,3.0,2.0,2,medium_confidence,2.9,1,1,0,0,0,1,0.125,0.0
ChIJG-85_yLEQIYROwJihLClq_0,1,9,2,2,0,5,1,307,1986-06-06,"Accredited,After School Care,Part Time Care,Field Trips",N,NO,NO,NO,94872,School of the Woods #1,HOUSTON,1307 AND 1321 WIRT RD,77055,School Of The Woods Montessori,,,0,medium_confidence,39.6,1,0,0,0,0,14,2.8,0.2
ChIJG-iPLZzLRIYREQreFQFty4M,0,0,2,0,0,9,0,75,2020-10-02,"School Age Care,After School Care,Snacks Provided,Skill Classes",N,NO,NO,NO,1357914,iKids University at Doss Elementary,AUSTIN,7005 NORTHLEDGE DR,78731 2933,iKids U at Doss,,,0,medium_confidence,5.2,0,0,0,0,0,2,0.222,0.0
ChIJG-ySWo5DXIYR71VoR5B6hig,8,7,2,0,0,26,0,291,2019-09-30,"School Age Care,Meals Provided ,After School Care,Snacks Provided,Part Time Care,Transportation to/from School ,Field Trips",Y,NO,NO,NO,1327425,Life Church Learning Center - West Campus,SAN ANTONIO,10310 POTRANCO RD,78251 3356,Life Church Learning Center - West Campus,2.8,30.0,5,high_confidence,6.3,0,1,0,0,0,17,0.654,0.308
ChIJG0MnHp7yXIYRiWoIfhEcYIA,6,4,2,0,0,24,0,106,2025-12-08,"Meals Provided ,Snacks Provided",N,NO,NO,NO,1509055,Kiddie Round-Up #5,SAN ANTONIO,8125 GLEN MONT,78239 3499,"Kiddie Round-Up, CDC",4.1,34.0,5,high_confidence,0.1,0,0,0,0,0,12,0.5,0.25
ChIJG2RhzGPYTYYRjmGmi39M3n8,0,0,1,0,0,8,0,100,1999-03-02,"After School Care,Drop-In Care",Y,NO,NO,NO,156792,Clayton Youth Enrichment @ North Riverside Elementary,FORT WORTH,7900 N RIVERSIDE DR,76137 1073,North Riverside Elementary,,,0,medium_confidence,26.8,0,1,0,0,0,1,0.125,0.0
ChIJG3GirNyLXIYRXrgNM_BrRmM,11,20,32,3,0,25,1,8,2024-03-13,"School Age Care,Before School Care,After School Care,Drop-In Care,Night Care",Y,NO,NO,NO,1434535,Helen Marie's Christian Childcare,SAN ANTONIO,11839 PERRIN BEITEL RD,78217 2155,Helen Marie's Christian Childcare Learning Academy,4.2,17.0,5,medium_confidence,1.8,0,1,0,0,0,66,2.64,0.44
ChIJG3Q06UFxToYRJfKjeHo94Gc,4,8,0,0,0,36,0,140,1986-03-21,"Meals Provided ,Snacks Provided",Y,NO,NO,NO,112257,Ella McFadden-Downtown YMCA,FORT WORTH,512 LAMAR ST,76102 3754,Amon Carter Jr. Downtown YMCA,4.7,265.0,5,medium_confidence,39.8,0,1,0,0,0,12,0.333,0.111
ChIJG3beu6m0RIYRm2-hYgdBHxM,1,4,3,1,0,10,0,76,2009-10-14,"Meals Provided ,After School Care,Snacks Provided",Y,NO,NO,NO,418951,Tender Memories Learning Center,AUSTIN,308 W STASSNEY LN,78745 3130,Tender Memories Learning Center,4.0,20.0,5,high_confidence,16.2,0,1,0,0,0,9,0.9,0.1
ChIJG5XeAEWQToYRsFB6sMuSBlM,2,3,3,0,0,14,0,56,2008-02-07,"School Age Care,Before School Care,Meals Provided ,After School Care,Snacks Provided,Transportation to/from School ,Field Trips",Y,NO,NO,NO,321492,Creative Minds Child Care Center,DALLAS,5606 S COCKRELL HILL RD,75236 2116,Creative Minds Child Care Center,4.2,13.0,5,high_confidence,17.9,0,1,0,0,0,8,0.571,0.143
ChIJG6OoKljYTYYRatQD08eJdJI,0,1,0,0,0,8,0,157,2003-09-19,"School Age Care,Part Time Care,Field Trips",N,NO,NO,NO,235252,Light of the World,FORT WORTH,8750 OLD DENTON RD,76244 9696,Light of the World Church,4.9,146.0,5,high_confidence,22.3,0,0,0,0,0,1,0.125,0.0
ChIJG84qZ2DdQIYRs7jCZLHaSZo,3,7,11,0,0,11,0,60,2020-08-20,"School Age Care,Before School Care,Meals Provided ,After School Care,Snacks Provided,Part Time Care,Transportation to/from School ,Field Trips",Y,NO,NO,NO,1344779,Happiness Learning Center,HOUSTON,9626 COURT GLEN DR,77099 2541,Happiness Learning Center,4.8,6.0,5,high_confidence,5.4,0,1,0,0,0,21,1.909,0.273
ChIJG9UXmHTDQIYR29WcFzoQWvw,0,2,0,0,0,7,1,86,1992-02-04,Snacks Provided,N,NO,NO,NO,121698,Second Baptist School Early Childhood Program (Woodway),HOUSTON,6400 WOODWAY DR,77057 1606,Second Baptist School,,,0,medium_confidence,33.9,0,0,0,0,0,2,0.286,0.0
ChIJGR9AD9aeToYRki4OGrQ_AKk,2,5,7,0,0,7,0,194,2003-06-24,"Snacks Provided,Drop-In Care,Part Time Care",N,NO,NO,NO,222113,Church of Incarnation,DALLAS,3966 MCKINNEY AVE,75204 2018,Church of the Incarnation,4.7,92.0,5,high_confidence,22.5,0,0,0,0,0,14,2.0,0.286
ChIJGRYpqUpfXIYRm0tDpLxyx2w,0,1,0,0,0,11,0,56,2023-11-28,"Meals Provided ,Snacks Provided",N,NO,NO,NO,1446889,Upbring Head Start (Redeemer),SAN ANTONIO,2507 FREDERICKSBURG RD,78201 3784,Upbring Head Start - Redeemer San Antonio,,,0,medium_confidence,2.1,0,0,0,0,0,1,0.091,0.0
ChIJGSZrG1CcToYR_PP03r_EGVU,1,14,2,1,0,9,1,60,2021-04-01,"After School Care,Snacks Provided",Y,NO,NO,NO,1360568,YMCA @ Uplift Williams,DALLAS,1750 VICEROY DR,75235 2308,Uplift Williams Preparatory,,,0,medium_confidence,4.8,0,1,0,0,0,18,2.0,0.111
ChIJGVrG438gTIYRvmvs0TdIuDc,1,8,7,0,0,11,0,113,2010-06-10,,Y,NO,NO,NO,512688,Champions-George Bannerman Dealey Montessori Academy,DALLAS,6501 ROYAL LN,75230 4142,Champions at George Bannerman Dealey Montessori Academy,5.0,2.0,2,high_confidence,15.6,0,1,0,0,0,16,1.455,0.091
ChIJGXV0P1aZToYReFzkRQrwvXk,14,18,5,1,0,17,2,50,2024-01-08,"School Age Care,Before School Care,Meals Provided ,After School Care,Snacks Provided,Drop-In Care,Part Time Care,Transportation to/from School ,Field Trips",Y,NO,NO,NO,1440557,Love and Light CDC,DALLAS,2506 S LANCASTER RD,75216 2532,Love and Light Child Development Center,5.0,1.0,1,medium_confidence,2.0,0,1,0,0,0,38,2.235,0.824
ChIJGY8rR4K1RIYRj4XxDYP81JE,2,1,6,1,0,7,2,75,2019-02-14,"Before School Care,Accredited,After School Care",N,NO,NO,NO,1311500,All Saints Episcopal Church,AUSTIN,209 W 27TH ST,78705 1043,All Saints' Episcopal Church,4.7,88.0,5,high_confidence,6.9,1,0,0,0,0,10,1.429,0.286
ChIJGYFX3fpdXIYRorKVOG6XoXA,8,10,6,1,0,13,0,71,1997-09-26,"Meals Provided ,After School Care,Snacks Provided,Drop-In Care,Skill Classes,Part Time Care,Transportation to/from School ,Field Trips",Y,NO,NO,NO,146447,Study Hall,SAN ANTONIO,2046 BABCOCK RD,78229 4409,Study Hall Learning Center,4.6,25.0,5,medium_confidence,28.3,0,1,0,0,0,25,1.923,0.615
ChIJG_3vFvlmXIYRqoKR8zeArpQ,9,16,5,0,0,23,0,126,2011-11-29,"School Age Care,Before School Care,Meals Provided ,After School Care,Snacks Provided,Drop-In Care,Part Time Care,Transportation to/from School ,Field Trips",Y,NO,NO,NO,949708,Summerlin Child Care & Learning Center,SAN ANTONIO,6387 DE ZAVALA RD,78249 2101,Summerlin Childcare & Learning Center,4.5,110.0,5,high_confidence,14.1,0,1,0,0,0,30,1.304,0.391
ChIJG_4avj9LW4YRXAL8uxgk0nk,2,10,3,0,0,13,0,286,1985-12-13,"After School Care,Snacks Provided,Part Time Care",N,NO,NO,NO,99295,Austin Montessori Sunset,AUSTIN,5012 SUNSET TRL,78745 1319,Austin Montessori School - Sunset Trail Campus,,,0,medium_confidence,40.1,0,0,0,0,0,15,1.154,0.154
ChIJGb5WOBxtToYRK4I7cqjTDDc,5,2,6,0,0,17,1,102,2020-01-27,"School Age Care,Meals Provided ,After School Care,Snacks Provided,Drop-In Care,Part Time Care",Y,NO,NO,NO,1323098,Dear Ones Daycare & Preschool,FORT WORTH,8061 S HULEN ST,76123 2768,DearOnes Daycare & Preschool,4.5,42.0,5,high_confidence,5.9,0,1,0,0,0,13,0.765,0.294
ChIJGbEn2dxtToYRAb3IeMjnfI0,5,2,6,1,0,32,0,119,1987-02-11,"Before School Care,Accredited,Meals Provided ,After School Care,Snacks Provided,Skill Classes,Part Time Care",N,NO,NO,NO,94861,Skyrise School on Westcreek Drive,FORT WORTH,6017 WESTCREEK DR,76133 3330,Skyrise School on Westcreek Drive,4.3,46.0,5,high_confidence,38.9,1,0,0,0,0,14,0.438,0.156
ChIJGbXy9fDFQIYRL-cDPcyKOSA,2,2,2,0,0,6,0,100,1987-06-04,"School Age Care,Snacks Provided",Y,NO,NO,NO,98314,Christian School NW Houston,HOUSTON,6720 W TIDWELL RD,77092 1436,Christian School of Northwest Houston,,,0,high_confidence,38.6,0,1,0,0,0,6,1.0,0.333
ChIJGc5Tj6xCXIYR_vd3JX8VQsY,4,3,3,0,1,22,0,152,2011-07-05,"School Age Care,Meals Provided ,After School Care,Snacks Provided,Part Time Care,Transportation to/from School ,Field Trips",Y,NO,NO,NO,804708,Pinnacle Kids Academy,SAN ANTONIO,7003 TEZEL RD,78250 3592,Pinnacle Kids Academy,4.0,45.0,5,high_confidence,14.5,0,1,0,0,0,11,0.5,0.182
ChIJGc85hmaQToYReddgP1zknds,1,5,4,0,0,10,0,163,2002-12-03,"School Age Care,Before School Care,Meals Provided ,After School Care,Snacks Provided,Transportation to/from School ,Field Trips",Y,NO,NO,NO,207443,Kids Concepts Child Development,DALLAS,4019 W LEDBETTER DR,75233 3627,Kids Concepts,4.7,47.0,5,medium_confidence,23.1,0,1,0,0,0,10,1.0,0.1
ChIJGcCsaABfXIYRhl518a5_51w,12,4,10,0,0,18,0,33,2025-12-01,"School Age Care,Meals Provided ,After School Care,Snacks Provided,Transportation to/from School",N,NO,NO,NO,1517293,Tree Of Life Daycare Infants/Afterschool,SAN ANTONIO,2302 N ZARZAMORA ST,78201 5407,Tree of Life Daycare,5.0,7.0,5,medium_confidence,0.1,0,0,0,0,0,26,1.444,0.667
ChIJGdM95hFtToYR2tViTu5eeLg,2,7,1,0,0,7,0,120,2019-11-19,School Age Care,Y,NO,NO,NO,1342713,Fort Worth Montessori @Greenbrier,FORT WORTH,5701 WEDGWOOD DR,76133 2540,Fort Worth Montessori School,,,0,medium_confidence,6.1,0,1,0,0,0,10,1.429,0.286
ChIJGe41zF9LW4YRMWBmYnNhpM0,1,3,0,0,0,5,1,72,2024-02-27,"School Age Care,Meals Provided ,After School Care,Snacks Provided",Y,NO,NO,NO,1469757,Happy Hearts Bilingual Learning Center,AUSTIN,6615 MENCHACA RD,78745 4934,Happy Hearts Bilingual,4.8,22.0,5,medium_confidence,1.8,0,1,0,0,0,4,0.8,0.2
ChIJGe_Y2u3ZTYYRebscLcVUQnw,0,0,0,0,0,2,0,157,2025-09-25,"School Age Care,Snacks Provided,Part Time Care",N,NO,NO,NO,1515478,Stepping Stones Academy,FORT WORTH,11655 ALTA VISTA RD,76244 6430,Stepping Stones Academy,4.7,77.0,5,high_confidence,0.3,0,0,0,0,0,0,0.0,0.0
ChIJGw6atapMW4YRzFrMejuMk3U,1,2,3,0,0,11,0,105,2021-03-15,"School Age Care,Meals Provided ,After School Care,Snacks Provided,Part Time Care,Transportation to/from School ,Field Trips",Y,NO,NO,NO,1374087,House of Little Angels LLC,AUSTIN,5611 W GATE BLVD,78745 3431,House of Little Angels,4.3,36.0,5,high_confidence,4.8,0,1,0,0,0,6,0.545,0.091
ChIJGww-0OjHQIYRaSRPzO9FVYM,1,14,13,2,1,12,2,99,2019-05-02,Part Time Care,N,NO,NO,NO,1317011,Sproutstart Academy,HOUSTON,4926 N SHEPHERD DR,77018 2218,Sproutstart Academy,5.0,11.0,5,high_confidence,6.7,0,0,0,0,0,31,2.583,0.083
ChIJGypPUgXLRIYRwUrPnmJZbKU,0,0,0,1,0,7,1,59,2015-07-01,Field Trips,Y,NO,NO,NO,1183653,Spark Learning,AUSTIN,2515 ENFIELD RD,78703 3715,Spark Learning Preschool and ABA Therapy,4.1,35.0,5,medium_confidence,10.5,0,1,0,0,0,1,0.143,0.0
ChIJGz0rw5FnXIYRFbAGtrztQxw,5,9,2,1,0,23,1,147,2020-09-22,"School Age Care,Before School Care,Meals Provided ,After School Care,Snacks Provided,Drop-In Care,Part Time Care,Transportation to/from School ,Field Trips",Y,NO,NO,NO,1335118,The Kid's Garden Learning Center,SAN ANTONIO,8680 GUILBEAU RD,78250 2644,The Kids Garden Learning Center II,4.1,20.0,5,high_confidence,5.3,0,1,0,0,0,17,0.739,0.217
ChIJH1L4oPJgXIYReiW8uoFqmco,2,9,10,2,1,7,2,70,2005-09-01,"After School Care,Part Time Care,Field Trips",N,NO,NO,NO,261706,Montessori Schoolhouse,SAN ANTONIO,10711 DREAMLAND DR,78230 4201,MONTESSORI SCHOOLHOUSE,4.8,24.0,5,high_confidence,20.3,0,0,0,0,0,24,3.429,0.286
ChIJH1pZenfRQIYRgd5PNvcGmSw,5,13,8,1,0,15,2,68,2023-01-06,"School Age Care,Before School Care,Meals Provided ,After School Care,Snacks Provided,Drop-In Care,Part Time Care,Transportation to/from School ,Weekend Care",Y,NO,NO,NO,1391308,Incredible Kidz Daycare & Learning Center,HOUSTON,11130 N ELDRIDGE PKWY STE 4,77065 3425,Incredible Kidz Daycare,5.0,3.0,3,medium_confidence,3.0,0,1,0,0,0,27,1.8,0.333
ChIJH1pssie-QIYRQMFegVdo2Kc,1,4,7,0,0,5,0,187,2019-01-09,"School Age Care,Before School Care,Meals Provided ,After School Care,Snacks Provided,Transportation to/from School ,Field Trips",Y,NO,NO,NO,1317616,Kandy Stripe Academy,HOUSTON,6515 MARTIN LUTHER KING BLVD,77033 1724,Kandy Stripe Academy Early Childhood Center,3.7,19.0,5,medium_confidence,7.0,0,1,0,0,0,12,2.4,0.2
ChIJH1sYVGacQIYR8UUnoZGQdMI,3,2,1,0,0,11,0,176,1986-08-28,"Snacks Provided,Part Time Care",Y,NO,NO,NO,96691,Clear Lake United  Methodist Church Preschool and MDO,HOUSTON,16335 EL CAMINO REAL,77062 5208,Clear Lake United Methodist Church,4.4,42.0,5,medium_confidence,39.3,0,1,0,0,0,6,0.545,0.273
ChIJH28g5B1yToYRfpco1E2kleI,6,18,4,0,0,13,0,136,2020-03-24,"School Age Care,Before School Care,Meals Provided ,After School Care,Snacks Provided,Drop-In Care,Part Time Care,Transportation to/from School ,Field Trips",Y,NO,NO,NO,1338151,Daisy School,FORT WORTH,3443 MCCART AVE,76110 3635,Daisy School LLC,3.0,20.0,5,high_confidence,5.8,0,1,0,0,0,28,2.154,0.462
ChIJH2Pjnti_QIYRLAxBDlo-kIg,0,0,0,0,0,6,0,124,2025-07-18,"School Age Care,Meals Provided ,Snacks Provided,Drop-In Care,Skill Classes,Part Time Care",N,NO,NO,NO,1495595,Museum District Childcare Center San Jacinto,HOUSTON,4905 SAN JACINTO ST,77004 5718,Museum District Child Care Center at San Jacinto,5.0,13.0,5,high_confidence,0.5,0,0,0,0,0,0,0.0,0.0
ChIJH34VYC23QIYR0G9YgR0qTro,2,3,5,3,0,8,0,80,2024-01-17,"School Age Care,Before School Care,Accredited,Meals Provided ,After School Care,Snacks Provided,Field Trips",Y,NO,NO,NO,1449512,KCE Champions LLC @ IDEA Hardy,HOUSTON,1930 LITTLE YORK RD,77093 3232,Champions at IDEA Hardy,,,0,medium_confidence,2.0,1,1,0,0,0,13,1.625,0.25
ChIJH4BTqPBYXIYRJ6phqmgqnZ8,7,9,7,0,0,8,0,60,1987-04-01,"School Age Care,Meals Provided ,After School Care,Snacks Provided,Drop-In Care,Part Time Care,Transportation to/from School ,Field Trips",Y,NO,NO,NO,96878,Carino Child Care Center,SAN ANTONIO,435 SIMS AVE,78225 2355,Carino Child Care Center,4.7,7.0,5,high_confidence,38.8,0,1,0,0,0,23,2.875,0.875
ChIJH57B4LuZToYR1l-guyrjI54,12,22,0,0,0,42,0,307,2022-05-20,"School Age Care,Before School Care,Meals Provided ,After School Care,Snacks Provided,Drop-In Care,Part Time Care",Y,NO,NO,NO,1390638,Dallas Life Child Development Center,DALLAS,1100 CADIZ ST,75215 1012,Developmental Learning Center at FUMC,5.0,2.0,2,medium_confidence,3.6,0,1,0,0,0,34,0.81,0.286
ChIJH5SZ48lMW4YRpPJApE8V1ak,1,1,0,0,0,6,0,153,1996-10-08,After School Care,Y,NO,NO,NO,144500,Williams AISD Third Base,AUSTIN,500 MAIRO ST,78748 5456,Williams Elementary School,,,0,medium_confidence,29.2,0,1,0,0,0,2,0.333,0.167
ChIJH7A5WuTpQIYRhR7lu6cpI_8,1,0,0,0,0,6,0,238,1990-05-22,,N,NO,NO,NO,107581,Westbury Baptist Church Day School,HOUSTON,10425 HILLCROFT ST,77096 4703,Westbury Baptist Church,4.8,63.0,5,high_confidence,35.6,0,0,0,0,0,1,0.167,0.167
ChIJH7OLabCdToYRC4bgvwNLo8Y,1,5,4,1,0,10,0,85,2017-01-25,"School Age Care,Before School Care,Accredited,Meals Provided ,After School Care,Snacks Provided,Skill Classes,Transportation to/from School",Y,NO,NO,NO,1266245,Creative Steps Academy LLC,DALLAS,3250 ORADELL LN,75220 6041,Creative Steps Academy,4.6,20.0,5,high_confidence,8.9,1,1,0,0,0,11,1.1,0.1
ChIJH7sZ47pfXIYRzEgoIp3BIMM,0,2,1,0,0,6,2,180,2012-05-11,"School Age Care,After School Care,Snacks Provided",N,NO,NO,NO,940692,Y School Age @ Neal Elementary,SAN ANTONIO,3407 CAPITOL AVE,78201 2503,Elma A Neal Elementary School,,,0,high_confidence,13.6,0,0,0,0,0,3,0.5,0.0
ChIJH83ciyyhToYRQixohYDRhVA,1,0,0,0,0,12,1,169,2006-01-31,"School Age Care,Meals Provided ,After School Care,Snacks Provided,Drop-In Care,Skill Classes,Part Time Care,Transportation to/from School ,Field Trips",Y,NO,NO,NO,275296,Heavenly Christian Academy,DALLAS,11421 SHILOH RD,75228 2150,Heavenly Christian Academy,4.0,65.0,5,high_confidence,19.9,0,1,0,0,0,1,0.083,0.083
ChIJH94KXxjEQIYRzFclxEuw8QM,3,1,1,0,0,14,0,264,1988-02-24,"School Age Care,After School Care,Part Time Care,Transportation to/from School ,Field Trips",N,NO,NO,NO,94992,Terrace Weekday Programs,HOUSTON,1203 WIRT RD,77055 6852,Terrace United Methodist Church,4.6,29.0,5,medium_confidence,37.9,0,0,0,0,0,5,0.357,0.214
ChIJH9Ynz3fxXIYRpHEWOgBMXTI,0,1,1,0,0,7,0,119,2023-11-27,"School Age Care,Before School Care,Meals Provided ,After School Care,Snacks Provided,Drop-In Care,Part Time Care,Transportation to/from School",Y,NO,NO,NO,1466378,Kiddie Corner Learning Academy 2,SAN ANTONIO,2430 WAYNE DR,78222 1431,Kiddie Corner Learning Center 2,4.8,27.0,5,high_confidence,2.1,0,1,0,0,0,2,0.286,0.0
ChIJH9_klePPQIYRW4qa-guBFTk,1,0,2,0,0,2,0,36,2026-01-09,"School Age Care,Before School Care,Meals Provided ,After School Care,Snacks Provided,Drop-In Care,Part Time Care,Transportation to/from School ,Weekend Care,Field Trips,Night Care",N,NO,NO,NO,1520154,Annette Happy Kids Daycare,HOUSTON,9436 N HOUSTON ROSSLYN RD STE C,77088 3905,Annette’s Happy Kids Bilingual Daycare,,,0,high_confidence,-0.0,0,0,0,0,0,3,1.5,0.5
ChIJHQZkWF1vToYRutuW1PUIpQ4,3,6,14,4,0,18,2,96,2020-10-08,"Before School Care,Meals Provided ,After School Care,Snacks Provided,Drop-In Care,Part Time Care,Transportation to/from School ,Field Trips",Y,NO,NO,NO,1348336,"International Kids Academy, Inc",FORT WORTH,145 SHEFFIELD DR,76134 3819,"International Kids Academy, Inc.",4.6,19.0,5,high_confidence,5.2,0,1,0,0,0,27,1.5,0.167
ChIJHQszbaklKmEROPut7e7KMJw,0,0,0,0,0,2,0,33,2025-12-23,"Snacks Provided,Part Time Care,Field Trips",N,NO,NO,NO,1519031,Sweet Sunsets Learning Academia,SAN ANTONIO,1056 E BORGFELD DR,78260 1627,Sweet Sunsets Learning Academia,5.0,1.0,1,high_confidence,0.0,0,0,0,0,0,0,0.0,0.0
ChIJHRnuEwBcXIYRwc_7v9ukwVo,1,2,2,0,0,16,0,189,2021-07-12,"Meals Provided ,Snacks Provided",N,NO,NO,NO,1369688,Early Head Start at Stafford ECC,SAN ANTONIO,611 SW 36TH ST,78237 2607,Stafford Early Childhood Center,4.0,20.0,5,medium_confidence,4.5,0,0,0,0,0,5,0.312,0.062
ChIJHS6J96u0RIYRoG0jaDa-o94,0,1,1,0,0,5,0,50,2018-02-20,"Meals Provided ,After School Care,Snacks Provided,Drop-In Care,Part Time Care",Y,NO,NO,NO,1284285,Growing Imaginations Learning Center LLC,AUSTIN,5410 S 1ST ST,78745 3040,Growing Imaginations Learning Center LLC,4.5,45.0,5,high_confidence,7.9,0,1,0,0,0,2,0.4,0.0
ChIJHSZMUT7bQIYRLOyPM_x6LQU,1,5,8,2,0,6,0,115,2025-09-17,"School Age Care,Snacks Provided,Part Time Care,Field Trips",N,NO,NO,NO,1498683,Sherwood Forest Montessori School,HOUSTON,1331 SHERWOOD FOREST ST,77043 4637,Sherwood Forest Montessori School,,,0,high_confidence,0.3,0,0,0,0,0,16,2.667,0.167
ChIJHUOAQnVJW4YRljC9bWZwLME,5,23,8,0,0,16,0,136,2001-11-21,"School Age Care,After School Care,Snacks Provided,Transportation to/from School",N,NO,NO,NO,154018,National Elite Gymnastics,AUSTIN,7632 W HIGHWAY 71,78735 8247,National Elite Gymnastics,4.2,74.0,5,high_confidence,24.1,0,0,0,0,0,36,2.25,0.312
ChIJHUwpT533XIYRZl0_-jBM45A,1,0,0,0,0,6,0,57,2001-02-28,"Accredited,Meals Provided ,Snacks Provided,Part Time Care,Field Trips",Y,NO,NO,NO,167245,St. Philip's College Child Development Center,SAN ANTONIO,2207 WYOMING ST,78203 1949,SPC - Child Development Center (CDC),5.0,4.0,4,medium_confidence,24.8,1,1,0,0,0,1,0.167,0.167
ChIJHV1k1Q3dQIYRGHBanDEQ4Mw,3,2,3,0,0,7,0,191,2010-02-09,"Meals Provided ,Snacks Provided",N,NO,NO,NO,507277,Sharpview Head Start,HOUSTON,12280 SHARPVIEW DR,77072 2331,Sharpview Head Start,4.9,33.0,5,high_confidence,15.9,0,0,0,0,0,8,1.143,0.429
ChIJHVwQ_pbQTYYRFmxj4Jw2gOA,3,3,4,0,0,17,0,251,2000-11-01,"School Age Care,Before School Care,Accredited,Meals Provided ,After School Care,Snacks Provided,Drop-In Care,Skill Classes,Part Time Care,Transportation to/from School ,Field Trips",Y,NO,NO,NO,165232,The Childrens Courtyard,FORT WORTH,4500 ALLIANCE GATEWAY FWY,76177 3714,The Children's Courtyard on Alliance Gateway,4.3,32.0,5,medium_confidence,25.2,1,1,0,0,0,10,0.588,0.176
ChIJHW9ufvGbQIYRka4rWvJ5F7o,4,20,7,2,0,11,2,300,1990-03-30,"School Age Care,Before School Care,After School Care,Snacks Provided,Transportation to/from School ,Field Trips",Y,NO,NO,NO,108664,Grace Christian Academy Early Learning Center,HOUSTON,14325 CRESCENT LANDING DR,77062 2178,Grace Christian Academy Early Learning Center,4.2,13.0,5,high_confidence,35.8,0,1,0,0,0,33,3.0,0.364
ChIJHWMbCvuZToYREqtcFawTnrk,2,3,0,0,0,11,0,198,2010-11-05,"Meals Provided ,Snacks Provided,Drop-In Care,Part Time Care,Transportation to/from School ,Field Trips",Y,NO,NO,NO,662108,2nd Step Daycare & Learning Center,DALLAS,4255 S R L THORNTON FWY,75224 5105,2nd Step Daycare & Learning Center,4.1,20.0,5,high_confidence,15.2,0,1,0,0,0,5,0.455,0.182
ChIJHX0MWbzfTYYRtkSZY7ayMAQ,0,4,2,1,0,7,1,150,2009-02-23,"School Age Care,After School Care,Snacks Provided,Part Time Care",N,NO,NO,NO,364564,Lake Pointe Elementary - Northwest YMCA,FORT WORTH,5501 PARK DR,76179 5901,Lake Pointe Elementary School,,,0,medium_confidence,16.9,0,0,0,0,0,7,1.0,0.0
ChIJHYW2sGFbXIYRH0nCV_YlIoY,2,9,4,1,0,13,1,84,2021-04-21,"School Age Care,Meals Provided ,Snacks Provided",Y,NO,NO,NO,1362264,Head Start Mary Hull Elementary,SAN ANTONIO,7320 REMUDA DR,78227 2853,Mary Hull Elementary School,,,0,medium_confidence,4.7,0,1,0,0,0,16,1.231,0.154
ChIJHZZCbGPMQIYRjkJCyHfa9Ik,0,0,0,0,0,3,0,102,2026-04-16,"School Age Care,Before School Care,Meals Provided ,After School Care,Snacks Provided,Drop-In Care,Part Time Care,Transportation to/from School ,Field Trips",N,NO,NO,NO,1525371,Growing Together Preschool and Daycare,HOUSTON,14600 GLADEBROOK DR,77068 2802,Growing Together Preschool and Daycare,4.4,34.0,5,high_confidence,0.0,0,0,0,0,0,0,0.0,0.0
ChIJHaXlFHm_QIYResLuvKXzDa4,4,8,5,0,1,10,0,101,2007-07-25,"School Age Care,Meals Provided ,After School Care,Snacks Provided,Skill Classes,Transportation to/from School ,Field Trips",Y,NO,NO,NO,303861,Cradles 2 Crayons Academy,HOUSTON,4930 TRAVIS ST,77002 9742,Cradles 2 Crayons Early Learning Academy,4.6,71.0,5,medium_confidence,18.4,0,1,0,0,0,18,1.8,0.4
ChIJHaZOls3QQIYRkg8czo9J8GI,6,2,1,0,0,18,0,186,2018-11-08,"School Age Care,Before School Care,Accredited,Meals Provided ,After School Care,Snacks Provided,Skill Classes,Part Time Care,Transportation to/from School ,Field Trips",Y,NO,NO,NO,1317256,Primrose School of Copperfield,HOUSTON,15550 RIDGE PARK DR,77095 2850,Primrose School of Copperfield,4.8,94.0,5,high_confidence,7.1,1,1,0,0,0,9,0.5,0.333
ChIJHazI8V2MXIYRKE3vy7GRe2o,1,1,2,0,0,4,0,83,2025-12-04,"School Age Care,Before School Care,Meals Provided ,After School Care,Snacks Provided,Part Time Care",N,NO,NO,NO,1505699,Kinder Learning Academy,SAN ANTONIO,14907 NACOGDOCHES RD,78247 1611,Kinder Learning Academy,4.9,64.0,5,high_confidence,0.1,0,0,0,0,0,4,1.0,0.25
ChIJHbKwo1PLQIYR5Vb4-ANgmik,4,6,0,2,0,32,2,110,2026-03-05,"School Age Care,Before School Care,Meals Provided ,After School Care,Snacks Provided,Drop-In Care,Part Time Care,Transportation to/from School ,Field Trips",N,NO,NO,NO,1522852,The Learner's Nest Academy II,HOUSTON,15225 ELLA BLVD STE D,77090 7048,The Learner's Nest Academy,4.9,39.0,5,high_confidence,0.0,0,0,0,0,0,12,0.375,0.125
ChIJHf4mcymIXIYRipXqJhajO30,0,4,0,0,0,12,0,95,2022-02-16,Snacks Provided,N,NO,NO,NO,1386013,The Fellowship Kids Day Out and Preschool,SAN ANTONIO,23755 CANYON GOLF RD,78258 4926,The Fellowship of San Antonio,4.9,88.0,5,medium_confidence,3.9,0,0,0,0,0,4,0.333,0.0
ChIJHfUfvTJyToYRMZwOnKjSme8,2,3,3,1,0,9,1,51,2018-01-09,"School Age Care,Meals Provided ,Snacks Provided,Drop-In Care,Weekend Care,Night Care",N,NO,NO,NO,1281364,"The PlaySpace, LLC",FORT WORTH,3206 COLLINSWORTH ST,76107 6528,The PlaySpace,4.7,45.0,5,high_confidence,8.0,0,0,0,0,0,9,1.0,0.222
ChIJHw1hE2W1RIYR7YebNA1IpqE,0,0,0,0,0,6,0,12,2025-10-23,"Snacks Provided,Part Time Care,Field Trips",N,NO,NO,NO,1504148,Rose & Buds Playschool,AUSTIN,2507 WALTER ST,78702 2836,Rose & Buds Playschool,5.0,5.0,5,high_confidence,0.2,0,0,0,0,0,0,0.0,0.0
ChIJHw63q-OlQIYRfr7WlKBptTo,5,8,7,1,0,9,2,55,2024-08-26,"School Age Care,Meals Provided ,After School Care,Snacks Provided,Transportation to/from School",Y,NO,NO,NO,1468351,Light of Houston Bilingual Academy,HOUSTON,14511 1/2 WOODFOREST BLVD,77015 3131,Light Of Houston Bilingual Academy,4.6,65.0,5,high_confidence,1.3,0,1,0,0,0,21,2.333,0.556
ChIJHx_TGhuIXIYR_cZZIa9_4HM,5,6,8,0,0,20,0,240,2017-08-31,"School Age Care,Before School Care,Meals Provided ,After School Care,Snacks Provided,Part Time Care,Transportation to/from School ,Field Trips",N,NO,NO,NO,1269908,Kiddie Academy of Canyon Springs,SAN ANTONIO,26335 CANYON GOLF RD,78260 7713,Kiddie Academy of Canyon Springs,4.1,57.0,5,high_confidence,8.3,0,0,0,0,0,19,0.95,0.25
ChIJHxfyGCVMbGcRH5MvTzhAPfs,10,18,6,6,0,36,4,62,2008-08-28,"School Age Care,Before School Care,Meals Provided ,After School Care,Snacks Provided,Drop-In Care,Part Time Care,Transportation to/from School ,Field Trips",Y,NO,NO,NO,323695,Little People's Learning Tree,HOUSTON,457 PICKERING ST,77091 3311,Little People's Creative Academy,5.0,3.0,3,medium_confidence,17.3,0,1,0,0,0,40,1.111,0.278
ChIJHyxSAkdYXIYRVJOqFNHK1xw,2,5,8,0,0,8,0,118,1985-08-13,"School Age Care,Accredited,After School Care,Part Time Care,Transportation to/from School",Y,NO,NO,NO,94732,La Petite Academy Rayburn,SAN ANTONIO,700 RAYBURN DR,78221 1347,La Petite Academy on Rayburn Drive,4.2,20.0,5,high_confidence,40.4,1,1,0,0,0,15,1.875,0.25
ChIJI1GQOri_QIYRl9egNIs9JxE,0,0,0,0,0,10,0,100,2022-03-22,"School Age Care,Meals Provided ,Snacks Provided",N,NO,NO,NO,1385440,Thompson Head Start,HOUSTON,6121 TIERWESTER ST,77021 1311,Thompson Headstart Center,,,0,high_confidence,3.8,0,0,0,0,0,0,0.0,0.0
ChIJI23GPPLZTYYREGrH5nyWRI0,1,2,1,0,0,10,0,238,2024-02-01,"School Age Care,Before School Care,Meals Provided ,After School Care,Snacks Provided,Skill Classes,Part Time Care,Transportation to/from School ,Field Trips",N,NO,NO,NO,1467832,Children's Lighthouse Woodland Springs,FORT WORTH,11845 ALTA VISTA RD,76244 6409,Children's Lighthouse of Keller - Woodland Springs,4.8,237.0,5,high_confidence,1.9,0,0,0,0,0,4,0.4,0.1
ChIJI3acHgq9QIYRHttDdK6jNPM,2,0,0,0,0,11,0,108,2023-09-27,"Meals Provided ,Snacks Provided",N,NO,NO,NO,1434937,Bezos Academy Houston - Magnolia Park,HOUSTON,7524 AVENUE E,77012 1200,Bezos Academy Houston - Magnolia Park,4.7,3.0,3,high_confidence,2.3,0,0,0,0,0,2,0.182,0.182
ChIJI3hsuFNsToYR1D0Xk5L0qBU,2,2,1,0,0,7,0,25,2025-01-30,"Part Time Care,Field Trips",N,NO,NO,NO,1472450,Little Saints Children's Weekday Ministry,FORT WORTH,3312 DRYDEN RD,76109 3704,Weekday Christian Preschool,5.0,1.0,1,medium_confidence,0.9,0,0,0,0,0,5,0.714,0.286
ChIJI4FPG9UjTIYRdcYRDfvll9E,2,5,6,0,0,8,0,131,2014-05-20,"School Age Care,Meals Provided ,After School Care,Snacks Provided,Drop-In Care,Part Time Care,Transportation to/from School ,Field Trips",Y,NO,NO,NO,1126690,Davenport Montessori LLC,DALLAS,17501 DAVENPORT RD,75252 5906,Davenport Montessori,4.0,57.0,5,high_confidence,11.6,0,1,0,0,0,13,1.625,0.25
ChIJI4_NWk4xW4YRW1pPQ7o9Ils,2,1,2,1,0,9,0,166,2015-05-15,"Snacks Provided,Part Time Care,Transportation to/from School",Y,NO,NO,NO,1164910,The Goddard School,AUSTIN,5145 RANCH ROAD 620 N BLDG H,78732 1815,The Goddard School of Steiner Ranch,4.8,60.0,5,medium_confidence,10.6,0,1,0,0,0,6,0.667,0.222
ChIJI62fP-nQQIYRDfFFsJPbH1E,1,3,0,0,0,6,0,158,2004-11-12,"After School Care,Transportation to/from School ,Field Trips",Y,NO,NO,NO,253051,Happy Days Child Learning Center,HOUSTON,7330 JACKRABBIT RD,77095 3518,Happy Days Child Learning Center,4.6,46.0,5,high_confidence,21.1,0,1,0,0,0,4,0.667,0.167
ChIJI8Z6GNaZToYR0WEmZSM-KiA,0,3,4,0,0,12,0,50,2022-01-26,"School Age Care,Before School Care,After School Care,Snacks Provided",Y,NO,NO,NO,1382399,KCE Champions LLC @ Momentous,DALLAS,106 E 10TH ST,75203 2236,Champions at Momentous School,3.0,2.0,2,medium_confidence,3.9,0,1,0,0,0,7,0.583,0.0
ChIJI9BwsEWjToYRV_UtOs5zWOA,2,5,3,3,0,9,3,50,2024-06-25,"School Age Care,Before School Care,Meals Provided ,After School Care,Snacks Provided,Drop-In Care,Part Time Care,Transportation to/from School ,Field Trips",Y,NO,NO,NO,1459853,"Stepping Stones DFW, LLC",DALLAS,8315 LAKE JUNE RD,75217 2136,Stepping Stones Early Child Development Center,3.0,21.0,5,medium_confidence,1.5,0,1,0,0,0,13,1.444,0.222
ChIJI9OnEODJRIYRuQ-mhidFRAw,1,2,1,0,0,6,0,168,1986-04-23,"School Age Care,Accredited,Meals Provided ,After School Care,Snacks Provided,Drop-In Care,Part Time Care",Y,NO,NO,NO,99194,Little Folks Nursery and Bilingual Day Care Center,AUSTIN,5706 REICHER DR,78723 3636,Little Folks Bilingual Child Development Center,4.4,21.0,5,medium_confidence,39.7,1,1,0,0,0,4,0.667,0.167
ChIJIQfozaPZTYYR9B7vKEnmL2g,5,3,1,0,0,18,0,234,2021-02-11,"School Age Care,Before School Care,Meals Provided ,After School Care,Snacks Provided,Part Time Care,Transportation to/from School ,Field Trips",N,NO,NO,NO,1359435,Primrose School Alliance,FORT WORTH,10901 FOUNDERS WAY,76177,Primrose School at Alliance,4.4,39.0,5,high_confidence,4.9,0,0,0,0,0,9,0.5,0.278
ChIJIQksyk1nXIYR8ziVqTWtDmU,0,2,0,0,0,6,0,241,1988-08-04,"School Age Care,Meals Provided ,Snacks Provided",N,NO,NO,NO,104932,Bright Ideas Childrens Enrichment,SAN ANTONIO,9433 FREDERICKSBURG RD,78240 1240,Bright Ideas Children's Enrichment Center,4.5,46.0,5,high_confidence,37.4,0,0,0,0,0,2,0.333,0.0
ChIJISHFE1dnXIYRXCgyT4ThhXk,3,10,2,0,0,16,0,116,2020-11-12,"School Age Care,Meals Provided ,After School Care,Snacks Provided,Transportation to/from School ,Field Trips",Y,NO,NO,NO,1349291,Mi Casa Child Center,SAN ANTONIO,8910 BANDERA RD STE 102,78250 3227,Mi Casa Child Center,4.6,36.0,5,high_confidence,5.1,0,1,0,0,0,15,0.938,0.188
ChIJISue71y_QIYRjnaRqn1Zu18,0,0,0,0,0,2,0,244,2025-12-12,"Meals Provided ,Snacks Provided,Drop-In Care",N,NO,NO,NO,1518124,The Learning Experience Museum,HOUSTON,5009 CAROLINE ST,77004 5715,The Learning Experience- Museum District,4.2,10.0,5,high_confidence,0.1,0,0,0,0,0,0,0.0,0.0
ChIJIV4p2znNRIYR8jGBf-dlggM,4,7,6,2,1,13,2,246,2016-10-10,"Before School Care,After School Care,Snacks Provided,Transportation to/from School ,Field Trips",Y,NO,NO,NO,1258107,Lake Creek Montessori International School,AUSTIN,10127 LAKE CREEK PKWY,78729 1711,LakeCreek Montessori - Chinese Immersion School,4.7,64.0,5,medium_confidence,9.2,0,1,0,0,0,20,1.538,0.308
ChIJIVBGD4JcXIYR-Ck-z0uMbHg,5,6,4,0,1,13,0,154,2001-11-19,"Meals Provided ,After School Care,Snacks Provided,Part Time Care,Transportation to/from School ,Field Trips",Y,NO,NO,NO,167366,Temple Of Praise ECDC,SAN ANTONIO,1620 PINN RD,78227 2002,Temple of Praise,4.5,26.0,5,high_confidence,24.1,0,1,0,0,0,16,1.231,0.385
ChIJIVWnfJL1XIYRagau5YzZxNo,2,4,1,0,1,12,0,51,2016-01-21,"Snacks Provided,Part Time Care,Transportation to/from School ,Field Trips",N,NO,NO,NO,1189205,The Little Doers,SAN ANTONIO,2800 BROADWAY ST,78209 7034,The DoSeum,4.5,1796.0,5,medium_confidence,9.9,0,0,0,0,0,8,0.667,0.167
ChIJIWOoSlHLRIYRx2uQNZrw7fw,2,10,4,0,0,13,1,75,1997-12-30,"Skill Classes,Part Time Care",Y,NO,NO,NO,150627,St. Louis Early Childhood Development Center,AUSTIN,7601 BURNET RD,78757 1204,St. Louis Early Childhood Development Center,5.0,2.0,2,high_confidence,28.0,0,1,0,0,0,16,1.231,0.154
ChIJIYhydKp7ToYRDDB5hNrFOJ8,1,1,1,0,0,8,1,109,2013-09-16,"School Age Care,Before School Care,Meals Provided ,After School Care,Snacks Provided,Drop-In Care,Skill Classes,Part Time Care,Transportation to/from School ,Field Trips,Night Care",N,NO,NO,NO,1066508,Treasures Chest Learning Center,FORT WORTH,2929 FOREST AVE,76112 6608,Treasure Chest Learning Center,4.4,20.0,5,high_confidence,12.3,0,0,0,0,0,3,0.375,0.125
ChIJIYl9UxLXQIYRiRTU9YVjRYg,0,1,0,0,0,5,0,63,1995-09-18,"Part Time Care,Field Trips",Y,NO,NO,NO,138231,Langham Creek Child Care Lab,HOUSTON,17610 FM 529 RD,77095 1004,Langham Creek High School,,,0,medium_confidence,30.3,0,1,0,0,0,1,0.2,0.0
ChIJIYtWor_DQIYRB2KR1pVjcl0,0,3,2,0,0,7,0,85,2020-02-21,"Before School Care,After School Care,Part Time Care,Field Trips",Y,NO,NO,NO,1335383,AL Hadi School,HOUSTON,14855 RICHMOND AVE,77082,Al-Hadi School,,,0,high_confidence,5.9,0,1,0,0,0,5,0.714,0.0
ChIJIZWr1vrJRIYRdZ4FZcaACm0,2,3,2,0,0,5,1,49,2023-08-07,"Meals Provided ,After School Care,Snacks Provided",Y,NO,NO,NO,1454375,Rosies Daycare #3,AUSTIN,5807 WELLINGTON DR,78723 3236,Rosies Daycare #3,4.2,5.0,5,high_confidence,2.4,0,1,0,0,0,7,1.4,0.4
ChIJI_4SPfvDQIYRMlwq3W-o-o0,7,6,4,1,1,13,0,75,2021-06-29,"School Age Care,Meals Provided ,Snacks Provided,Transportation to/from School ,Field Trips",N,NO,NO,NO,1369342,Small Steps Nurturing Center-Gulfton,HOUSTON,6856 BELLAIRE BLVD,77074 4908,Small Steps Nurturing Center - Gulfton,5.0,25.0,5,high_confidence,4.5,0,0,0,0,0,19,1.462,0.538
ChIJI_oL_nDeQIYRQod5vO_Hzl0,2,6,1,0,0,8,0,98,2009-11-03,"Meals Provided ,Part Time Care,Field Trips",Y,NO,NO,NO,460931,Al Nur School,HOUSTON,15203 BELLAIRE BLVD,77083 3108,Al Nur School,,,0,high_confidence,16.2,0,1,0,0,0,9,1.125,0.25
ChIJI_rd2VpeXIYR8yCgRilb-tY,1,5,1,1,0,7,0,41,2024-08-27,"School Age Care,Meals Provided ,Snacks Provided,Drop-In Care,Part Time Care",Y,NO,NO,NO,1470886,Beautiful Children Learning Daycare,SAN ANTONIO,3655 FREDERICKSBURG RD,78201 3859,Beautiful Children Learning Daycare,3.0,10.0,5,high_confidence,1.3,0,1,0,0,0,8,1.143,0.143
ChIJIbREC97XQIYRJ_O6lONJg78,0,1,1,0,0,5,0,175,2013-01-15,Part Time Care,N,NO,NO,NO,1073019,Cornerstone  Preschool,HOUSTON,18081 WEST RD,77095,Cornerstone Methodist Preschool,5.0,5.0,5,high_confidence,13.0,0,0,0,0,0,2,0.4,0.0
ChIJIbdHVQDbQIYRNRm48lcrNWI,4,13,8,0,0,11,0,74,2023-12-28,"Meals Provided ,Snacks Provided",N,NO,NO,NO,1444854,Nabor House Community,HOUSTON,14100 MEMORIAL DR,77079 6825,Nabor House Community,4.8,21.0,5,high_confidence,2.0,0,0,0,0,0,25,2.273,0.364
ChIJIc65_VbfTYYRLVA0YBIxNT4,5,3,3,0,0,19,0,183,2024-05-03,"School Age Care,Before School Care,Meals Provided ,After School Care,Snacks Provided,Drop-In Care,Part Time Care,Transportation to/from School ,Field Trips",N,NO,NO,NO,1466643,Lionheart Children's Academy at Eagles View,FORT WORTH,5440 W BAILEY BOSWELL RD,76179 4407,Lionheart Children's Academy at Eagles View Church,4.3,17.0,5,high_confidence,1.7,0,0,0,0,0,11,0.579,0.263
ChIJIcZS3AhLW4YRV7Hv4Lkn2jc,6,7,2,0,1,11,3,130,2013-12-04,"School Age Care,Snacks Provided,Drop-In Care,Skill Classes,Transportation to/from School ,Field Trips",N,NO,NO,NO,1104019,Life Time Fitness Camps,AUSTIN,7101 S MOPAC EXPY NB,78749,Life Time,3.6,872.0,5,medium_confidence,12.1,0,0,0,0,0,16,1.455,0.545
ChIJIdc5k821RIYRSR-JVwaRVl0,0,4,3,0,0,8,0,74,2007-01-31,"Accredited,Meals Provided ,Drop-In Care,Skill Classes,Part Time Care",N,NO,NO,NO,297673,Capital Metro Childcare and Learning Center,AUSTIN,624 N PLEASANT VALLEY RD,78702 3945,Capital Metro Child Care & Early Learning Center,4.7,14.0,5,high_confidence,18.9,1,0,0,0,0,7,0.875,0.0
ChIJIe4IGg_dQIYRqETXLfCmYGk,10,16,7,1,0,17,0,100,2024-11-07,"School Age Care,Before School Care,Meals Provided ,After School Care,Snacks Provided,Drop-In Care,Part Time Care,Transportation to/from School ,Weekend Care,Night Care",Y,NO,NO,NO,1476682,A Place For Children Too INC,HOUSTON,9805 BISSONNET ST STE A,77036 8225,A PLACE FOR CHILDREN - HOUSTON,3.8,84.0,5,medium_confidence,1.1,0,1,0,0,0,34,2.0,0.588
ChIJIeecBjC_QIYREBbRoZZu6Lw,4,9,3,0,0,14,0,238,2021-12-14,"School Age Care,Snacks Provided,Skill Classes,Part Time Care",N,NO,NO,NO,1378413,LEAH Schools Downtown Academy,HOUSTON,1316 WASHINGTON AVE,77002 1549,LEAH Schools Downtown Academy,4.6,19.0,5,high_confidence,4.0,0,0,0,0,0,16,1.143,0.286
ChIJIfg7zOrORIYRXvJF5vDxnmU,0,3,0,0,0,10,0,108,2013-03-05,"School Age Care,Accredited,Meals Provided ,After School Care,Snacks Provided,Part Time Care",Y,NO,NO,NO,1091227,PISD Copperfield Elementary Extended Day Program,AUSTIN,12135 THOMPKINS DR,78753 6961,Copperfield Elementary School,,,0,medium_confidence,12.8,1,1,0,0,0,3,0.3,0.0
ChIJIyLG0IDDQIYRw1V6KeatcbA,13,37,10,2,0,20,0,151,2023-07-24,"Before School Care,Meals Provided ,After School Care,Snacks Provided,Skill Classes,Part Time Care,Transportation to/from School",Y,NO,NO,NO,1403434,Happy Bees Childcare Center,HOUSTON,9600 S GESSNER RD BLDG C,77071 1002,Happy Bees Childcare Center,4.9,87.0,5,high_confidence,2.4,0,1,0,0,0,62,3.1,0.65
ChIJIynVFAzcQIYRHeaZXyZFwQk,0,3,2,1,0,5,0,102,1998-06-25,,N,NO,NO,NO,156095,Westside Montessori,HOUSTON,13555 BRIAR FOREST DR,77077 1905,Westside Montessori School,,,0,high_confidence,27.5,0,0,0,0,0,6,1.2,0.0
ChIJIz58m_DTTYYRHAMvhyWb1Yo,1,1,0,0,0,3,0,192,2026-03-02,"School Age Care,Before School Care,Meals Provided ,After School Care,Snacks Provided,Part Time Care",N,NO,NO,NO,1524554,The Learning Experience,FORT WORTH,7345 CANYON PARK DR,76123 3038,The Learning Experience - Fort Worth Summer Creek,4.7,57.0,5,medium_confidence,0.0,0,0,0,0,0,2,0.667,0.333
ChIJIzNyut-yRIYRIESQbQIUhIg,1,2,0,1,0,4,0,80,2026-02-06,"School Age Care,After School Care,Snacks Provided",N,NO,NO,NO,1511536,AISD Blazier Primary Third Base,AUSTIN,8601 VERTEX BLVD,78744 8202,Blazier Elementary School,,,0,medium_confidence,0.0,0,0,0,0,0,4,1.0,0.25
ChIJIzYH2-DbQIYRyxGu4zkaWcA,4,9,9,3,1,13,2,100,2006-01-03,"Meals Provided ,Snacks Provided,Field Trips",N,NO,NO,NO,284308,Smaller Scholars Montessori Academy,HOUSTON,14455 GRISBY RD,77079 2338,Smaller Scholars Montessori Academy,,,0,high_confidence,20.0,0,0,0,0,0,26,2.0,0.308
ChIJJ2czVM_3XIYRxuuevhrAVT0,6,3,4,1,0,12,0,80,2020-03-10,"School Age Care,Before School Care,After School Care,Snacks Provided,Field Trips",Y,NO,NO,NO,1338790,Premier Early Learning Center,SAN ANTONIO,3450 ROOSEVELT AVE,78214 2657,Premier Early Learning Center,4.9,11.0,5,high_confidence,5.8,0,1,0,0,0,14,1.167,0.5
ChIJJ2rhkO1dXIYR_iB8VomC-7g,14,28,18,5,0,32,1,219,1986-08-04,"School Age Care,Before School Care,After School Care,Drop-In Care,Part Time Care,Transportation to/from School ,Field Trips",N,NO,NO,NO,96638,Shepherd of the Hills Lutheran,SAN ANTONIO,6914 WURZBACH RD,78240 3832,"Shepherd of the Hills Lutheran Church, School, & Child Care",4.6,122.0,5,medium_confidence,39.4,0,0,0,0,0,65,2.031,0.438
ChIJJ3QjAsTdQIYRElKg_sNlZNc,5,15,5,0,0,27,0,215,2021-07-14,"School Age Care,Before School Care,Meals Provided ,After School Care,Snacks Provided,Drop-In Care,Part Time Care,Transportation to/from School",Y,NO,NO,NO,1368111,My Kids Daycare,HOUSTON,12280 WESTHEIMER RD STE 50,77077 6050,My Kid's Daycare,4.0,69.0,5,high_confidence,4.5,0,1,0,0,0,25,0.926,0.185
ChIJJ5Qr2XmYToYRi3u6aCvXCpI,1,3,5,0,0,5,2,40,2011-08-12,"School Age Care,Field Trips",Y,NO,NO,NO,886890,TR Hoover CDC,DALLAS,5106 BEXAR ST,75215 4666,TR Hoover CDC,4.6,14.0,5,high_confidence,14.4,0,1,0,0,0,9,1.8,0.2
ChIJJ6DTSiJbXIYR7aVozn2TQmk,22,23,9,0,0,31,2,67,2019-11-07,"School Age Care,Before School Care,Meals Provided ,After School Care,Snacks Provided,Drop-In Care,Part Time Care",Y,NO,NO,NO,1329092,Happy Kidz Learning Center #2,SAN ANTONIO,410 VALLEY HI DR STE 109-200,78227 4611,Happy Kidz Learning Center,4.2,43.0,5,high_confidence,6.2,0,1,0,0,0,54,1.742,0.71
ChIJJRBeG1SjToYRhWxaAsth3DY,3,3,3,1,0,10,0,68,2020-03-24,"School Age Care,Before School Care,After School Care,Snacks Provided,Transportation to/from School ,Field Trips",Y,NO,NO,NO,1336284,Bright Beginnings Child Development Center,DALLAS,7221 SCYENE RD,75227 5759,Bright Beginnings Ministry/Child Development Center,4.6,19.0,5,medium_confidence,5.8,0,1,0,0,0,10,1.0,0.3
ChIJJREDtP3dQIYRseKfem6wLSk,1,6,4,0,0,7,0,44,2024-05-09,"School Age Care,Before School Care,Meals Provided ,After School Care,Snacks Provided,Drop-In Care,Part Time Care,Transportation to/from School",Y,NO,NO,NO,1464490,Loving Family Daycare,HOUSTON,9437 HIGHWAY 6 S,77083 6309,LOVING FAMILY DAYCARE,5.0,42.0,5,high_confidence,1.6,0,1,0,0,0,11,1.571,0.143
ChIJJRXnEsHcQIYRF9gbhamekMQ,4,17,14,1,0,7,1,27,2014-01-29,"School Age Care,Before School Care,Meals Provided ,After School Care,Snacks Provided,Skill Classes,Transportation to/from School ,Weekend Care,Field Trips",Y,NO,NO,NO,1119073,Tiny Feet  Child Care,HOUSTON,11360 WESTHEIMER RD,77077 6842,Tiny Feet Child Care,4.1,21.0,5,high_confidence,11.9,0,1,0,0,0,36,5.143,0.571
ChIJJT6b0xvZTYYRsd_tJnny95Q,5,2,1,0,0,15,0,225,2020-10-23,"School Age Care,Before School Care,Meals Provided ,After School Care,Snacks Provided,Skill Classes,Part Time Care,Transportation to/from School ,Field Trips",N,NO,NO,NO,1363636,Kiddie Academy of Alliance,FORT WORTH,9773 TEHAMA RIDGE PKWY,76177 7416,Kiddie Academy of Alliance,4.4,76.0,5,high_confidence,5.2,0,0,0,0,0,8,0.533,0.333
ChIJJT9znVKzRIYRpss5Kvajge8,0,0,0,0,1,5,0,237,2026-01-15,"School Age Care,Before School Care,Meals Provided ,After School Care,Snacks Provided,Transportation to/from School ,Field Trips",N,NO,NO,NO,1507680,Amazing Explorers Academy Goodnight Ranch,AUSTIN,8749 VERTEX BLVD.,78747,Amazing Explorers Academy Goodnight Ranch,5.0,28.0,5,high_confidence,-0.0,0,0,0,0,0,1,0.2,0.0
ChIJJUchMEibToYRcp0ztNwN8-k,3,6,0,0,0,10,0,86,2018-09-05,"Accredited,Meals Provided ,Snacks Provided",N,NO,NO,NO,1310960,ChildCareGroup at West Dallas,DALLAS,2827 LAPSLEY ST,75212 4421,Child Care Group West Dallas,4.5,8.0,5,medium_confidence,7.3,1,0,0,0,0,9,0.9,0.3
ChIJJVhwkXpiXIYRtLj6UlV6c8s,2,5,0,0,0,15,0,181,2014-12-10,"School Age Care,Meals Provided ,After School Care,Snacks Provided,Part Time Care,Transportation to/from School",Y,NO,NO,NO,1145186,Bilingual Child Academy - Stone Oak,SAN ANTONIO,21785 HARDY OAK BLVD,78258 2359,Bilingual Child Academy Stone Oak,4.1,88.0,5,high_confidence,11.1,0,1,0,0,0,7,0.467,0.133
ChIJJWZB8FXGQIYRfPS1sr-qqtw,9,18,8,2,0,23,0,140,1987-03-18,"School Age Care,Before School Care,Meals Provided ,After School Care,Snacks Provided,Part Time Care,Transportation to/from School ,Field Trips",Y,NO,NO,NO,95407,Toddler House INC No 4,HOUSTON,2215 W 34TH ST,77018 6004,The Toddler House Oak Forest/ The Heights,4.3,39.0,5,medium_confidence,38.8,0,1,0,0,0,37,1.609,0.391
ChIJJWjAQTTCQIYR3Jc_m-nN4wM,0,1,0,0,0,5,0,121,2002-12-04,"Accredited,Skill Classes",N,NO,NO,NO,207574,Nathan J & Amelia Klein Head Start,HOUSTON,6447 PRESTWOOD DR,77081 1105,Klein Early Head Start/Head Start,4.6,31.0,5,medium_confidence,23.1,1,0,0,0,0,1,0.2,0.0
ChIJJWvPD0dDXIYRgssTCphyQAE,30,50,17,1,2,53,1,219,2021-01-05,"School Age Care,Before School Care,After School Care,Snacks Provided,Part Time Care",N,YES,NO,NO,1355149,Pinnacle Montessori,SAN ANTONIO,111 EXETER PLACE DR,78253 7094,Pinnacle Montessori of Potranco,3.8,40.0,5,medium_confidence,5.0,0,0,1,0,0,100,1.887,0.566
ChIJJYmzn9F3ToYR5Snx2P1GriY,4,1,4,0,1,10,0,33,2024-06-24,"School Age Care,Before School Care,Meals Provided ,After School Care,Snacks Provided,Part Time Care,Transportation to/from School",N,NO,NO,NO,1469166,Wynn Academy - Marigold,FORT WORTH,3829 MARIGOLD AVE,76111 4944,The Wynn Academy Marigold,5.0,3.0,3,high_confidence,1.5,0,0,0,0,0,10,1.0,0.4
ChIJJ_N9vCPcQIYRrFQ5nSr3b48,1,5,1,0,0,6,0,116,2024-05-20,"School Age Care,Before School Care,Meals Provided ,After School Care,Snacks Provided,Drop-In Care,Part Time Care,Transportation to/from School ,Field Trips",Y,NO,NO,NO,1474863,Little Scholars Learning Center,HOUSTON,14043 WESTHEIMER RD,77077 5360,Little Scholars Learning Center,4.7,73.0,5,high_confidence,1.6,0,1,0,0,0,7,1.167,0.167
ChIJJ_YhlmBaXIYR0ne7r_87PPs,4,5,2,1,0,14,1,108,2016-05-13,"School Age Care,Before School Care,Meals Provided ,After School Care,Snacks Provided,Drop-In Care,Transportation to/from School",Y,NO,NO,NO,1238343,Imagination Child Development Center 2,SAN ANTONIO,5851 WAR CLOUD DR,78242 2600,Imagination Child Development Center 2,4.4,40.0,5,high_confidence,9.6,0,1,0,0,0,12,0.857,0.286
ChIJJal3alOUQIYRvlpylCzFIEs,0,0,0,1,0,9,0,68,2023-05-08,"School Age Care,Meals Provided ,Snacks Provided",N,NO,NO,NO,1418362,Codwell Elementary School,HOUSTON,5225 TAVENOR LN,77048 2625,Codwell Elementary School,,,0,high_confidence,2.7,0,0,0,0,0,1,0.111,0.0
ChIJJawOMj_PQIYRw6rbAIGaYg4,6,5,5,0,0,10,1,45,2019-11-20,"School Age Care,Before School Care,Meals Provided ,After School Care,Snacks Provided,Drop-In Care,Part Time Care,Transportation to/from School ,Weekend Care,Field Trips,Night Care",Y,NO,NO,NO,1326836,As We Grow Learning Center #2,HOUSTON,9802 N HOUSTON ROSSLYN RD,77088 2132,As We Grow Learning Center #2,4.4,28.0,5,high_confidence,6.1,0,1,0,0,0,16,1.6,0.6
ChIJJazaHLXAQIYR7Z4bvXg4rl4,29,55,41,2,2,42,0,136,1987-06-03,"School Age Care,Skill Classes",N,YES,NO,NO,98317,Messiah Lutheran Early Childhood,HOUSTON,5103 ROSE ST,77007 5240,Messiah Lutheran School,3.9,7.0,5,medium_confidence,38.6,0,0,1,0,0,129,3.071,0.69
ChIJJbboNyheXIYRSWUlZJdzomk,4,16,7,0,0,33,0,167,1987-07-24,"School Age Care,Before School Care,Meals Provided ,After School Care,Snacks Provided,Drop-In Care,Skill Classes,Part Time Care,Transportation to/from School ,Field Trips",Y,NO,NO,NO,94857,Mossrock KinderCare,SAN ANTONIO,2711 MOSSROCK,78230 5115,Mossrock KinderCare,2.7,151.0,5,high_confidence,38.4,0,1,0,0,0,27,0.818,0.121
ChIJJeJBCB7NQIYR74bx9UZAW0o,4,5,3,0,0,6,0,60,2025-10-28,"School Age Care,Before School Care,Meals Provided ,After School Care,Snacks Provided,Part Time Care,Transportation to/from School ,Weekend Care,Field Trips",N,NO,NO,NO,1502513,The Learning Corner Academy Inc,HOUSTON,8245 MILLS RD STE G,77064 1301,The Learning Corner Academy,3.0,2.0,2,high_confidence,0.2,0,0,0,0,0,12,2.0,0.667
ChIJJeQWI2-QToYR5-C9Yu73mwA,14,28,23,0,0,17,11,54,2015-06-26,"School Age Care,Before School Care,Meals Provided ,After School Care,Snacks Provided",Y,NO,NO,NO,1137820,RR&B 24hr Daycare,DALLAS,4014 S COCKRELL HILL RD,75236 1602,Angels Playland 24HR Daycare,3.6,7.0,5,medium_confidence,10.5,0,1,0,0,0,65,3.824,0.824
ChIJJxSw95jEQIYR7K02rTZypHQ,2,7,5,1,0,11,0,102,2016-02-29,"School Age Care,After School Care,Snacks Provided,Part Time Care",N,NO,NO,NO,1210187,After 3 After School Program Bunker Hill Elementary School,HOUSTON,11950 TAYLORCREST RD,77024 4300,Bunker Hill Elementary School,,,0,medium_confidence,9.8,0,0,0,0,0,15,1.364,0.182
ChIJJxhXSun1XIYRDJYKo0lmfEk,0,9,3,1,0,8,1,43,2006-06-16,Snacks Provided,N,NO,NO,NO,282065,St. Paul's Episcopal Montessori School,SAN ANTONIO,1018 E GRAYSON ST,78208 1224,St. Paul's Episcopal Montessori School,4.4,33.0,5,high_confidence,19.5,0,0,0,0,0,13,1.625,0.0
ChIJJyIe_9IfTIYRb8GWZjvBYyU,4,2,3,0,0,10,0,55,2018-02-20,"School Age Care,Before School Care,Accredited,Meals Provided ,After School Care,Snacks Provided,Transportation to/from School ,Field Trips",Y,NO,NO,NO,1265215,Kids Country Childcare and Learning Center,DALLAS,9571 SKILLMAN ST,75243 8209,Kids Country Child Care Center,4.5,26.0,5,medium_confidence,7.9,1,1,0,0,0,9,0.9,0.4
ChIJJye5NhO_QIYRmQL0VHv5V0o,0,0,0,0,0,5,0,102,2004-09-28,"School Age Care,Before School Care,Meals Provided ,After School Care,Snacks Provided,Part Time Care",Y,NO,NO,NO,240836,Genesis Learning Center - Downtown,HOUSTON,2819 CAROLINE ST,77004 2713,Genesis Learning Center,4.1,10.0,5,high_confidence,21.3,0,1,0,0,0,0,0.0,0.0
ChIJK-ScyZ2uQIYRuIkYFn_vQcs,1,2,2,0,0,6,0,100,2010-05-17,"After School Care,Snacks Provided",Y,NO,NO,NO,530248,YMCA @ Lakeshore Elementary,HOUSTON,13333 BREAKWATER PATH DR,77044 1377,Lakeshore Elementary School,,,0,high_confidence,15.6,0,1,0,0,0,5,0.833,0.167
ChIJK0yaW07KRIYRkSwqDLg4ioo,3,7,6,1,0,7,0,150,1990-01-17,"After School Care,Skill Classes,Part Time Care,Transportation to/from School ,Field Trips",Y,NO,NO,NO,108132,Faith Lutheran Child Development Center,AUSTIN,6600 WOODROW AVE,78757 2521,Faith Lutheran Child Development Center,4.6,9.0,5,high_confidence,36.0,0,1,0,0,0,17,2.429,0.429
ChIJK3c3cFNbXIYRWRA06h79Azs,0,0,0,0,0,9,0,54,2011-12-22,"Meals Provided ,Snacks Provided,Transportation to/from School ,Field Trips",N,NO,NO,NO,905070,Head Start John Glenn Elementary,SAN ANTONIO,2385 HORAL ST,78227 2400,John Glenn Elementary School,,,0,medium_confidence,14.0,0,0,0,0,0,0,0.0,0.0
ChIJK4b8gRdhXIYRMkLweGiJsno,6,5,3,0,0,34,0,191,2003-11-03,"Meals Provided ,After School Care,Snacks Provided,Drop-In Care,Transportation to/from School ,Field Trips",Y,NO,NO,NO,237266,Just Kids! Christian Learning Center & Child Care,SAN ANTONIO,3060 OLMOS CREEK DR,78230 5427,Just Kids Christian Academy,4.5,110.0,5,medium_confidence,22.2,0,1,0,0,0,14,0.412,0.176
ChIJK505kWO_QIYR0IVcC0eRQD8,1,1,0,0,0,5,0,52,2026-02-02,"School Age Care,Before School Care,Meals Provided ,After School Care,Snacks Provided,Drop-In Care,Part Time Care,Field Trips,Night Care",N,NO,NO,NO,1508496,Kate Rose Childcare Learning Center,HOUSTON,4922 PERRY ST,77021 3514,Kate Rose Childcare Learning Center,,,0,high_confidence,0.0,0,0,0,0,0,2,0.4,0.2
ChIJK5ZWiwz4XIYRzcmOFIVx81Q,5,1,1,0,0,21,0,259,2017-03-23,"School Age Care,Before School Care,Meals Provided ,After School Care,Snacks Provided,Drop-In Care,Part Time Care,Transportation to/from School ,Field Trips",Y,NO,NO,NO,1238340,Imagination Child Development Center 1,SAN ANTONIO,1430 SAVA ST SUITE 111,78214,Imagination Child Development Center 1,4.8,69.0,5,high_confidence,8.8,0,1,0,0,0,7,0.333,0.238
ChIJK5uEuA6_QIYRSBfzVx-gvEU,0,1,0,0,0,14,0,72,2017-03-24,"Meals Provided ,Snacks Provided,Transportation to/from School",Y,NO,NO,NO,1257122,The Foshee Family House of Tiny Treasures,HOUSTON,2323 FRANCIS ST,77004 4235,SEARCH's House Of Tiny Treasures,4.2,12.0,5,medium_confidence,8.8,0,1,0,0,0,1,0.071,0.0
ChIJK9MTUuBDXIYRPYwWRvpeRHw,7,9,1,0,0,31,0,200,2015-02-13,"School Age Care,Before School Care,Meals Provided ,After School Care,Snacks Provided,Skill Classes,Part Time Care,Transportation to/from School ,Field Trips",Y,NO,NO,NO,1152648,United Kidz Academy San Antonio,SAN ANTONIO,1211 N ELLISON DR,78251 4617,United Kidz Academy,3.0,26.0,5,medium_confidence,10.9,0,1,0,0,0,17,0.548,0.226
ChIJK9XepQzZTYYRJI5LEx7dHW8,4,12,4,0,1,7,0,150,2018-12-03,"School Age Care,Snacks Provided,Drop-In Care,Skill Classes,Part Time Care,Transportation to/from School ,Field Trips",N,NO,NO,NO,1303837,Life Time Kids Camp,FORT WORTH,10761 FOUNDERS WAY,76177 1574,Life Time,4.4,706.0,5,medium_confidence,7.1,0,0,0,0,0,21,3.0,0.571
ChIJKQRqF7PLRIYR42p4YOlymHA,0,0,0,0,0,2,0,68,2025-09-24,"School Age Care,Before School Care,Meals Provided ,After School Care,Drop-In Care,Part Time Care,Transportation to/from School ,Field Trips",N,NO,NO,NO,1515611,Stepping Stone School I,AUSTIN,1710 RICHCREEK RD,78757 1846,Stepping Stone School Crestview/Allandale,4.9,22.0,5,medium_confidence,0.3,0,0,0,0,0,0,0.0,0.0
ChIJKQrw61XHQIYRbZNhoR7KyIU,10,7,6,0,1,21,0,278,2021-04-06,"School Age Care,Before School Care,Meals Provided ,After School Care,Snacks Provided,Skill Classes,Transportation to/from School ,Field Trips",N,NO,NO,NO,1364644,Primrose School of Garden Oaks,HOUSTON,919 JUDIWAY ST,77018 6201,Primrose School of Garden Oaks,5.0,43.0,5,high_confidence,4.7,0,0,0,0,0,24,1.143,0.476
ChIJKR9-jPXMRIYRx4lbv317O3E,0,0,1,0,0,8,1,75,2019-01-28,"School Age Care,After School Care,Snacks Provided,Skill Classes",N,NO,NO,NO,1312400,iKids University at Davis Elementary,AUSTIN,5214 DUVAL RD,78727 6613,Davis Elementary School,,,0,medium_confidence,6.9,0,0,0,0,0,1,0.125,0.0
ChIJKSPCXYa5QIYRZ5hGKaHJxDo,1,2,1,2,0,6,0,282,2020-03-06,"School Age Care,Meals Provided ,After School Care,Snacks Provided,Skill Classes,Transportation to/from School ,Field Trips",Y,NO,NO,NO,1338791,Youth Development Center,HOUSTON,6050 BRETSHIRE DR,77016 3212,Youth Development Center,4.9,16.0,5,high_confidence,5.8,0,1,0,0,0,6,1.0,0.167
ChIJKUiNOpx6ToYRuotjzXuBCH0,2,4,1,0,0,11,2,180,2019-01-09,"School Age Care,Before School Care,Meals Provided ,After School Care,Snacks Provided,Field Trips",N,NO,NO,NO,1322574,William M. McDonald YMCA,FORT WORTH,2701 MORESBY ST,76105 5216,William M. McDonald YMCA | YMCA of Fort Worth,4.4,164.0,5,medium_confidence,7.0,0,0,0,0,0,7,0.636,0.182
ChIJKUtLrdLHQIYRr0Wq5WdpFjU,0,5,0,1,0,6,1,85,2018-08-14,"School Age Care,Skill Classes,Part Time Care,Field Trips",N,NO,NO,NO,1284350,The New Day School,HOUSTON,3615 MANGUM RD,77092 5405,The New Day School,5.0,19.0,5,high_confidence,7.4,0,0,0,0,0,6,1.0,0.0
ChIJKWWZKD3bQIYReYxexViY5IQ,3,3,2,0,1,12,0,136,2022-07-07,"School Age Care,After School Care,Snacks Provided,Part Time Care",N,NO,NO,NO,1391018,iKids U at Sherwood Elementary School,HOUSTON,11339 BRITOAK LN,77079 2013,Sherwood Elementary School,,,0,high_confidence,3.5,0,0,0,0,0,9,0.75,0.25
ChIJKWhoP9jQQIYRibZoGi2uXLM,1,1,1,0,0,7,0,183,1999-03-01,"Skill Classes,Part Time Care,Field Trips",N,NO,NO,NO,157507,Copperfield Church Preschool,HOUSTON,8350 HIGHWAY 6 N,77095 2002,Copperfield Church,4.8,97.0,5,medium_confidence,26.8,0,0,0,0,0,3,0.429,0.143
ChIJKXCUzq2QToYRSEPasaiogDg,29,24,24,1,1,37,0,75,2005-02-07,"After School Care,Skill Classes,Transportation to/from School ,Field Trips",Y,YES,NO,NO,255447,Union Christian Academy,DALLAS,3312 S POLK ST,75224 3802,Union Christian Academy,,,0,high_confidence,20.9,0,1,1,0,0,79,2.135,0.784
ChIJKXJ_KxPAQIYRTu36WTIWz7k,3,4,4,1,1,10,2,177,2019-11-25,"School Age Care,Before School Care,Meals Provided ,After School Care,Snacks Provided,Part Time Care",Y,NO,NO,NO,1328305,Saint Nicholas School,HOUSTON,3511 LINKWOOD DR,77025 3730,Saint Nicholas School - Private School Houston,,,0,medium_confidence,6.1,0,1,0,0,0,13,1.3,0.3
ChIJKY_tJSXDQIYR8NGZ_o61tcU,6,6,9,1,0,10,3,227,2015-02-11,"School Age Care,Before School Care,Accredited,Meals Provided ,After School Care,Snacks Provided,Part Time Care,Transportation to/from School ,Field Trips",N,NO,NO,NO,1156648,Primrose School of the Westchase District,HOUSTON,3191 BRIARPARK DR,77042 3707,Primrose School of The Westchase District,4.3,54.0,5,high_confidence,10.9,1,0,0,0,0,22,2.2,0.6
ChIJKYiGktfEQIYRQBdjuahs2Uc,0,3,0,0,0,5,0,92,2002-07-01,"Before School Care,Meals Provided ,After School Care,Snacks Provided",Y,NO,NO,NO,198851,SBISD Child Development Lab School  Tiger Trail,HOUSTON,10406 TIGER TRL,77043 2601,The Tiger Trail School,5.0,17.0,5,medium_confidence,23.5,0,1,0,0,0,3,0.6,0.0
ChIJK_Un6xSgToYR97qCtowekcE,5,6,3,1,0,12,0,377,1987-07-08,"Meals Provided ,After School Care,Part Time Care",N,NO,NO,NO,94660,White Rock North School Inc,DALLAS,9711-9727 WHITE ROCK TRL,75238,White Rock North School,4.6,17.0,5,high_confidence,38.5,0,0,0,0,0,15,1.25,0.417
ChIJK_bWkPHKRIYRwVS9fEYF44M,0,1,1,0,0,8,0,125,2021-01-27,"School Age Care,Before School Care,Meals Provided ,After School Care,Snacks Provided,Skill Classes,Part Time Care",Y,NO,NO,NO,1356554,Peace of Mind Childrens Center,AUSTIN,5615 BURNET RD STE 5,78756 1630,Peace of Mind Children’s Center,5.0,10.0,5,high_confidence,4.9,0,1,0,0,0,2,0.25,0.0
ChIJKa4aATvdQIYR6WNFS_-cTkE,4,18,8,1,0,15,1,93,2019-12-13,"School Age Care,Meals Provided ,After School Care,Snacks Provided,Drop-In Care,Transportation to/from School ,Weekend Care,Field Trips,Night Care",Y,NO,NO,NO,1333269,Computer Kids Westheimer,HOUSTON,14144 WESTHEIMER RD STE 88,77077 5303,Computer Kids Westheimer,4.3,51.0,5,high_confidence,6.1,0,1,0,0,0,31,2.067,0.267
ChIJKb6xsjKTQIYRyQQhEqnp244,2,6,14,1,0,10,2,41,2018-06-25,"School Age Care,Before School Care,Meals Provided ,After School Care,Snacks Provided,Drop-In Care,Part Time Care",Y,NO,NO,NO,1296467,Bubbly Baby Childcare & Learning Center,HOUSTON,2955 S SAM HOUSTON PKWY E #600,77047,Bubbly Baby Childcare and Learning Center,4.0,7.0,5,high_confidence,7.5,0,1,0,0,0,23,2.3,0.2
ChIJKee0rlP2XIYRjiUP7zcr9K8,2,6,2,0,0,18,0,63,2014-01-23,"School Age Care,Meals Provided ,After School Care,Snacks Provided,Drop-In Care,Part Time Care,Transportation to/from School ,Field Trips",Y,NO,NO,NO,1118904,Learning With Grace Educational Child Care,SAN ANTONIO,3210 CLARK AVE,78210 5712,Learning with Grace,3.5,8.0,5,medium_confidence,11.9,0,1,0,0,0,10,0.556,0.111
ChIJKw0Visq3RIYR9r_PEKS1G0A,2,14,3,0,0,13,0,39,2024-12-30,"Meals Provided ,Snacks Provided,Transportation to/from School",Y,NO,NO,NO,1472586,Seek and Say Enrichment Day Care,AUSTIN,6123 FM 969 RD,78724 5302,Seek & Say Daycare,4.8,35.0,5,medium_confidence,1.0,0,1,0,0,0,19,1.462,0.154
ChIJKzLnLfjQQIYRvrj96j7SAjM,1,0,1,1,0,6,1,50,2003-03-24,Snacks Provided,Y,NO,NO,NO,211608,Cypress Ridge High School Infant Toddler,HOUSTON,7900 N ELDRIDGE PKWY,77041 1200,Cypress Ridge High School,,,0,medium_confidence,22.8,0,1,0,0,0,3,0.5,0.167
ChIJKzprK2_MQIYR49xK8NLkE4Q,4,10,7,3,0,13,0,115,2011-06-30,"After School Care,Drop-In Care,Skill Classes,Part Time Care,Transportation to/from School ,Field Trips",Y,NO,NO,NO,665568,Northchase Learning Center,HOUSTON,14400 W SYLVANFIELD DR,77014 1625,Northchase Learning Center,4.7,29.0,5,high_confidence,14.5,0,1,0,0,0,24,1.846,0.308
ChIJL-qQGeByToYRv2HEJDf1ND4,7,2,0,0,0,22,0,204,2017-09-29,"School Age Care,Before School Care,Meals Provided ,After School Care,Snacks Provided,Part Time Care",N,NO,NO,NO,1274561,Primrose School of Fort Worth West,FORT WORTH,3777 WESTRIDGE AVE,76116 5805,Primrose School of Fort Worth West,4.4,35.0,5,high_confidence,8.3,0,0,0,0,0,9,0.409,0.318
ChIJL0JpCfXLRIYRUJcdsqisXR4,4,9,6,1,0,15,1,194,2000-10-25,"Accredited,Meals Provided ,Snacks Provided,Drop-In Care,Skill Classes,Part Time Care",Y,NO,NO,NO,166258,Bright Horizons Family Center,AUSTIN,2411 W BRAKER LN,78758 4547,Bright Horizons Family Center at Braker Lane,4.3,31.0,5,medium_confidence,25.2,1,1,0,0,0,20,1.333,0.267
ChIJL1UdTofZQIYRfLF2VpHlRIQ,1,0,1,0,0,5,0,90,2019-11-04,"Meals Provided ,Snacks Provided,Part Time Care",Y,NO,NO,NO,1332802,Faro Kids Learning Center,HOUSTON,4900 GREENHOUSE RD,77084 5589,Faro Kids Learning Center,5.0,8.0,5,high_confidence,6.2,0,1,0,0,0,2,0.4,0.2
ChIJL1uNkMzYQIYRtwCsbU1l-IM,1,9,7,2,0,5,1,60,2011-05-25,Part Time Care,Y,NO,NO,NO,814588,Houston Quran Academy,HOUSTON,1800 BAKER RD,77094 3111,Houston Quran Academy,,,0,high_confidence,14.6,0,1,0,0,0,19,3.8,0.2
ChIJL36IQBDJQIYRIeQD791-s40,2,2,3,1,2,7,0,64,2016-07-20,"School Age Care,Before School Care,Meals Provided ,After School Care,Snacks Provided,Drop-In Care,Part Time Care,Transportation to/from School ,Field Trips",Y,NO,NO,NO,1234041,Little Laughter's Childcare Center,HOUSTON,10209 VETERANS MEMORIAL DR STE 5,77038 2032,Little Laughter's ChildCare Center,4.0,24.0,5,high_confidence,9.5,0,1,0,0,0,10,1.429,0.286
ChIJL4A2M0eZToYRCuxKl53jvlE,0,0,0,0,0,8,0,51,2025-02-04,"Meals Provided ,Snacks Provided",N,NO,NO,NO,1481504,Bezos Academy Old East Dallas,DALLAS,4724 E SIDE AVE BLDG 4,75226 1046,Bezos Academy Old East Dallas,5.0,14.0,5,high_confidence,0.9,0,0,0,0,0,0,0.0,0.0
ChIJL5-uLQNhXIYRuMQaBnd45p0,1,5,2,0,0,38,0,458,1986-02-26,"School Age Care,Accredited,Meals Provided ,After School Care,Snacks Provided,Drop-In Care,Part Time Care,Transportation to/from School ,Field Trips",Y,NO,NO,NO,101170,"Country Home Learning Center #1, LTD.",SAN ANTONIO,13315 NW MILITARY HWY,78231 1842,Country Home Learning Center at NW Military Hwy,4.4,127.0,5,medium_confidence,39.8,1,1,0,0,0,8,0.211,0.026
ChIJL6VxxyTHQIYR-YFu7HuoraI,8,8,3,0,0,23,0,92,2017-10-05,"School Age Care,After School Care,Snacks Provided,Drop-In Care,Part Time Care,Transportation to/from School ,Field Trips",N,NO,NO,NO,1275864,Grace Weekday School,HOUSTON,1245 HEIGHTS BLVD,77008 6917,Grace Weekday School,,,0,high_confidence,8.2,0,0,0,0,0,19,0.826,0.348
ChIJL7Oo1VnXTYYRdTeb2tENS7c,0,3,0,0,0,9,0,110,2005-01-05,"After School Care,Drop-In Care",Y,NO,NO,NO,250888,Clayton Youth Enrichment @ Woodland Springs Elementary,FORT WORTH,12121 WOODLAND SPRINGS DR,76244 8917,Woodland Springs Elementary,,,0,medium_confidence,21.0,0,1,0,0,0,3,0.333,0.0
ChIJL8sarwXJQIYR1XPN6eEXuK4,6,8,12,4,1,10,3,112,2010-07-13,"Meals Provided ,After School Care,Snacks Provided,Drop-In Care,Skill Classes,Transportation to/from School ,Field Trips",Y,NO,NO,NO,571528,Bright Stars CDC,HOUSTON,1306 FORESTBURG DR,77038 2124,Bright Stars Child Development Center,4.7,47.0,5,medium_confidence,15.5,0,1,0,0,0,31,3.1,0.6
ChIJL9p3l0LKRIYRCoV6NVzyO0k,3,4,2,0,0,11,0,179,2023-07-24,"School Age Care,After School Care,Snacks Provided,Transportation to/from School ,Field Trips",N,NO,NO,NO,1447784,Paragon Prep Preschool,AUSTIN,831 HOUSTON ST,78756 2232,Paragon Prep Preschool - Austin,4.9,35.0,5,high_confidence,2.4,0,0,0,0,0,9,0.818,0.273
ChIJLRIJAd3LQIYRI7fsdh-yrp0,0,3,7,0,1,9,0,80,2023-02-03,"School Age Care,Before School Care,After School Care,Snacks Provided,Drop-In Care,Part Time Care",Y,NO,NO,NO,1412874,Heritage Elementary Koala Kare,HOUSTON,12255 T C JESTER BLVD,77067 1381,Heritage Elementary School Alan,,,0,medium_confidence,2.9,0,1,0,0,0,11,1.222,0.0
ChIJLSHekq3EQIYRPeTOXw7LhuA,0,2,0,0,0,6,0,12,2016-02-16,"Meals Provided ,Snacks Provided",N,NO,NO,NO,1194788,Wildcat Way Child Care,HOUSTON,12750 KIMBERLEY LN,77024 4031,Wildcat Way School,,,0,medium_confidence,9.9,0,0,0,0,0,2,0.333,0.0
ChIJLV1YTuKhToYRlJ5SnTx5Ebw,2,1,3,0,0,11,1,44,2020-08-20,"School Age Care,Before School Care,Meals Provided ,After School Care,Drop-In Care,Transportation to/from School ,Field Trips,Night Care",Y,NO,NO,NO,1347075,4 Heaven Sakes Learning Center,DALLAS,3650 N BUCKNER BLVD STE 110A,75228 5613,4 Heaven Sakes Learning Center,5.0,4.0,4,high_confidence,5.4,0,1,0,0,0,6,0.545,0.182
ChIJLVsw7fHEQIYR73uFoJizADc,3,2,1,2,0,13,1,218,2003-07-08,"Meals Provided ,Snacks Provided,Field Trips",N,NO,NO,NO,219250,Spring Branch Head Start,HOUSTON,9655 LONG POINT RD,77055 4251,BakerRipley Head Start - Spring Branch,4.8,35.0,5,medium_confidence,22.5,0,0,0,0,0,8,0.615,0.231
ChIJLXVR6kCkQIYRETYk76YjXUA,2,2,3,0,0,7,2,100,1999-04-01,,Y,NO,NO,NO,157525,HAVARD ELEM ASP/YMCA,HOUSTON,15150 WALLISVILLE RD,77049 4620,Havard Elementary School,,,0,medium_confidence,26.8,0,1,0,0,0,7,1.0,0.286
ChIJLXo0TR7LRIYRYlxNyt69FM0,0,2,0,1,0,9,1,60,2023-01-10,"School Age Care,Before School Care,After School Care,Part Time Care",N,NO,NO,NO,1413182,Sapienza Montessori,AUSTIN,2825 HANCOCK DR STE 113,78731 5030,Sapienza Montessori School,5.0,7.0,5,high_confidence,3.0,0,0,0,0,0,3,0.333,0.0
ChIJLYutrDa1RIYRiN7FCuCcBks,4,6,7,1,0,12,0,80,2017-09-28,"Meals Provided ,Snacks Provided,Field Trips",Y,NO,NO,NO,1270000,Jeremiah Program Child Development Center,AUSTIN,1200 PAUL TERESA SALDANA,78702 2438,Jeremiah Program Austin,4.2,22.0,5,medium_confidence,8.3,0,1,0,0,0,18,1.5,0.333
ChIJL_5VMjDFQIYRgE-F16E9v3E,3,5,5,1,0,9,1,83,2022-07-11,"School Age Care,Snacks Provided,Part Time Care,Field Trips",N,NO,NO,NO,1393908,Memorial Garden Montessori School,HOUSTON,737 BUNKER HILL RD,77024 4405,Garden Montessori Schools - Memorial,,,0,high_confidence,3.5,0,0,0,0,0,14,1.556,0.333
ChIJL_eWBVvORIYRNZtVU21gVws,1,3,2,1,0,7,0,35,2013-01-18,"School Age Care,Before School Care,Accredited,Meals Provided ,After School Care,Snacks Provided,Part Time Care",Y,NO,NO,NO,1059728,Tanias Tots Learning Center,AUSTIN,15400 MARSHA ST,78728 4705,Tanias Tots Learning Center,5.0,2.0,2,high_confidence,13.0,1,1,0,0,0,7,1.0,0.143
ChIJLa5A1NDCQIYRvYKRIzeIDVQ,6,6,14,1,1,7,2,180,2019-05-24,"School Age Care,Meals Provided ,Snacks Provided,Skill Classes,Part Time Care,Transportation to/from School ,Field Trips",N,NO,NO,NO,1329086,Hua Xia Chinese School,HOUSTON,5925 SOVEREIGN DR,77036 2312,Hua Xia Chinese School Main Campus,2.6,28.0,5,medium_confidence,6.6,0,0,0,0,0,28,4.0,0.857
ChIJLbCbG5SJXIYR2yipvVjJXhQ,1,7,1,0,1,7,0,153,1987-01-07,"Accredited,Meals Provided ,After School Care,Snacks Provided,Part Time Care,Transportation to/from School ,Field Trips",Y,NO,NO,NO,102782,La Petite Academy,SAN ANTONIO,1700 ENCINO RIO UNIT 6,78259 1810,La Petite Academy on Encino Rio,3.7,12.0,5,medium_confidence,39.0,1,1,0,0,0,10,1.429,0.143
ChIJLbgxBgDnTYYRt0-VMZr-X-Q,1,3,0,0,1,7,0,98,1988-01-01,"School Age Care,Meals Provided ,After School Care,Snacks Provided,Drop-In Care,Part Time Care,Transportation to/from School ,Field Trips",N,NO,NO,NO,102863,Eagle Mountain Church,FORT WORTH,14355 MORRIS DIDO RD,76179,Eagle Mountain International Church,4.5,494.0,5,medium_confidence,38.0,0,0,0,0,0,5,0.714,0.143
ChIJLbrADVWXQIYRBM8jucRBzyw,4,10,7,0,0,8,0,79,2007-05-21,"Before School Care,Accredited,Meals Provided ,After School Care,Snacks Provided,Drop-In Care,Skill Classes,Transportation to/from School ,Field Trips",Y,NO,NO,NO,303227,Sunshine Childrens World,HOUSTON,11410 HALL RD,77089 3002,Sunshine Children's World Academy,4.8,16.0,5,high_confidence,18.6,1,1,0,0,0,21,2.625,0.5
ChIJLfBTG0e1RIYREeS_1f4hwIM,0,0,0,0,0,5,0,90,1987-06-19,"Accredited,Snacks Provided,Field Trips",N,NO,NO,NO,103434,Casa Montessori Child Development Center,AUSTIN,404B ATLANTA ST,78703 4615,"Casa Montessori Child Development Center, Inc.",,,0,high_confidence,38.5,1,0,0,0,0,0,0.0,0.0
ChIJLffUAj-2RIYRIMaH8JYIlFU,6,12,4,0,0,11,2,64,2016-04-06,"Meals Provided ,Snacks Provided",N,NO,NO,NO,1213160,St. James Child Development Center Child Inc.,AUSTIN,1941 WEBBERVILLE RD,78721 1679,Child Inc. St. James Child Development Center,3.7,6.0,5,high_confidence,9.7,0,0,0,0,0,22,2.0,0.545
ChIJLwk45jvqQIYROPkneFVQPug,3,4,2,1,0,11,1,478,2000-07-27,"School Age Care,Accredited,Meals Provided ,Snacks Provided",N,NO,NO,NO,105728,The Imani School,HOUSTON,12401 S POST OAK RD,77045 2020,The Imani School,,,0,high_confidence,25.4,1,0,0,0,0,10,0.909,0.273
ChIJLxZD_zLPQIYRugH5TN1vl48,36,40,28,10,2,64,6,114,2015-04-24,"School Age Care,Before School Care,Meals Provided ,After School Care,Snacks Provided,Drop-In Care,Part Time Care,Transportation to/from School ,Field Trips",Y,NO,NO,NO,1163523,Charlotte's Little Angels Learning Academy,HOUSTON,5410 MAYWOOD DR,77053 3209,Lil' Angels Childcare & Learning Academy,4.3,27.0,5,high_confidence,10.7,0,1,0,0,0,116,1.812,0.562
ChIJLzIfLnogTIYR0caA0HaPmAM,1,2,0,0,0,8,1,80,2009-04-08,"School Age Care,After School Care,Snacks Provided",Y,NO,NO,NO,365096,YMCA @ Arthur Kramer Elementary,DALLAS,7131 MIDBURY DR,75230 3156,Kramer Elementary,,,0,medium_confidence,16.7,0,1,0,0,0,3,0.375,0.125
ChIJM0LmE2GMXIYR_Q1HZ7ca9BU,6,6,0,0,0,37,0,442,1988-12-29,"School Age Care,Accredited,Meals Provided ,After School Care,Snacks Provided,Skill Classes,Part Time Care,Transportation to/from School ,Field Trips",Y,NO,NO,NO,105842,"Country Home Learning Center #4, LTD",SAN ANTONIO,14966 SPRING FARM ST,78247 1695,Country Home Learning Center at Nacogdoches,4.2,85.0,5,medium_confidence,37.0,1,1,0,0,0,12,0.324,0.162
ChIJM0qx5h9fXIYR3padHzgmB1U,1,1,0,0,1,8,0,120,2019-01-18,"School Age Care,Meals Provided ,After School Care,Snacks Provided",Y,NO,NO,NO,1312930,Y School Age @ Advance Learning Academy,SAN ANTONIO,1014 WAVERLY AVE,78201 6045,Advanced Learning Academy - Primary,4.7,23.0,5,medium_confidence,7.0,0,1,0,0,0,3,0.375,0.125
ChIJM10yUjezRIYR5-lftwtxkxo,0,1,1,0,0,7,0,234,2025-09-24,"School Age Care,Accredited,Meals Provided ,After School Care,Snacks Provided,Drop-In Care,Part Time Care,Transportation to/from School ,Field Trips",N,NO,NO,NO,1513124,Primrose School at Easton Park,AUSTIN,8905 ALPHABET DR.,78744,Primrose School at Easton Park,4.2,5.0,5,high_confidence,0.3,1,0,0,0,0,2,0.286,0.0
ChIJM2fm-3bJQIYRc90Pdm9DOFY,2,4,1,1,2,5,1,93,2026-01-08,"School Age Care,Before School Care,Meals Provided ,After School Care,Snacks Provided,Transportation to/from School ,Field Trips",N,NO,NO,NO,1507979,The Learning Tree Child Care Center,HOUSTON,6672 ANTOINE DR,77091 1206,The Learning Tree,5.0,15.0,5,medium_confidence,-0.0,0,0,0,0,0,10,2.0,0.4
ChIJM2vevP_RQIYRVxtT7PP_CbU,7,25,16,7,1,17,0,151,2010-01-08,"Before School Care,Meals Provided ,After School Care,Snacks Provided",N,NO,NO,NO,490088,Arka Montessori Academy,HOUSTON,13654 SCHROEDER RD,77070 3625,Arka Montessori Academy,,,0,high_confidence,16.0,0,0,0,0,0,56,3.294,0.412
ChIJM5X3yad6ToYR2HVeTBd6SHs,8,13,8,2,0,16,1,64,1986-03-05,"School Age Care,Before School Care,Meals Provided ,After School Care,Snacks Provided,Drop-In Care,Part Time Care,Transportation to/from School",Y,NO,NO,NO,97544,Community Of Hope CDC,FORT WORTH,4301 MILLER AVE,76119 3648,Community-Hope Lutheran Church,4.5,13.0,5,medium_confidence,39.8,0,1,0,0,0,31,1.938,0.5
ChIJM6cn5smZQIYRb1ovbdKVm2U,0,0,0,0,0,2,0,12,2025-11-13,"Snacks Provided,Part Time Care,Field Trips",N,NO,NO,NO,1517540,Tiny Explorers Preschool,HOUSTON,11303 HUGHES RD,77089 4637,Tiny Explorers Preschool,,,0,high_confidence,0.1,0,0,0,0,0,0,0.0,0.0
ChIJM7zrLupBXIYRkze0JdHUhsE,9,7,1,2,0,11,0,122,2025-07-10,"School Age Care,Meals Provided ,After School Care,Snacks Provided,Drop-In Care,Skill Classes,Part Time Care,Transportation to/from School",N,NO,NO,NO,1493717,Kidz Playhouse L.C.,SAN ANTONIO,1127 MINDIE LN,78253 5143,kidz playhouse learning center,4.9,72.0,5,medium_confidence,0.5,0,0,0,0,0,19,1.727,0.818
ChIJM8OB9KGaToYRaGxDygPuQR0,1,7,3,2,0,10,0,75,2008-02-15,"School Age Care,Meals Provided ,After School Care,Snacks Provided,Part Time Care",Y,NO,NO,NO,324851,Kids Korner Learning Center,DALLAS,4707 LARUE,75211,Kid's Korner Learning Center,4.8,15.0,5,high_confidence,17.9,0,1,0,0,0,13,1.3,0.1
ChIJMR_ZACfUQIYR-olDN6ZMf94,6,6,2,1,0,19,0,297,2011-06-10,"Before School Care,Meals Provided ,After School Care,Snacks Provided,Drop-In Care,Part Time Care,Transportation to/from School ,Field Trips",Y,NO,NO,NO,768769,Cadence Academy Preschool,HOUSTON,12300 QUEENSTON BLVD,77095 6678,Cadence Academy Preschool,4.6,80.0,5,high_confidence,14.6,0,1,0,0,0,15,0.789,0.316
ChIJMRhCxck2_SkRbue_XYb9GMg,3,6,3,0,0,11,1,72,2025-01-24,"School Age Care,Before School Care,Meals Provided ,After School Care,Snacks Provided,Drop-In Care,Part Time Care,Transportation to/from School ,Field Trips",N,NO,NO,NO,1479060,"Kidz World Learning Center, INC",HOUSTON,1981 W T C JESTER BLVD,77008 1259,Kidz World Learning Center Inc.,5.0,6.0,5,high_confidence,0.9,0,0,0,0,0,12,1.091,0.273
ChIJMRjFUp3NRIYRaUYAzFgV-g4,0,1,2,1,0,9,0,51,2023-05-30,"School Age Care,Skill Classes,Part Time Care",N,NO,NO,NO,1430089,Snapdragon Preschool Domain,AUSTIN,10910 DOMAIN DR STE 112,78758 7758,Snapdragon Preschool - Domain Austin,3.7,3.0,3,high_confidence,2.6,0,0,0,0,0,4,0.444,0.0
ChIJMSH_Jwl7ToYRQDuxk0Jnxew,4,2,3,0,0,12,0,170,2014-01-28,"School Age Care,Before School Care,Meals Provided ,After School Care,Snacks Provided,Drop-In Care,Transportation to/from School ,Field Trips",Y,NO,NO,NO,1120612,Good Shepherd Christian Academy,FORT WORTH,5625 GOOD SHEPHERD WAY,76119 4233,Good Shepherd Christian Academy,5.0,3.0,3,high_confidence,11.9,0,1,0,0,0,9,0.75,0.333
ChIJMSpLmSfdQIYR0UGs40OBudo,2,0,0,0,0,10,0,17,2021-11-19,"Meals Provided ,Snacks Provided",N,NO,NO,NO,1375806,The Village School,HOUSTON,13077 WESTELLA DR,77077 3743,"The Village School, Lower School & Early Childhood",,,0,medium_confidence,4.1,0,0,0,0,0,2,0.2,0.2
ChIJMT5dg8jYTYYRoeou397cR48,6,9,3,2,0,9,2,50,2006-02-08,"School Age Care,After School Care,Snacks Provided",Y,NO,NO,NO,278625,Chisholm Ridge Elementary - YMCA,FORT WORTH,8301 RUNNING RIVER LN,76131 5436,Chisholm Ridge Elementary,,,0,high_confidence,19.9,0,1,0,0,0,20,2.222,0.667
ChIJMT8lDFbcQIYRglX4OXs8I58,3,7,11,2,0,8,2,97,2018-02-02,"School Age Care,Before School Care,Meals Provided ,After School Care,Snacks Provided,Drop-In Care,Skill Classes,Part Time Care,Transportation to/from School ,Weekend Care",Y,NO,NO,NO,1280711,A-1 Montessori Academy,HOUSTON,12805 WESTHEIMER RD,77077 5724,A-1 Montessori Academy,,,0,high_confidence,7.9,0,1,0,0,0,23,2.875,0.375
ChIJMUPX2Li0RIYRcyoVpb02zMs,4,0,2,0,0,42,0,64,2024-07-12,"Meals Provided ,After School Care,Snacks Provided,Part Time Care",Y,NO,NO,NO,1470314,YMOK Daycare Austin LLC,AUSTIN,2606 S 1ST ST,78704 5452,YMOK Daycare Austin,4.4,23.0,5,high_confidence,1.5,0,1,0,0,0,6,0.143,0.095
ChIJMWF1PjjNRIYR3P-UoCvKYkY,1,5,2,2,0,12,1,87,2022-02-10,"School Age Care,Drop-In Care",Y,NO,NO,NO,1385485,Little Hands International Preschool,AUSTIN,8830 CAINWOOD LN,78729 4620,Little Hands Int‘ Preschool 小小手国际幼儿园,4.7,41.0,5,medium_confidence,3.9,0,1,0,0,0,10,0.833,0.083
ChIJMWlVx_ZuToYR7ffrEYQ-Sx8,1,4,3,0,0,11,0,68,2011-12-05,"School Age Care,Before School Care,Meals Provided ,After School Care,Snacks Provided,Drop-In Care,Part Time Care,Transportation to/from School ,Field Trips",Y,NO,NO,NO,877190,The Learning Bridge Day School,FORT WORTH,170 SYCAMORE SCHOOL RD,76134 5008,Learning Bridge Day School,4.7,11.0,5,high_confidence,14.1,0,1,0,0,0,8,0.727,0.091
ChIJMXaNqJjAQIYRUHyvihHJ-6s,0,2,0,0,0,5,0,147,1990-12-12,"School Age Care,After School Care,Skill Classes",N,NO,NO,NO,104216,Avalon Academy,HOUSTON,1616 INDIANA ST,77006 1714,Avalon Academy,4.7,16.0,5,high_confidence,35.1,0,0,0,0,0,2,0.4,0.0
ChIJMYJtMwzDQIYR_RPrAr-duoM,1,0,0,0,0,9,0,85,2022-06-17,,N,NO,NO,NO,1392642,Second Baptist School Early Childhood Program,HOUSTON,11750 MEMORIAL DR,77024 7200,"Second Baptist School - University Model, Memorial Campus",,,0,medium_confidence,3.5,0,0,0,0,0,1,0.111,0.111
ChIJMZBaDqy1RIYRTBtfjUxeU48,0,2,1,0,0,10,2,85,2022-01-24,"School Age Care,After School Care,Snacks Provided,Skill Classes,Field Trips",Y,NO,NO,NO,1384202,Sanchez EAC YMCA,AUSTIN,73 SAN MARCOS ST,78702 5237,Sanchez Elementary School,,,0,medium_confidence,3.9,0,1,0,0,0,3,0.3,0.0
ChIJMZNqxbHJQIYRtK4pwTmYARk,11,8,4,0,0,21,0,180,2000-04-11,"School Age Care,Before School Care,Meals Provided ,After School Care,Snacks Provided,Transportation to/from School ,Field Trips",Y,NO,NO,NO,163498,Harvest Christian Academy,HOUSTON,17770 IMPERIAL VALLEY DR,77060 6100,The Harvest Christian Academy,4.0,4.0,4,high_confidence,25.7,0,1,0,0,0,23,1.095,0.524
ChIJMZf2P1PfQIYRgJdR1zh6xbI,0,1,3,1,0,6,0,38,2025-07-30,"School Age Care,Before School Care,Meals Provided ,After School Care,Snacks Provided,Drop-In Care,Skill Classes,Part Time Care",N,NO,NO,NO,1482214,Little Angels Bilingual Daycare,HOUSTON,14649 BEECHNUT ST,77083 4436,Little Angels Bilingual Daycare,5.0,2.0,2,high_confidence,0.4,0,0,0,0,0,5,0.833,0.0
ChIJMZwQNbjGQIYR16yKx2WSb6w,0,0,0,0,0,6,0,240,2010-02-22,"Accredited,Meals Provided ,Snacks Provided,Skill Classes,Field Trips",N,NO,NO,NO,605228,First Baptist Academy,HOUSTON,7450 MEMORIAL WOODS DR,77024 3745,First Baptist Academy - Houston,,,0,high_confidence,15.9,1,0,0,0,0,0,0.0,0.0
ChIJMa9HBZPAQIYR-MBEBgDWtjY,1,4,2,0,1,5,0,80,2017-08-02,"School Age Care,Snacks Provided,Drop-In Care,Part Time Care",N,NO,NO,NO,1269494,"Miss Pattycake Childcare,LLC d/b/a Miss Pattycake Montessori",HOUSTON,2144 KIPLING ST,77098 2304,Miss Pattycake Montessori Childcare,4.3,3.0,3,medium_confidence,8.4,0,0,0,0,0,8,1.6,0.2
ChIJMdeWMyjPQIYRv48XQjxnJYM,0,2,3,0,1,6,1,150,2012-06-08,"Meals Provided ,Snacks Provided,Field Trips",N,NO,NO,NO,967651,Mary Immaculate Preschool,HOUSTON,5900 CHIPPEWA BLVD,77086 3904,Mary Immaculate Preschool,5.0,9.0,5,high_confidence,13.6,0,0,0,0,0,6,1.0,0.0
ChIJMfV6VtP5XIYRXS7g6iQ3zCw,0,0,2,0,0,8,2,75,2024-01-31,"School Age Care,Meals Provided ,Snacks Provided",N,NO,NO,NO,1460858,Y School Age @ Mission Academy,SAN ANTONIO,9210 S PRESA ST,78223 4762,Mission Academy,,,0,medium_confidence,1.9,0,0,0,0,0,2,0.25,0.0
ChIJN0l3lqWeQIYRLsWlqFK7PG4,0,5,6,0,0,6,1,60,2009-02-24,"After School Care,Snacks Provided,Part Time Care",Y,NO,NO,NO,366923,KLC-DBA-Champions @ North Pointe Elementary,HOUSTON,3200 ALMOND CREEK DR,77059 2812,North Pointe Elementary School,,,0,medium_confidence,16.9,0,1,0,0,0,11,1.833,0.0
ChIJN2SDSwBfXIYRcfG6TnbymGY,18,26,23,4,0,24,2,68,2019-08-19,"School Age Care,Meals Provided ,Snacks Provided,Drop-In Care,Part Time Care,Transportation to/from School",Y,NO,NO,NO,1322375,ABC Daycare,SAN ANTONIO,1810 THORAIN BLVD,78201 2934,ABC daycare,5.0,2.0,2,high_confidence,6.4,0,1,0,0,0,71,2.958,0.75
ChIJN2d5fLfDQIYRfw2FoFehRGY,7,22,11,0,0,16,0,48,2017-06-28,"School Age Care,Before School Care,Meals Provided ,After School Care,Snacks Provided,Drop-In Care,Part Time Care,Transportation to/from School ,Weekend Care",N,NO,NO,NO,1265886,My Children's Choice Academy,HOUSTON,3100 HILLCROFT ST,77057 5880,My Children's Choice Academy,5.0,34.0,5,high_confidence,8.5,0,0,0,0,0,40,2.5,0.438
ChIJN3tOURrDQIYR3BEsbRTj3Fk,1,0,0,0,0,4,0,131,2026-01-28,"School Age Care,Skill Classes,Part Time Care",N,NO,NO,NO,1509434,Guidepost Montessori at Galleria,HOUSTON,1331 S VOSS RD,77057 1023,Guidepost Montessori at Galleria,4.7,79.0,5,high_confidence,0.0,0,0,0,0,0,1,0.25,0.25
ChIJN3wfANYsR4YR4KaaShYYMR8,1,0,0,0,0,3,0,68,2025-10-31,"School Age Care,Meals Provided ,After School Care,Snacks Provided",N,NO,NO,NO,1512998,YMCA @ Falcon Pass,HOUSTON,2465 FALCON PASS DR,77062 6238,Falcon Pass Elementary,,,0,medium_confidence,0.2,0,0,0,0,0,1,0.333,0.333
ChIJN4vT0AxhXIYR-fqUo_c1okE,4,12,10,1,0,17,0,209,2016-11-15,"School Age Care,Meals Provided ,After School Care,Snacks Provided,Part Time Care",N,NO,NO,NO,1261418,Vineyard Christian School,SAN ANTONIO,15310 HUEBNER RD # 116,78248 0986,Vineyard Christian School,,,0,high_confidence,9.1,0,0,0,0,0,27,1.588,0.235
ChIJN5pRcD3NQIYRqkX7t4Yvclw,0,3,5,0,0,6,0,28,2018-09-17,"School Age Care,Before School Care,Meals Provided ,After School Care,Snacks Provided,Skill Classes,Part Time Care",Y,NO,NO,NO,1313971,The Footprint  Foundation,HOUSTON,9502 MILLS RD,77070 5514,The Footprint Foundation,5.0,9.0,5,high_confidence,7.3,0,1,0,0,0,8,1.333,0.0
ChIJN77uE-_TQIYRBqaEWs98buY,7,15,14,1,0,15,0,204,2021-07-01,"School Age Care,Before School Care,Meals Provided ,After School Care,Snacks Provided,Part Time Care,Transportation to/from School",Y,NO,NO,NO,1367800,Kiddie Academy of Cypresswood,HOUSTON,13909 MANDOLIN DR,77070 1161,Kiddie Academy of Cypresswood,4.6,58.0,5,high_confidence,4.5,0,1,0,0,0,37,2.467,0.467
ChIJN84WAJS1RIYRNk_gkfKhAyQ,10,5,2,0,0,31,0,228,2005-08-11,"Accredited,Meals Provided ,Snacks Provided",N,NO,NO,NO,276690,University of Texas Child Development Center,AUSTIN,2205 COMAL ST,78722 2519,The University of Texas Child Development Center,4.6,24.0,5,high_confidence,20.4,1,0,0,0,0,17,0.548,0.323
ChIJN8b3KfMgTIYRWOpqQ_wYDHY,2,1,1,0,1,10,0,60,2015-08-25,"Before School Care,Accredited,After School Care",N,NO,NO,NO,1134525,Alcuin School,DALLAS,6144 CHURCHILL WAY,75230 1804,Alcuin School,,,0,high_confidence,10.4,1,0,0,0,0,5,0.5,0.2
ChIJN9PIXBzHQIYRrEbqZqaQyKY,3,12,9,3,1,16,2,102,1986-10-13,"Meals Provided ,Snacks Provided,Part Time Care,Field Trips",Y,NO,NO,NO,96806,La Petite Academy,HOUSTON,1810 W 18TH ST,77008 1204,La Petite Academy on W. 18th St.,3.4,34.0,5,medium_confidence,39.2,0,1,0,0,0,28,1.75,0.188
ChIJN9V_bEXXQIYRMtmm35WDweU,7,28,11,1,0,15,1,56,2022-12-19,"School Age Care,Before School Care,Meals Provided ,After School Care,Transportation to/from School",Y,NO,NO,NO,1405280,Locomotion Early Learning Center,HOUSTON,16427 W LITTLE YORK RD,77084 7096,Locomotion Early Learning Center,4.2,11.0,5,high_confidence,3.0,0,1,0,0,0,47,3.133,0.467
ChIJNQZIVb-_QIYRqytHGSPkcsA,0,1,0,0,0,6,0,160,2011-05-17,"School Age Care,After School Care,Snacks Provided,Transportation to/from School ,Field Trips",N,NO,NO,NO,736808,The Forge For Families-Safezone,HOUSTON,3435 DIXIE DR,77021 1246,Forge For Families Inc,4.7,56.0,5,medium_confidence,14.6,0,0,0,0,0,1,0.167,0.0
ChIJNRKwGilfXIYRZaL3YB6WLh4,7,11,8,0,0,14,0,62,2002-11-18,"Meals Provided ,After School Care,Snacks Provided,Part Time Care",Y,NO,NO,NO,204637,House of Neighborly Service,SAN ANTONIO,407 N CALAVERAS,78207 2807,House of Neighborly Service,4.8,56.0,5,high_confidence,23.1,0,1,0,0,0,26,1.857,0.5
ChIJNRTOT1pyToYRUO8O6u3rGW4,1,3,0,0,0,8,0,119,1992-06-08,"Snacks Provided,Field Trips",N,NO,NO,NO,126006,Kinderplatz of Fine Arts DCC,FORT WORTH,2701 RIVERGLEN DR,76109 1523,Kinderplatz of Fine Arts Inc,5.0,25.0,5,high_confidence,33.6,0,0,0,0,0,4,0.5,0.125
ChIJNRnah6_EQIYR2bYXXtggynE,8,11,6,0,1,8,0,170,1996-08-26,"Accredited,Part Time Care",N,NO,NO,NO,95173,Holy Spirit  Early Childhood and Primary School,HOUSTON,12535 PERTHSHIRE RD,77024 4106,Holy Spirit Episcopal School,,,0,medium_confidence,29.3,1,0,0,0,0,26,3.25,1.0
ChIJNTtsMTjCQIYRIaKSkowacgM,1,1,1,1,0,8,1,168,2001-04-19,"Meals Provided ,Snacks Provided",N,NO,NO,NO,167361,Regency Square Early Head Start/ Head Start,HOUSTON,7207 REGENCY SQUARE BLVD,77036 3188,Regency Square Early Head Start/Head Start/Home Based,,,0,medium_confidence,24.7,0,0,0,0,0,4,0.5,0.125
ChIJNU4wYhIzW4YRYBdpa-jqbv8,5,7,7,0,0,11,0,30,2025-12-10,"School Age Care,Before School Care,After School Care,Skill Classes,Part Time Care,Weekend Care,Field Trips",N,NO,NO,NO,1503465,Clever Academy,AUSTIN,11500 SANDY LOAM TRL,78750 1534,Clever Academy,4.3,6.0,5,high_confidence,0.1,0,0,0,0,0,19,1.727,0.455
ChIJNUd9Bw7JRIYRW1gule-zaYA,8,7,5,0,0,17,0,99,2022-05-19,"School Age Care,Before School Care,After School Care,Snacks Provided,Drop-In Care,Part Time Care",Y,NO,NO,NO,1383899,Campus Adventures @ Parmer Park,AUSTIN,1438 E YAGER LN,78753 7151,IDEA Parmer Park,,,0,medium_confidence,3.6,0,1,0,0,0,20,1.176,0.471
ChIJNVNyD7rpQIYRcaQX5eJEeoU,10,9,5,1,0,20,1,102,2010-10-20,"School Age Care,Before School Care,Meals Provided ,After School Care,Snacks Provided,Drop-In Care,Part Time Care,Transportation to/from School ,Field Trips",Y,NO,NO,NO,621928,Busy Bee Learning Academy,HOUSTON,12250 FONDREN RD,77035 4059,BUSY BEE Learning Academy,4.0,35.0,5,high_confidence,15.2,0,1,0,0,0,25,1.25,0.5
ChIJNVwo2PuuQIYRc4QluvLqHIA,21,9,3,1,0,37,0,292,2018-07-11,"School Age Care,Before School Care,After School Care,Snacks Provided,Part Time Care,Transportation to/from School",N,NO,NO,NO,1302173,Ivy Kids at Summer Lake Ranch,HOUSTON,14681 W LAKE HOUSTON PKWY,77044 6449,Ivy Kids of Summer Lake Ranch,4.8,83.0,5,high_confidence,7.5,0,0,0,0,0,34,0.919,0.568
ChIJNWdGuGRLW4YR_lQmoL70OMk,2,0,4,0,0,8,0,110,2025-10-14,Part Time Care,N,NO,NO,NO,1470816,Acorns to Oaks Preschool - Austin Oaks Church,AUSTIN,4220 MONTEREY OAKS BLVD,78749 1170,Acorns to Oaks Preschool,,,0,medium_confidence,0.2,0,0,0,0,0,6,0.75,0.25
ChIJNZ9zTaOVQIYRm3Ru8n-P7a4,3,1,1,4,0,8,1,47,2024-01-08,"Meals Provided ,Snacks Provided,Field Trips",N,NO,NO,NO,1455426,Bezos Academy Houston - Southside,HOUSTON,2605 REED RD,77051 2560,Bezos Academy Houston - South Side,,,0,high_confidence,2.0,0,0,0,0,0,9,1.125,0.375
ChIJNZDUJ0-eToYRKByDaFHyf3Q,1,2,0,0,0,9,0,126,2007-02-01,"Snacks Provided,Part Time Care",N,NO,NO,NO,295669,Park Cities Baptist Church Preschool,DALLAS,3933 NORTHWEST PKWY,75225 3333,Park Cities Baptist Church,4.8,238.0,5,high_confidence,18.9,0,0,0,0,0,3,0.333,0.111
ChIJNZ_mUFLXQIYRiv7wE8JRY4o,1,1,3,0,0,7,0,68,2015-03-05,"School Age Care,Part Time Care,Field Trips",N,NO,NO,NO,1153244,Mon Petit Learning Center,HOUSTON,15844 YORKTOWN CROSSING PKWY,77084 4966,Mon Petit Learning Center,4.2,29.0,5,high_confidence,10.8,0,0,0,0,0,5,0.714,0.143
ChIJN_8cNABhXIYRS0bWh854avE,11,28,18,4,0,26,1,77,2022-02-22,"Before School Care,Meals Provided ,After School Care,Snacks Provided,Drop-In Care,Skill Classes,Part Time Care,Field Trips",Y,NO,NO,NO,1385553,Kent International Academy,SAN ANTONIO,1323 BROOKSTONE,78248 1414,Kent International Academy,4.8,16.0,5,high_confidence,3.9,0,1,0,0,0,61,2.346,0.423
ChIJN_vW_U_dQIYRh79Pi4xsLUU,2,9,11,7,0,12,1,151,2023-11-13,"Meals Provided ,Snacks Provided,Drop-In Care,Skill Classes,Part Time Care,Field Trips",Y,NO,NO,NO,1444593,The Academy of Young Scholars,HOUSTON,2526 WALNUT BEND LN,77042 3013,The Academy of Young Scholars,4.6,58.0,5,high_confidence,2.1,0,1,0,0,0,29,2.417,0.167
ChIJNafFKQ_RQIYRCM2Y6usWA6s,8,2,2,0,0,20,0,210,2016-10-12,"School Age Care,Before School Care,Accredited,Meals Provided ,After School Care,Snacks Provided,Part Time Care,Transportation to/from School ,Field Trips",Y,NO,NO,NO,1259794,Primrose School at Crossroads Park,HOUSTON,9701 WORTHAM BLVD,77065 3420,Primrose School at Crossroads Park,4.6,78.0,5,high_confidence,9.2,1,1,0,0,0,12,0.6,0.4
ChIJNb-CSA2aToYRXghCO3L_7xs,0,2,3,2,0,9,1,29,2017-02-03,"School Age Care,Meals Provided ,After School Care,Snacks Provided,Part Time Care,Transportation to/from School",Y,NO,NO,NO,1222200,La Marina Day Care Inc,DALLAS,4563 MEXICANA RD,75212 1113,La Marina Daycare,4.2,16.0,5,medium_confidence,8.9,0,1,0,0,0,7,0.778,0.0
ChIJNbJSkgnLQIYRbN39662VYlg,10,10,5,3,0,15,1,39,2022-01-20,"School Age Care,Before School Care,Meals Provided ,After School Care,Snacks Provided,Drop-In Care,Skill Classes,Part Time Care,Transportation to/from School ,Weekend Care",Y,NO,NO,NO,1367947,Tiny Legends Learning Center,HOUSTON,13075 KUYKENDAHL RD,77090 6703,Tiny Legends Learning Center,2.7,7.0,5,high_confidence,3.9,0,1,0,0,0,28,1.867,0.667
ChIJNcM5LFPAQIYRzteTJR9Y8yE,1,5,6,0,0,10,0,85,2022-01-27,School Age Care,N,NO,NO,NO,1383757,Beehive Parent  Child Center,HOUSTON,3407 BISSONNET ST,77005 2115,Beehive Parent Child Center,4.8,18.0,5,high_confidence,3.9,0,0,0,0,0,12,1.2,0.1
ChIJNdPAcTnNRIYR-890Ic65PdU,2,3,4,0,0,6,0,100,2024-04-22,"Before School Care,After School Care,Snacks Provided",Y,NO,NO,NO,1473970,Live Oak YMCA of Central Texas,AUSTIN,8607 ANDERSON MILL RD,78729 4706,Live Oak Elementary School,,,0,medium_confidence,1.7,0,1,0,0,0,9,1.5,0.333
ChIJNdkMQCdcXIYR7F2d0bd6nvs,5,0,0,1,0,19,1,135,2022-05-02,"Meals Provided ,Snacks Provided",N,NO,NO,NO,1389177,Parent/Child Inc Culebra Head Start Academy,SAN ANTONIO,8031 CULEBRA RD,78251 1632,Culebra Head Start,,,0,medium_confidence,3.7,0,0,0,0,0,6,0.316,0.263
ChIJNwDhSSfZQIYRCAV0sHSrg7A,1,4,4,1,0,6,1,145,2016-10-25,"School Age Care,Before School Care,After School Care,Drop-In Care,Skill Classes",N,NO,NO,NO,1240860,Eagles On The Rock Bilingual Academy,HOUSTON,433 BARKER CYPRESS RD,77094 1433,Eagles On The Rock Academy,4.5,17.0,5,high_confidence,9.2,0,0,0,0,0,10,1.667,0.167
ChIJNwRIyHGKXIYR-k7Fx9EqWfU,1,7,2,0,0,8,0,110,1986-02-11,"Meals Provided ,After School Care,Snacks Provided,Part Time Care,Transportation to/from School ,Field Trips",Y,NO,NO,NO,98585,Panda Bear Day Care,SAN ANTONIO,143 ENCINO GRANDE ST,78232 3823,Panda Bear Day Care,4.6,11.0,5,high_confidence,39.9,0,1,0,0,0,10,1.25,0.125
ChIJNw_jqVS1RIYRM94SGuQ9xOY,0,2,0,0,0,12,0,49,2026-02-23,"After School Care,Drop-In Care,Part Time Care",N,NO,NO,NO,1522873,Dahlia Montessori and Spanish Immersion School,AUSTIN,1610 WHELESS LN,78723 1147,Springdale Montessori and Spanish Immersion School,5.0,2.0,2,high_confidence,0.0,0,0,0,0,0,2,0.167,0.0
ChIJNxeDTMrIQIYRkQywiIWGAv0,3,11,8,2,0,16,1,153,2017-02-23,"School Age Care,Before School Care,Meals Provided ,After School Care,Snacks Provided,Drop-In Care,Part Time Care,Transportation to/from School ,Field Trips",Y,NO,NO,NO,1269709,America's Choice Children's Center,HOUSTON,8116 ANTOINE DR,77088 2802,America's Choice Childcare Center - Inwood,,,0,high_confidence,8.9,0,1,0,0,0,24,1.5,0.188
ChIJNyPuKCX0XIYRSfRj-bDUpps,0,0,0,1,0,6,1,100,2025-02-05,"School Age Care,Meals Provided ,After School Care,Snacks Provided",N,NO,NO,NO,1484659,Y School Age @ Bella Cameron Elementary,SAN ANTONIO,3635 BELGIUM LN,78219 2505,Bella Cameron Elementary School,,,0,high_confidence,0.9,0,0,0,0,0,1,0.167,0.0
ChIJNzmEXAXKQIYRbTz-MuVj0x4,0,0,0,0,0,8,0,102,2023-01-26,"School Age Care,Before School Care,After School Care,Snacks Provided,Drop-In Care,Part Time Care",Y,NO,NO,NO,1412859,Cooper Elementary Koala Kare,HOUSTON,18665 IMPERIAL VALLEY DR,77073 4608,Cooper Elementary School,,,0,medium_confidence,2.9,0,1,0,0,0,0,0.0,0.0
ChIJNzwDTbTGQIYR3t5M4itEuYs,1,0,2,0,0,7,0,40,2015-10-19,"Accredited,Meals Provided ,Snacks Provided,Part Time Care",N,NO,NO,NO,1175981,Duchesne Academy of the Sacred Heart,HOUSTON,10202 MEMORIAL DR,77024 3213,Duchesne Academy of the Sacred Heart,,,0,high_confidence,10.2,1,0,0,0,0,3,0.429,0.143
ChIJO-kXL-hLW4YRa8GpZzefrU8,2,2,1,0,0,8,1,35,2011-03-14,"Meals Provided ,Snacks Provided",Y,NO,NO,NO,755168,Nanas Playhouse Learning Center,AUSTIN,4406 RUSSELL DR,78745 1054,Nana's Playhouse Learning Center,4.6,16.0,5,high_confidence,14.8,0,1,0,0,0,5,0.625,0.25
ChIJO0TsZ56uQIYRZwtAwI7ZiOc,12,5,0,0,0,20,0,282,2016-09-30,"School Age Care,Before School Care,Meals Provided ,After School Care,Snacks Provided,Drop-In Care,Skill Classes,Part Time Care,Transportation to/from School ,Field Trips",Y,NO,NO,NO,1236627,Primrose School at Lakeshore,HOUSTON,16460 W LAKE HOUSTON PKWY,77044 5542,Primrose School at Lakeshore,4.6,72.0,5,high_confidence,9.3,0,1,0,0,0,17,0.85,0.6
ChIJO1BPj-GbToYRxIITHyZQtfY,4,3,2,0,0,12,0,82,2025-03-06,"School Age Care,Before School Care,Meals Provided ,After School Care,Snacks Provided,Part Time Care,Transportation to/from School ,Field Trips",Y,NO,NO,NO,1484819,Liberty Learning Academy,DALLAS,3321 SINGLETON BLVD,75212 3640,Liberty Learning Academy,4.3,6.0,5,high_confidence,0.8,0,1,0,0,0,9,0.75,0.333
ChIJO1OLSwXKQIYRKQV7LJj2K0E,8,6,3,1,1,12,0,48,2018-06-25,"School Age Care,Before School Care,Meals Provided ,After School Care,Snacks Provided,Drop-In Care,Part Time Care,Transportation to/from School",Y,NO,NO,NO,1297760,Little Laughter's Childcare Center,HOUSTON,641 RANKIN RD STE 600,77073 4503,Little Laughter’s ChildCare Center,3.9,11.0,5,high_confidence,7.5,0,1,0,0,0,19,1.583,0.667
ChIJO1VqnWdwToYR9yxLA9j5zgc,6,26,10,2,0,46,2,55,2022-12-30,"School Age Care,Before School Care,Meals Provided ,After School Care,Snacks Provided,Drop-In Care,Part Time Care",Y,NO,NO,NO,1406692,Love and Grace Childcare,FORT WORTH,510 N RACE ST,76140 3017,Cain's Love & Care Learning Center,4.5,15.0,5,medium_confidence,3.0,0,1,0,0,0,44,0.957,0.13
ChIJO2Cb0UhcXIYRdh2RyC3X6Zk,1,1,0,0,0,10,0,60,2012-02-17,"Accredited,Snacks Provided,Part Time Care",N,NO,NO,NO,905069,Head Start Gregorio Esparza Elementary,SAN ANTONIO,5700 HEMPHILL DR,78228 4334,Gregorio Esparza Elementary School,,,0,high_confidence,13.9,1,0,0,0,0,2,0.2,0.1
ChIJO2KJ3MrZTYYRNhyiIXjnwVM,2,2,1,0,0,12,0,242,2011-02-07,"School Age Care,Before School Care,Accredited,Meals Provided ,After School Care,Snacks Provided,Skill Classes,Part Time Care,Transportation to/from School ,Field Trips",N,NO,NO,NO,796068,Primrose School at Heritage,FORT WORTH,4700 HERITAGE TRACE PKWY,76244 6060,Primrose School at Heritage,4.6,40.0,5,high_confidence,14.9,1,0,0,0,0,5,0.417,0.167
ChIJO3DqOHafToYRy-lhiqCKwuE,1,0,1,0,0,8,0,211,2025-08-12,Snacks Provided,N,NO,NO,NO,1498428,Celebree School of Dallas North Park,DALLAS,5459 LA SIERRA DR,75231 2347,Celebree School of North Dallas,3.7,22.0,5,high_confidence,0.4,0,0,0,0,0,2,0.25,0.125
ChIJO4-Wpq3JRIYRjHUPCjHnG68,0,1,2,0,0,12,0,84,2016-05-24,Snacks Provided,Y,NO,NO,NO,1225702,Goodwill Exploration Center,AUSTIN,1015 NORWOOD PARK BLVD,78753 6608,The Goodwill Excel Center - Norwood Campus,4.0,2.0,2,medium_confidence,9.6,0,1,0,0,0,3,0.25,0.0
ChIJO5StuendQIYRHh4UUqBZAVw,1,8,8,0,0,5,0,92,2010-02-26,"After School Care,Snacks Provided,Drop-In Care,Part Time Care",Y,NO,NO,NO,505808,Dominion Lifestyle Academy,HOUSTON,14030 BEECHNUT ST,77083 6609,Dominion Lifestyle Academy,,,0,high_confidence,15.8,0,1,0,0,0,17,3.4,0.2
ChIJO6aehx_dQIYR-0i1hFnIhnk,12,12,14,5,0,12,2,49,2011-11-10,"School Age Care,Meals Provided ,Transportation to/from School ,Field Trips",Y,NO,NO,NO,859561,Komal's Love and Care Academy,HOUSTON,11609 ALIEF CLODINE RD,77082 2601,Komal's Love and Care Academy,4.5,13.0,5,high_confidence,14.1,0,1,0,0,0,43,3.583,1.0
ChIJO72Uyi1yToYRxZaZmhQ8U0E,0,1,2,0,0,6,0,180,2015-12-01,"School Age Care,Snacks Provided,Skill Classes,Part Time Care",N,NO,NO,NO,1186859,Fort Worth Zoo Education Center,FORT WORTH,1989 COLONIAL PKWY,76110 6640,Fort Worth Zoo,4.6,15143.0,5,medium_confidence,10.1,0,0,0,0,0,3,0.5,0.0
ChIJO7Lh8bTDQIYR1biAcgBxHjI,7,7,6,3,1,14,2,205,2023-07-12,"School Age Care,Before School Care,Meals Provided ,After School Care,Snacks Provided,Part Time Care",Y,NO,NO,NO,1429977,Westchase Neighborhood School Preschool,HOUSTON,10570 WESTPARK DR,77042 5231,Westchase Neighborhood School,,,0,high_confidence,2.5,0,1,0,0,0,24,1.714,0.5
ChIJO7ylMgXFQIYRcubg9uLfMi4,0,4,1,0,1,4,0,163,2025-10-07,"School Age Care,Before School Care,Accredited,Meals Provided ,After School Care,Snacks Provided,Drop-In Care,Part Time Care,Transportation to/from School ,Field Trips",N,NO,NO,NO,1508753,Creative Care- Kempwood,HOUSTON,9601 KEMPWOOD DR,77080 3903,Creative Care Childrens School - Spring Branch - Kempwood,4.4,83.0,5,medium_confidence,0.2,1,0,0,0,0,6,1.5,0.0
ChIJO8IBBVpCXIYRNGgHoSrsuPE,0,0,0,0,0,8,0,100,2025-02-27,"School Age Care,Meals Provided ,After School Care,Snacks Provided,Weekend Care",N,NO,NO,NO,1486108,Y School Age @ Northwest Vista College,SAN ANTONIO,3535 N ELLISON DR,78251 4217,Northwest Vista College,4.1,285.0,5,medium_confidence,0.8,0,0,0,0,0,0,0.0,0.0
ChIJO9FIkMZFXIYRNRUYBFg6dYk,0,0,1,0,0,2,0,112,2025-12-12,"School Age Care,Before School Care,Meals Provided ,Snacks Provided",N,NO,NO,NO,1516753,TAB Academy,SAN ANTONIO,6041 WT MONTGOMERY,78252 2234,TAB Academy,,,0,high_confidence,0.1,0,0,0,0,0,1,0.5,0.0
ChIJO9KcMgTDQIYRfb5elyNr1ZU,6,16,5,2,0,19,0,133,2015-04-08,"School Age Care,Before School Care,Meals Provided ,After School Care,Snacks Provided,Part Time Care",Y,NO,NO,NO,1159349,Kids Learning Academy,HOUSTON,9101 RICHMOND AVE,77063 4028,Kids Learning Academy,4.1,60.0,5,high_confidence,10.7,0,1,0,0,0,29,1.526,0.316
ChIJO9RJgn5nXIYRnP1DTRP3u4w,20,30,21,0,2,32,2,104,2007-02-28,"School Age Care,After School Care,Snacks Provided,Skill Classes,Part Time Care,Transportation to/from School ,Field Trips",Y,NO,NO,NO,297947,His Kidz Academy,SAN ANTONIO,8023 HUEBNER RD,78240 2206,His Kidz Academy,3.7,24.0,5,high_confidence,18.8,0,1,0,0,0,73,2.281,0.625
ChIJOQIkpIKfToYRjh7uWVD4U9w,1,1,3,0,0,6,0,102,1992-12-21,,N,NO,NO,NO,125883,Zion Lutheran Church and School,DALLAS,6121 E LOVERS LN,75214 2029,Zion Lutheran Church,4.8,37.0,5,medium_confidence,33.0,0,0,0,0,0,5,0.833,0.167
ChIJORLPNri1RIYRiP9HBkbu5Iw,8,12,20,0,0,24,2,136,2025-09-22,"School Age Care,After School Care",N,NO,NO,NO,1511540,AISD Blackshear Child Care,AUSTIN,1712 E 11TH ST,78702 2717,Blackshear Elementary School,,,0,medium_confidence,0.3,0,0,0,0,0,40,1.667,0.333
ChIJOTD7Wi7oQIYRUWes1LrzDEw,3,5,0,1,0,8,1,153,2013-08-27,"School Age Care,Before School Care,Meals Provided ,After School Care,Snacks Provided,Transportation to/from School ,Field Trips",Y,NO,NO,NO,1119385,Kids Arena Inc. DBA Kids Arena Academy,HOUSTON,8373 CREEKBEND DR,77071 1147,The Kid's Arena Academy,4.1,24.0,5,medium_confidence,12.3,0,1,0,0,0,9,1.125,0.375
ChIJOUEBSjhZXIYR8R-xmTaBWc0,3,8,0,0,0,21,0,102,2017-07-06,"School Age Care,Before School Care,Meals Provided ,After School Care,Snacks Provided,Drop-In Care,Part Time Care,Transportation to/from School ,Field Trips",Y,NO,NO,NO,1258185,Learning Time Day Care & Kindergarten L.L.C.,SAN ANTONIO,554 CUPPLES RD,78237 3925,Learning Time Day Care,3.5,54.0,5,medium_confidence,8.5,0,1,0,0,0,11,0.524,0.143
ChIJOUWAAQD1XIYRilbQBOw2LLs,4,13,9,2,0,14,2,78,2025-12-15,"School Age Care,Accredited,Meals Provided ,After School Care,Snacks Provided,Part Time Care,Transportation to/from School ,Field Trips",N,NO,NO,NO,1494322,Little Achievers Learning Academy,SAN ANTONIO,270 ANTRIM DR,78218 4205,LITTLE ACHIEVERS LEARNING ACADEMY (LALA),4.8,21.0,5,high_confidence,0.0,1,0,0,0,0,28,2.0,0.286
ChIJOUh8g0MZeSkRU5d7QhthaW4,2,2,3,0,0,9,0,110,2021-03-15,"School Age Care,Before School Care,After School Care,Drop-In Care,Part Time Care",Y,NO,NO,NO,1360174,Fiorella di Reggio Emilia School,AUSTIN,1707 W ANDERSON LN,78757 1335,Fiorella Reggio Emilia School (North Campus),5.0,5.0,5,medium_confidence,4.8,0,1,0,0,0,7,0.778,0.222
ChIJOWS3ylFfXIYR3Uv2M7T9-8I,0,2,2,1,1,6,0,117,1987-08-11,"Meals Provided ,Snacks Provided,Part Time Care",Y,NO,NO,NO,94401,Central Christian Child Development Center,SAN ANTONIO,720 N MAIN AVE,78205 1106,Central Christian Childcare Center,4.4,7.0,5,medium_confidence,38.4,0,1,0,0,0,6,1.0,0.0
ChIJOWbzUnjAQIYRWTtks5fDz0A,1,1,0,0,0,10,0,98,2018-02-02,"School Age Care,Part Time Care,Field Trips",N,NO,NO,NO,1283078,German International School of Houston,HOUSTON,6221 MAIN ST,77030 1506,German International School of Houston,,,0,high_confidence,7.9,0,0,0,0,0,2,0.2,0.1
ChIJOWfKN-ybToYRrQNuGXtvU3c,6,29,16,0,2,23,0,83,2005-05-16,"Transportation to/from School ,Field Trips",Y,NO,NO,NO,271504,Heavenly Care Child Development Center,DALLAS,1948 BICKERS ST,75212 1702,Heavenly Care Child Development Center,4.1,14.0,5,high_confidence,20.6,0,1,0,0,0,53,2.304,0.261
ChIJOWsMlFygToYRlv8ByzRoVuI,0,0,0,0,0,10,0,145,1987-04-01,"School Age Care,Meals Provided ,Snacks Provided,Drop-In Care,Part Time Care",N,NO,NO,NO,98101,Lake Highlands Christian Child Enrichment Center,DALLAS,9919 MCCREE RD,75238 3446,Lake Highlands Christian Child,5.0,3.0,3,medium_confidence,38.8,0,0,0,0,0,0,0.0,0.0
ChIJOWvw_27PQIYRPrUXmB4oyVM,5,10,4,0,0,12,0,61,2025-09-18,"School Age Care,Before School Care,Get Well Care,Meals Provided ,After School Care,Snacks Provided,Drop-In Care,Part Time Care,Transportation to/from School ,Field Trips",N,NO,NO,NO,1491406,Brilliant Beginnings Learning Center,HOUSTON,11003 ANTOINE DR STE T,77086 1426,Brilliant Beginnings Learning Center,4.3,11.0,5,high_confidence,0.3,0,0,0,0,0,19,1.583,0.417
ChIJOYORVkwtW4YRKVlTHNIsprU,7,7,0,0,0,15,0,308,2010-07-07,"School Age Care,Meals Provided ,After School Care,Snacks Provided,Drop-In Care,Skill Classes,Part Time Care,Transportation to/from School ,Field Trips",N,NO,NO,NO,615009,Abacus School of Austin,AUSTIN,14115 AVERY RANCH BLVD,78717 4008,Abacus School of Austin,4.3,7.0,5,high_confidence,15.5,0,0,0,0,0,14,0.933,0.467
ChIJOZjEXABjXIYR5_Puik0cyZ8,1,9,1,0,0,4,0,29,2025-12-04,"School Age Care,Meals Provided ,Snacks Provided,Drop-In Care,Skill Classes,Part Time Care,Field Trips",N,NO,NO,NO,1517331,Imagine And Learn Academy,SAN ANTONIO,25020 BLANCO RD STE 150,78260 6631,Imagine and Learn Academy,,,0,high_confidence,0.1,0,0,0,0,0,11,2.75,0.25
ChIJOZlSWaC_QIYRG5wZKijMAh8,11,28,9,0,0,12,0,45,2009-06-15,"After School Care,Drop-In Care,Part Time Care",Y,NO,NO,NO,379773,Cookies N Cream Day Care Center,HOUSTON,3322 YELLOWSTONE BLVD BLDG 32,77021 5311,Cookies -n- Cream Day Care,,,0,medium_confidence,16.5,0,1,0,0,0,48,4.0,0.917
ChIJOZsAXvy0RIYRQmkESoOT_Lw,5,8,9,1,1,8,1,40,2012-01-03,"School Age Care,Snacks Provided,Transportation to/from School ,Field Trips",Y,NO,NO,NO,918873,Academia Preescolar,AUSTIN,1511 S CONGRESS AVE,78704 2436,Academia Preescolar - A Spanish Immersion Preschool,4.8,17.0,5,medium_confidence,14.0,0,1,0,0,0,24,3.0,0.625
ChIJO_zu41nKRIYRpTd4bWS0n0g,0,1,3,0,0,8,0,161,2003-11-17,,N,NO,NO,NO,238262,Northwest Montessori House of Children LLC,AUSTIN,1905 W KOENIG LN,78756 1210,Northwest Montessori House of Children,,,0,high_confidence,22.1,0,0,0,0,0,4,0.5,0.0
ChIJOb2f7QbPRIYR7DT0U6BZ3Fs,1,7,3,2,1,9,0,68,2021-02-24,"School Age Care,After School Care,Part Time Care",Y,NO,NO,NO,1362815,Blossoming Humans LLC,AUSTIN,3101 HOWARD LN,78728 7114,Blossoming Humans Preschool,4.7,26.0,5,medium_confidence,4.9,0,1,0,0,0,14,1.556,0.111
ChIJObRGD4aJXIYRaEXSFOwOfGE,1,1,0,0,0,9,0,273,2026-01-07,"School Age Care,Before School Care,Accredited,Meals Provided ,After School Care,Snacks Provided,Part Time Care,Transportation to/from School ,Field Trips",N,NO,NO,NO,1507298,Ivy Kids at Stone Oak,SAN ANTONIO,24278 WILDERNESS OAK,78258 2407,Ivy Kids at Stone Oak,5.0,12.0,5,high_confidence,-0.0,1,0,0,0,0,2,0.222,0.111
ChIJObg-kS_PQIYRS8pV_cmRp3A,5,11,2,0,0,18,0,147,2025-01-31,"School Age Care,Before School Care,Meals Provided ,After School Care,Snacks Provided,Part Time Care,Transportation to/from School ,Weekend Care,Field Trips",Y,NO,NO,NO,1464027,Kool Kids Krayola Academy,HOUSTON,11338 TOWER OAKS BLVD,77065 3008,Kool Kids Krayola Academy,4.7,35.0,5,high_confidence,0.9,0,1,0,0,0,18,1.0,0.278
ChIJOdHawCeRToYRM2VDASJV26A,7,13,4,0,0,21,0,124,2018-03-16,"School Age Care,Before School Care,Meals Provided ,After School Care,Snacks Provided,Drop-In Care,Skill Classes,Part Time Care,Transportation to/from School ,Field Trips",Y,NO,NO,NO,1298275,"The Ivy League Child Development Center & Outreach, INC",DALLAS,7111 MARVIN D LOVE FWY STE 210,75237 3112,The Ivy League Child Development Center,4.9,26.0,5,high_confidence,7.8,0,1,0,0,0,24,1.143,0.333
ChIJOdaajavSRIYRy2yrMKJHpdA,5,18,8,0,2,12,0,238,2019-10-29,"School Age Care,After School Care,Snacks Provided,Part Time Care",N,NO,NO,NO,1329070,Shining Stars Montessori LLC,AUSTIN,10500 LAKELINE BLVD,78717 6079,Shining Stars Montessori School,,,0,high_confidence,6.2,0,0,0,0,0,33,2.75,0.417
ChIJOxYRN6i3QIYRMd_ilIwtv5E,4,15,1,0,0,26,0,170,2013-12-15,"School Age Care,Before School Care,Meals Provided ,After School Care,Snacks Provided,Drop-In Care,Part Time Care,Transportation to/from School ,Field Trips",Y,NO,NO,NO,1101823,Building Blocks Academy Aldine,HOUSTON,2111 ALDINE MAIL RTE,77039 5503,Building Blocks Academy Aldine,4.0,69.0,5,high_confidence,12.0,0,1,0,0,0,20,0.769,0.154
ChIJOyAxAryZQIYRLN8LTjTo_VE,4,11,2,0,0,11,0,139,2015-04-15,"School Age Care,Before School Care,Meals Provided ,After School Care,Snacks Provided,Transportation to/from School ,Field Trips",Y,NO,NO,NO,1175453,Luv-N-Care Learning Center,HOUSTON,12612 PALMSPRINGS DR,77034 3859,Luv-N-Care Learning Center,4.6,63.0,5,high_confidence,10.7,0,1,0,0,0,17,1.545,0.364
ChIJOytidV_AQIYRurPgrkVSRq0,4,13,8,1,0,13,0,29,2021-12-13,Part Time Care,N,NO,NO,NO,1376376,LMM Sunset,HOUSTON,2520 SUNSET BLVD,77005 1434,LMM Sunset Montessori,5.0,7.0,5,medium_confidence,4.1,0,0,0,0,0,26,2.0,0.308
ChIJOz3RhKrHQIYRoyimnY9mhTE,7,9,4,2,1,17,0,309,2024-07-22,"Accredited,Meals Provided ,Snacks Provided,Part Time Care",N,NO,NO,NO,1466757,Oak Forest Academy,HOUSTON,1901 W 34TH ST,77018 6106,Oak Forest Academy,4.8,82.0,5,high_confidence,1.4,1,0,0,0,0,23,1.353,0.412
ChIJOzBXPSLLQIYRgeGcurFszoU,10,14,4,3,0,11,0,77,2025-02-06,"School Age Care,Before School Care,Meals Provided ,After School Care,Snacks Provided,Drop-In Care,Skill Classes,Part Time Care,Transportation to/from School ,Field Trips",Y,NO,NO,NO,1481809,Einstein School of Learning,HOUSTON,535 AIRTEX RD,77090 1421,Einstein School of Learning,5.0,14.0,5,high_confidence,0.9,0,1,0,0,0,31,2.818,0.909
ChIJOzZDKeLhTYYRPRwZWAeYnv8,0,1,1,0,0,7,0,50,2024-02-02,"School Age Care,After School Care,Snacks Provided",N,NO,NO,NO,1457979,YMCA - Eagle Heights Elementary,FORT WORTH,6605 LUCERNE DR,76135,Eagle Heights Elementary School,,,0,high_confidence,1.9,0,0,0,0,0,2,0.286,0.0
ChIJP-NrKt_YQIYRaxJuy-ckqkY,2,0,2,0,0,7,0,172,2019-06-27,"School Age Care,Before School Care,After School Care,Snacks Provided,Part Time Care,Transportation to/from School ,Field Trips",N,NO,NO,NO,1326326,Five Star Montessori -Kingsland FSMS LLC,HOUSTON,18200 KINGSLAND BLVD,77094 1200,Five Star Montessori School | Katy,4.2,50.0,5,medium_confidence,6.5,0,0,0,0,0,4,0.571,0.286
ChIJP-f7LTtxToYRGmIaEBUw9Cc,9,10,10,1,0,26,0,93,2021-05-17,"School Age Care,Before School Care,Meals Provided ,After School Care,Snacks Provided,Drop-In Care,Skill Classes,Part Time Care,Transportation to/from School ,Field Trips",Y,NO,NO,NO,1364277,Kids Kingdom Learning Academy,FORT WORTH,4800 S RIVERSIDE DR,76119 5512,Kids Kingdom Learning Academy,4.7,9.0,5,high_confidence,4.6,0,1,0,0,0,30,1.154,0.346
ChIJP08sJ8e_QIYRRbrK69lyuaA,0,2,1,0,0,8,0,74,1988-02-03,"Meals Provided ,Snacks Provided,Field Trips",Y,NO,NO,NO,104364,Jewels Learning Center,HOUSTON,6606 CADILLAC ST,77021 2410,Jewel's Learning Center,3.9,30.0,5,high_confidence,37.9,0,1,0,0,0,3,0.375,0.0
ChIJP0TtD5HpQIYRaqnTWo6K7Uk,1,10,4,0,0,11,0,80,2016-11-28,"School Age Care,Before School Care,Meals Provided ,After School Care,Snacks Provided,Transportation to/from School",Y,NO,NO,NO,1249154,Little Learners Lighthouse,HOUSTON,5819 W AIRPORT BLVD,77035 4227,Little Learners Lighthouse Childcare,4.9,39.0,5,high_confidence,9.1,0,1,0,0,0,15,1.364,0.091
ChIJP24-jjEeTIYRfZw6Pvusjrc,4,5,2,0,0,14,0,150,2005-07-14,"Meals Provided ,After School Care,Snacks Provided,Part Time Care,Transportation to/from School ,Field Trips",Y,NO,NO,NO,275953,Glen Oaks School,DALLAS,12105 PLANO RD,75243 5407,Glen Oaks School,4.4,60.0,5,high_confidence,20.5,0,1,0,0,0,11,0.786,0.286
ChIJP300q27ORIYRS4sEblP5w-U,0,2,1,1,0,6,0,80,2023-06-16,"School Age Care,After School Care",Y,NO,NO,NO,1443934,Joe Lee Johnson YMCA of Central Texas,AUSTIN,2800 SAULS DR,78728 3803,Joe Lee Johnson Elementary School,,,0,medium_confidence,2.5,0,1,0,0,0,4,0.667,0.0
ChIJP3fdRskjTIYR5n1_Xo4b21Q,1,1,2,0,0,5,0,85,2025-12-12,Part Time Care,N,NO,NO,NO,1509829,Dallas Torah Center Preschool,DALLAS,6950 MCCALLUM BLVD,75252 5935,Dallas Torah Center Preschool,,,0,high_confidence,0.1,0,0,0,0,0,4,0.8,0.2
ChIJP4ESsXi1RIYRMlapOb40_Oo,0,6,4,0,2,11,0,34,2021-02-23,School Age Care,N,NO,NO,NO,1362308,Habibis Hutch,AUSTIN,3900 VALLEY VIEW RD,78704 6711,Habibi’s Hutch,,,0,high_confidence,4.9,0,0,0,0,0,12,1.091,0.0
ChIJP5A5C8rBQIYRmQCUiPqEFnA,17,4,0,0,0,15,2,102,2007-04-16,"School Age Care,After School Care,Snacks Provided,Skill Classes,Part Time Care,Transportation to/from School ,Field Trips",N,NO,NO,NO,288331,YMCA Afterschool @ Weekley YMCA,HOUSTON,7101 STELLA LINK RD,77025 1709,Weekley Family YMCA,4.3,322.0,5,medium_confidence,18.7,0,0,0,0,0,21,1.4,1.133
ChIJP675BNIfTIYR5LL3DnYXfos,10,11,1,0,0,30,0,168,2017-02-17,"School Age Care,Before School Care,Meals Provided ,After School Care,Snacks Provided,Part Time Care,Transportation to/from School ,Field Trips",Y,NO,NO,NO,1250294,Abugida Academy,DALLAS,11501 PLANO RD,75243 5215,Abugida Academy,4.4,43.0,5,high_confidence,8.9,0,1,0,0,0,22,0.733,0.333
ChIJP6LKqOjKRIYRzNyvXbdgxJk,0,2,1,0,0,5,0,12,2003-03-13,,N,NO,NO,NO,213278,Childrens Therapeutics Developmental Center,AUSTIN,3211 HANCOCK DR,78731 5427,Children's Therapeutics,4.0,14.0,5,medium_confidence,22.8,0,0,0,0,0,3,0.6,0.0
ChIJP753Z_rJRIYRImTP2gSBej0,3,7,6,0,1,11,1,48,1988-12-20,"School Age Care,Accredited,Snacks Provided,Skill Classes,Part Time Care",Y,NO,NO,NO,95068,Trinity Child Development Center,AUSTIN,5801 WESTMINSTER DR,78723 2640,Trinity Child Development Center,4.3,11.0,5,high_confidence,37.0,1,1,0,0,0,17,1.545,0.273
ChIJP8LTUVLNRIYRArsQg5be-Ss,0,0,0,0,0,5,0,75,2024-06-04,"After School Care,Snacks Provided",Y,NO,NO,NO,1479055,Forest North YMCA of Central Texas,AUSTIN,13414 BROADMEADE AVE,78729 1945,Forest North Elementary School,,,0,medium_confidence,1.6,0,1,0,0,0,0,0.0,0.0
ChIJP8nprLZ7ToYR1KhMwSekOm8,0,4,1,0,0,8,0,94,2017-03-16,"School Age Care,Before School Care,Meals Provided ,After School Care,Snacks Provided,Part Time Care,Transportation to/from School ,Field Trips",Y,NO,NO,NO,1253362,Saintsville Baptist Church Childcare,FORT WORTH,1816 MCCLELLAN CT,76112 4122,Saintsville Learning Center,4.2,6.0,5,medium_confidence,8.8,0,1,0,0,0,5,0.625,0.0
ChIJPT8xh1VfXIYRHHgyK9EjfXM,5,3,1,0,0,13,0,100,1987-02-16,"Accredited,Meals Provided ,Snacks Provided,Field Trips",N,NO,NO,NO,96774,First Presbyterian Church Children's Center,SAN ANTONIO,404 N ALAMO ST,78205 1918,First Presbyterian Church,4.6,98.0,5,medium_confidence,38.9,1,0,0,0,0,9,0.692,0.385
ChIJPTheeLNYXIYRwgKiIjfsm4s,2,9,2,0,0,12,0,173,2006-10-12,"School Age Care,Meals Provided ,After School Care,Snacks Provided,Drop-In Care,Transportation to/from School ,Field Trips",Y,NO,NO,NO,292173,Discovery World Learning Center,SAN ANTONIO,406 W CESAR E CHAVEZ BLVD,78204 3104,Discovery World Learning Center,4.4,75.0,5,high_confidence,19.2,0,1,0,0,0,13,1.083,0.167
ChIJPUEkL3vNRIYRkBiX7j5PIRw,9,13,7,2,0,16,1,102,2023-06-19,"School Age Care,Snacks Provided,Drop-In Care,Part Time Care",Y,NO,NO,NO,1427234,Montessori Oaks,AUSTIN,9006 ANDERSON MILL RD,78729 4501,Montessori Oaks,4.9,30.0,5,high_confidence,2.5,0,1,0,0,0,31,1.938,0.562
ChIJPUKNS2NwToYReOBA2a51-mA,7,1,2,0,0,15,5,60,1986-09-16,"Meals Provided ,Snacks Provided",Y,NO,NO,NO,99496,Center for Transforming Lives Polytechnic CDC,FORT WORTH,3401 AVENUE I,76105 2423,Center for Transforming Lives Polytechnic Child Development Center,4.9,18.0,5,medium_confidence,39.3,0,1,0,0,0,10,0.667,0.467
ChIJPUsnYKVZXIYR-2vE1nwBbC8,1,2,3,0,0,7,0,100,2024-06-27,"School Age Care,Before School Care,Accredited,After School Care,Snacks Provided,Part Time Care",Y,NO,NO,NO,1468874,KCE Champions LLC @ KIPP Esperanza,SAN ANTONIO,239 STARK,78204 1648,Champions at KIPP Esperanza Primary,,,0,medium_confidence,1.5,1,1,0,0,0,6,0.857,0.143
ChIJPVQyyNXZQIYRAIDev3lwRhY,2,3,8,0,0,7,0,84,2017-11-22,"School Age Care,Before School Care,Meals Provided ,After School Care,Snacks Provided,Drop-In Care,Part Time Care,Transportation to/from School ,Field Trips",Y,NO,NO,NO,1271505,Exploring Minds Learning Center,HOUSTON,5211 BARKER CYPRESS RD STE 124,77084 6915,Exploring Minds Learning Center LLC,4.8,19.0,5,high_confidence,8.1,0,1,0,0,0,13,1.857,0.286
ChIJPW31qYZEXIYR9v-9vXlRwgo,3,3,1,0,0,10,0,100,1988-06-06,"After School Care,Snacks Provided,Part Time Care,Transportation to/from School ,Field Trips",Y,NO,NO,NO,104738,Y School Age Big Country Elementary,SAN ANTONIO,2250 PUE RD,78245 2823,Big Country Elementary School,,,0,high_confidence,37.6,0,1,0,0,0,7,0.7,0.3
ChIJPX1cHTKRToYRcZu570HbpIk,3,6,9,1,0,11,1,41,1996-10-15,"School Age Care,Before School Care,Meals Provided ,After School Care,Snacks Provided,Part Time Care,Transportation to/from School",Y,NO,NO,NO,142942,Little Birdies Child Care,DALLAS,7655 S POLK ST,75232 4213,Little Birdies Child Care Center,4.3,6.0,5,high_confidence,29.2,0,1,0,0,0,19,1.727,0.273
ChIJPXuV1DjMRIYRtIpSfAxezpA,1,5,4,0,0,9,0,39,1999-12-10,"Meals Provided ,After School Care,Snacks Provided,Field Trips",N,NO,NO,NO,161875,Joy of Learning Center Child Development Center,AUSTIN,12300 AMHERST DR,78727 5358,Joy of Learning Child Development,4.3,9.0,5,high_confidence,26.1,0,0,0,0,0,10,1.111,0.111
ChIJPYJ6JXyeToYRZXrlyWuQUHw,0,8,14,0,1,12,0,37,2015-12-22,School Age Care,N,NO,NO,NO,1213506,The Carlisle School,DALLAS,4705 W LOVERS LN,75209 3135,The Carlisle School,,,0,high_confidence,10.0,0,0,0,0,0,23,1.917,0.0
ChIJPZMJ-tj0XIYR9yLNHGxhuuE,3,1,2,0,0,17,0,100,1986-01-27,Part Time Care,Y,NO,NO,NO,98868,Northwood Presbyterian Day School,SAN ANTONIO,518 PIKE RD,78209 3143,Northwood Presbyterian School,4.9,28.0,5,high_confidence,39.9,0,1,0,0,0,6,0.353,0.176
ChIJP_D7hhzBQIYRdm_7UgZ3WKk,1,4,3,0,0,7,0,90,2024-07-19,"School Age Care,Before School Care,Meals Provided ,After School Care,Snacks Provided,Drop-In Care,Skill Classes",Y,NO,NO,NO,1467351,The Apple Tree Academy,HOUSTON,5310 PALMETTO ST,77081 4614,The Apple Tree Academy Houston,4.7,35.0,5,high_confidence,1.5,0,1,0,0,0,8,1.143,0.143
ChIJP_PQqi3oQIYR5FojZ3YvCGQ,8,12,7,0,0,12,0,61,2018-09-13,"School Age Care,Before School Care,Meals Provided ,After School Care,Snacks Provided,Drop-In Care,Part Time Care,Transportation to/from School ,Field Trips",Y,NO,NO,NO,1302757,Talents Child Care Center,HOUSTON,8103 CREEKBEND DR STE K,77071 1556,Talents Child Care Center,4.8,9.0,5,high_confidence,7.3,0,1,0,0,0,27,2.25,0.667
ChIJP_UiAzVzToYRnKEukoXKM1Q,2,3,1,0,0,6,2,70,1993-03-14,"After School Care,Snacks Provided,Drop-In Care",Y,NO,NO,NO,127325,Clayton Youth Enrichment @ Alice Carlson Learning Center,FORT WORTH,3320 W CANTEY ST,76109 1323,Alice E. Carlson Elementary School (FWISD),,,0,medium_confidence,32.8,0,1,0,0,0,6,1.0,0.333
ChIJP_haT9a4QIYRGUZGloryTDo,2,1,0,0,0,14,0,196,2005-02-08,"School Age Care,Accredited,Meals Provided ,After School Care,Snacks Provided,Part Time Care,Transportation to/from School ,Field Trips",Y,NO,NO,NO,265878,Wesley Community Center Day School,HOUSTON,1410 LEE ST,77009 8228,Wesley Community Center,4.5,246.0,5,high_confidence,20.9,1,1,0,0,0,3,0.214,0.143
ChIJPaLzThbZTYYRvrrY9QVdPJQ,0,2,1,0,0,6,0,188,2008-03-14,Part Time Care,N,NO,NO,NO,321171,Pebbles Preschool,FORT WORTH,7955 N BEACH ST,76137 1237,Pebbles Preschool & Kindergarten,5.0,12.0,5,medium_confidence,17.8,0,0,0,0,0,3,0.5,0.0
ChIJPaeNG-eLXIYRNr6NIqVhubg,3,2,3,0,0,9,1,71,2024-01-02,"School Age Care,Meals Provided ,Snacks Provided",Y,NO,NO,NO,1454498,Vertical Kids,SAN ANTONIO,4222 THOUSAND OAKS DR,78217 1862,Vertical Kids,5.0,25.0,5,high_confidence,2.0,0,1,0,0,0,8,0.889,0.333
ChIJPagC7QlcXIYRYmdK-bXrfCE,4,0,0,0,0,21,0,550,2015-02-17,"Meals Provided ,Snacks Provided,Transportation to/from School ,Field Trips",N,NO,NO,NO,1152540,Pre-K 4 SA West Education Center,SAN ANTONIO,1235 W OLD US HWY 90,78227 2210,Pre-K 4 SA - West Education Center,4.5,31.0,5,high_confidence,10.9,0,0,0,0,0,4,0.19,0.19
ChIJPcjWUJD1XIYRUPbAOHyalZ8,1,3,0,1,0,8,1,54,2024-01-25,"School Age Care,Meals Provided ,After School Care,Transportation to/from School ,Field Trips",Y,NO,NO,NO,1454378,The Rock Academy,SAN ANTONIO,8235 VICAR,78218 1549,The Rock Academy,5.0,10.0,5,high_confidence,1.9,0,1,0,0,0,5,0.625,0.125
ChIJPcuZw44zW4YRnu3rqsgHURA,3,2,1,0,0,11,0,222,2022-02-28,"School Age Care,Accredited,Meals Provided ,After School Care,Snacks Provided,Skill Classes,Transportation to/from School ,Field Trips",Y,NO,NO,NO,1396059,Primrose School of Four Points,AUSTIN,6606 SITIO DEL RIO BLVD,78730 1132,Primrose School of Four Points,4.5,40.0,5,high_confidence,3.8,1,1,0,0,0,6,0.545,0.273
ChIJPdtPgrvLRIYRM08rBWcAqcA,2,0,3,0,0,6,0,65,2020-01-13,"Snacks Provided,Part Time Care",N,NO,NO,NO,1333906,Austin Play Garden-Central,AUSTIN,4915 AIRPORT BLVD,78751 2720,Austin Play Garden,4.6,22.0,5,high_confidence,6.0,0,0,0,0,0,5,0.833,0.333
ChIJPwJvK521RIYRJBqSnTkjs9w,1,1,1,0,0,6,1,75,2002-07-03,"Accredited,Snacks Provided,Part Time Care,Field Trips",N,NO,NO,NO,207736,Priscilla Pond Flawn Child and Family Lab UT,AUSTIN,108 E DEAN KEETON ST,78712 1050,Priscilla Pond Flawn Child & Family Laboratory,5.0,4.0,4,high_confidence,23.5,1,0,0,0,0,3,0.5,0.167
ChIJPwq3-I7SRIYR6NJS5zo2Z8w,1,2,3,0,0,11,0,230,2019-06-18,"School Age Care,Accredited,Meals Provided ,Snacks Provided,Skill Classes,Transportation to/from School",Y,NO,NO,NO,1320585,The Goddard School in Austin Avery Ranch,AUSTIN,9313 PEARSON RANCH RD,78717 2300,The Goddard School of Austin - Avery Ranch,4.7,77.0,5,high_confidence,6.5,1,1,0,0,0,6,0.545,0.091
ChIJPx7XEXmuh2QRGNqr6WsSiwI,0,2,1,1,0,2,0,23,2026-02-18,"Before School Care,After School Care",N,NO,NO,NO,1520685,Ole Kids International School LLC,AUSTIN,5806 WOODROW AVE,78756 1420,Olé Kids International School,5.0,5.0,5,high_confidence,0.0,0,0,0,0,0,4,2.0,0.0
ChIJQ-xFcDVdXIYRSefOaP5Py6A,8,3,1,0,1,36,0,108,1986-07-22,"School Age Care,Meals Provided ,After School Care,Snacks Provided,Transportation to/from School ,Field Trips",Y,NO,NO,NO,99627,Timber Path KinderCare,SAN ANTONIO,8787 TIMBER PATH,78250 4353,Timber Path KinderCare,3.9,47.0,5,high_confidence,39.4,0,1,0,0,0,13,0.361,0.222
ChIJQ1zFgm5JW4YRpamCMC73lJc,1,1,3,0,0,8,0,136,2005-01-11,"Accredited,Snacks Provided,Part Time Care,Field Trips",N,NO,NO,NO,264117,Mount Olive Lutheran Preschool,AUSTIN,10408 HIGHWAY 290 W,78736 7720,Mt. Olive Preschool,4.3,6.0,5,medium_confidence,21.0,1,0,0,0,0,5,0.625,0.125
ChIJQ2F3er3YTYYR1lFXBSqLNNA,6,3,1,0,0,9,0,75,2017-02-28,"School Age Care,Accredited,Snacks Provided,Drop-In Care",Y,NO,NO,NO,1253192,Clayton Child Care Inc.@ Sunset Valley Elementary,FORT WORTH,2032 CANCHIM ST,76131 5156,Sunset Valley Elementary School,,,0,medium_confidence,8.8,1,1,0,0,0,10,1.111,0.667
ChIJQ2j2e9tvToYRKyjw58qpyEc,4,3,3,0,0,15,0,200,2023-03-16,"School Age Care,After School Care,Snacks Provided",N,NO,NO,NO,1414850,YMCA at Uplift Ascend,FORT WORTH,3301 TURF PARADISE PKWY,76140 3009,Uplift Ascend Preparatory,,,0,medium_confidence,2.8,0,0,0,0,0,10,0.667,0.267
ChIJQ4ep4VgyW4YRxTMSjnD9T30,1,3,6,1,0,5,0,119,2016-05-31,Part Time Care,N,NO,NO,NO,1246502,The Ivy International School,AUSTIN,9511 N FM 620,78726 2908,The Ivy International School,5.0,18.0,5,high_confidence,9.6,0,0,0,0,0,11,2.2,0.2
ChIJQ6HJxtuyRIYRw0kUZb2SUIA,7,12,8,0,0,18,0,150,2022-01-06,"School Age Care,Before School Care,After School Care,Snacks Provided,Part Time Care",Y,NO,NO,NO,1383897,Campus Adventures @ Bluff Springs,AUSTIN,1700 E SLAUGHTER LN,78747 2785,IDEA Bluff Springs,,,0,medium_confidence,4.0,0,1,0,0,0,27,1.5,0.389
ChIJQ7aJjWGzRIYR3sj08vIoiPE,3,1,2,0,0,13,0,85,2020-01-03,"School Age Care,After School Care,Snacks Provided,Field Trips",Y,NO,NO,NO,1343760,KIPP Austin South EAC YMCA,AUSTIN,5107 S INTERSTATE 35,78744 2736,KIPP Austin Public Schools- South Campus,,,0,medium_confidence,6.0,0,1,0,0,0,6,0.462,0.231
ChIJQ88ikKdcXIYRezZKrrXqQhY,12,20,9,1,2,37,0,123,2011-07-22,"School Age Care,Before School Care,Meals Provided ,After School Care,Snacks Provided,Drop-In Care,Part Time Care,Transportation to/from School ,Field Trips",Y,NO,NO,NO,827768,"Greatest Gifts Daycare Center, LLC",SAN ANTONIO,8122 MARBACH RD STE 128,78227 1692,Greatest Gifts Daycare,3.1,26.0,5,medium_confidence,14.4,0,1,0,0,0,44,1.189,0.324
ChIJQQ5rfpRdXIYRzLWZUKadu1E,12,13,7,1,0,26,0,99,1987-02-20,"Accredited,After School Care,Drop-In Care,Part Time Care,Transportation to/from School ,Field Trips",Y,NO,NO,NO,94519,La Petite Academy Wurzbach,SAN ANTONIO,6522 WURZBACH RD,78240 3825,La Petite Academy on Wurzbach Road,4.3,51.0,5,high_confidence,38.9,1,1,0,0,0,33,1.269,0.462
ChIJQRfvFwvDQIYR2JTontcVXMM,1,4,4,1,0,5,0,136,2016-05-26,"Before School Care,Accredited,Meals Provided ,After School Care,Part Time Care",N,NO,NO,NO,1230439,St Francis Children's Center,HOUSTON,2300 S PINEY POINT RD,77063 2302,St. Francis Episcopal School,,,0,medium_confidence,9.6,1,0,0,0,0,10,2.0,0.2
ChIJQRx5sI_DQIYRMVuhiNqf1C4,2,0,0,0,0,7,0,53,2025-01-30,"School Age Care,Before School Care,Meals Provided ,After School Care,Snacks Provided,Part Time Care,Weekend Care",Y,NO,NO,NO,1482667,Bebe's Daycare,HOUSTON,3330 HILLCROFT ST STE U,77057 5818,Bebe’s Daycare,4.7,39.0,5,high_confidence,0.9,0,1,0,0,0,2,0.286,0.286
ChIJQThefOP1XIYRRhVOBPB4QRs,1,7,5,0,1,7,0,54,2025-01-27,"Meals Provided ,Snacks Provided",N,NO,NO,NO,1492878,Ella Austin Child Center,SAN ANTONIO,227 EROSS,78202 2523,Ella Austin Community Center,5.0,1.0,1,high_confidence,0.9,0,0,0,0,0,14,2.0,0.143
ChIJQVR1VBqVQIYRKygfek6cHsA,3,8,4,3,0,12,3,122,2022-03-29,"School Age Care,Snacks Provided",N,NO,NO,NO,1386094,Woodson Headstart,HOUSTON,10720 SOUTHVIEW ST,77047 1038,Woodson PK-5 School,,,0,medium_confidence,3.8,0,0,0,0,0,18,1.5,0.25
ChIJQVWfCq3EQIYRvMpwr9UJNbQ,0,2,1,0,0,5,0,99,1987-07-15,"Accredited,Part Time Care",N,NO,NO,NO,98872,Pines Presbyterian Preschool,HOUSTON,12751 KIMBERLEY LN,77024 4038,Pines Presbyterian Preschool,5.0,5.0,5,high_confidence,38.5,1,0,0,0,0,3,0.6,0.0
ChIJQ_60ugxyToYRRDyUVoD8b9Y,1,8,1,0,0,7,0,85,2017-09-08,"Snacks Provided,Part Time Care",N,NO,NO,NO,1266199,Trail Lake Montessori Preschool,FORT WORTH,4201 TRAIL LAKE DR,76109 3541,Trail Lake Montessori Preschool,,,0,high_confidence,8.3,0,0,0,0,0,10,1.429,0.143
ChIJQcyhLSRdXIYRNCbdKRWCj90,1,3,1,0,0,6,0,63,2014-01-09,"Meals Provided ,Snacks Provided",Y,NO,NO,NO,1132615,Little Leaps Academy,SAN ANTONIO,7919 PIPERS LN,78251 1622,Little Leaps Academy,4.2,20.0,5,high_confidence,12.0,0,1,0,0,0,5,0.833,0.167
ChIJQd8SGuZtToYRmBq4V_578MM,5,0,3,0,0,30,0,210,2020-06-12,"School Age Care,Before School Care,Meals Provided ,After School Care,Snacks Provided,Skill Classes,Part Time Care,Transportation to/from School ,Field Trips",N,NO,NO,NO,1342860,Primrose School of Fort Worth at Mira Vista,FORT WORTH,6410 BRYANT- IRVIN RD,76132,Primrose School of Fort Worth at Mira Vista,5.0,40.0,5,high_confidence,5.6,0,0,0,0,0,8,0.267,0.167
ChIJQeu1XfShToYREbZk6EhOCws,0,5,3,0,0,7,0,175,1988-03-29,"After School Care,Snacks Provided,Part Time Care",N,NO,NO,NO,113492,Lakewood YMCA,DALLAS,3000 HILLBROOK ST,75214 3412,White Rock YMCA,4.7,431.0,5,medium_confidence,37.8,0,0,0,0,0,8,1.143,0.0
ChIJQfNHVGZxToYRu1RjRsdRuSk,5,2,1,0,0,9,0,157,1998-03-25,"Snacks Provided,Part Time Care,Field Trips",N,NO,NO,NO,96173,First Presbyterian Church Day School,FORT WORTH,1000 PENN ST,76102 3416,First Presbyterian Church Fort Worth,4.7,40.0,5,medium_confidence,27.8,0,0,0,0,0,8,0.889,0.556
ChIJQfrZBcYzW4YRuEEDPHKrsDk,1,4,2,0,0,9,0,125,2024-02-06,"School Age Care,Before School Care,After School Care,Snacks Provided",Y,NO,NO,NO,1467870,Grandview Hills YMCA of Central Texas,AUSTIN,12024 VISTA PARKE DR,78726 4175,Grandview Hills Elementary School,,,0,medium_confidence,1.9,0,1,0,0,0,7,0.778,0.111
ChIJQwsYf3okTIYRA7ppEi0nK6s,0,0,1,0,0,15,0,170,1993-11-17,"School Age Care,Meals Provided ,After School Care,Snacks Provided,Skill Classes,Transportation to/from School ,Field Trips",Y,NO,NO,NO,130319,Kaleidoscope Child Development Center,DALLAS,19310 MIDWAY RD,75287 2613,"Kaleidoscope Child Development Center, Inc",4.2,36.0,5,high_confidence,32.1,0,1,0,0,0,1,0.067,0.0
ChIJQxcXSFKWToYRGXhA_74wmqU,3,7,3,0,0,11,0,101,2004-11-09,"After School Care,Drop-In Care,Part Time Care,Transportation to/from School ,Field Trips",Y,NO,NO,NO,257436,Gran's Lil' Angels Achievement Academy,DALLAS,6514 S LANCASTER RD,75241 3801,Gran's Lil' Angels Achievement,3.4,14.0,5,high_confidence,21.1,0,1,0,0,0,13,1.182,0.273
ChIJQyrE7np5ToYRddRY4JPxg7U,1,1,0,1,0,7,0,120,2025-09-12,"School Age Care,Before School Care,Accredited,Meals Provided ,After School Care,Snacks Provided,Drop-In Care,Skill Classes,Part Time Care,Transportation to/from School ,Field Trips",N,NO,NO,NO,1497533,Junior's Junction Child Care Learning Center,FORT WORTH,7251 STONEWAY DR N STE 100,76118 7163,Junior's Junction Day Care Center,4.1,27.0,5,high_confidence,0.3,1,0,0,0,0,3,0.429,0.143
ChIJQzN0C5iXToYRv_nGV-FYqhg,0,1,0,0,0,6,0,119,2021-04-23,"School Age Care,After School Care,Snacks Provided,Drop-In Care,Skill Classes",N,NO,NO,NO,1364339,Youth Conversion at Harry Stone Montessori,DALLAS,4747 VETERANS DR,75216 7103,Harry Stone Montessori,,,0,medium_confidence,4.7,0,0,0,0,0,1,0.167,0.0
ChIJQziHFHeXToYRGBF4vVOHfqA,0,2,0,1,0,7,1,18,2003-05-08,"Meals Provided ,Snacks Provided",Y,NO,NO,NO,204560,Preparatory Place Academy,DALLAS,3846 OPAL AVE,75216 5651,Preparatory Place Academy,4.0,4.0,4,high_confidence,22.7,0,1,0,0,0,3,0.429,0.0
ChIJR-uHKjC1RIYRK-0jLq__3Ic,0,1,2,0,0,11,0,85,2022-01-27,"Before School Care,After School Care,Field Trips",N,NO,NO,NO,1383918,German International School of Texas,AUSTIN,3407 RED RIVER ST,78705 2609,German International School of Texas at Austin,5.0,2.0,2,high_confidence,3.9,0,0,0,0,0,3,0.273,0.0
ChIJR12fm0TJQIYRk9y5bvDoW7M,3,13,5,0,0,6,1,196,2025-07-08,"School Age Care,Before School Care,Meals Provided ,After School Care,Snacks Provided,Drop-In Care,Part Time Care,Transportation to/from School ,Field Trips",N,NO,NO,NO,1482723,All American Learning Academy,HOUSTON,1554 GEARS RD STE A,77067 4104,All American Learning Academy,5.0,2.0,2,high_confidence,0.5,0,0,0,0,0,21,3.5,0.5
ChIJR14lKBHOQIYRnsZ3nU08orM,3,4,2,1,0,8,0,134,2009-02-06,"Meals Provided ,Snacks Provided",N,NO,NO,NO,376171,Cy-Fair Montessori School,HOUSTON,11411 WINDFERN RD STE 290,77064 4867,Cy-Fair Montessori School,4.8,28.0,5,high_confidence,16.9,0,0,0,0,0,10,1.25,0.375
ChIJR1s3Z4PeQIYRITYI38iJGMU,3,1,0,2,0,9,0,290,2006-02-01,"School Age Care,Before School Care,Meals Provided ,After School Care,Snacks Provided,Part Time Care,Transportation to/from School ,Field Trips",Y,NO,NO,NO,279664,Grandmas House C C C  Gold Medal Kids LLC,HOUSTON,14840 BRANCH FOREST DR,77082 3027,Grandma's House Childcare Center,4.3,53.0,5,medium_confidence,19.9,0,1,0,0,0,6,0.667,0.333
ChIJR2Rvf_HKRIYRrBeOE8dBVow,6,8,3,1,0,12,0,49,2018-04-30,School Age Care,N,NO,NO,NO,1303237,Renaissance Montessori School,AUSTIN,5014 BULL CREEK RD,78731 5046,Renaissance Montessori School,,,0,high_confidence,7.7,0,0,0,0,0,18,1.5,0.5
ChIJR2W3eAshTIYRyot76qaAvnE,0,1,0,0,0,8,0,149,2025-01-30,"School Age Care,Snacks Provided,Part Time Care",N,NO,NO,NO,1481517,"Spanish Schoolhouse, LLC",DALLAS,6090 CAMPBELL RD STE 120,75248 1222,Spanish Schoolhouse,5.0,6.0,5,high_confidence,0.9,0,0,0,0,0,1,0.125,0.0
ChIJR3o6W980W4YRjRNIp3jtHww,1,1,1,0,0,11,0,210,1987-02-24,"Accredited,Skill Classes,Part Time Care",N,NO,NO,NO,102837,Riverbend Christian School,AUSTIN,4214 N CAPITAL OF TEXAS HWY,78746 1418,Riverbend Preschool,5.0,6.0,5,medium_confidence,38.9,1,0,0,0,0,3,0.273,0.091
ChIJR3r8p3l6ToYRPDVcxNeQVwE,2,7,4,1,0,14,1,51,2014-07-08,"School Age Care,Before School Care,Accredited,Meals Provided ,After School Care,Snacks Provided,Skill Classes,Transportation to/from School ,Field Trips",Y,NO,NO,NO,1131883,Joy Learning Palace Child Care,FORT WORTH,2512 OAKLAND BLVD STE 5,76103 3295,Joy Learning Palace Child Care,4.7,44.0,5,high_confidence,11.5,1,1,0,0,0,14,1.0,0.143
ChIJR5UF2M3YTYYRcH6vEnAUsZU,11,8,5,4,2,27,0,297,2008-01-08,"School Age Care,Before School Care,Meals Provided ,After School Care,Snacks Provided,Part Time Care,Transportation to/from School ,Field Trips",Y,NO,NO,NO,318785,The Childrens Courtyard,FORT WORTH,901 E HARMON RD,76131 3343,The Children's Courtyard on East Harmon Road,4.4,77.0,5,medium_confidence,18.0,0,1,0,0,0,30,1.111,0.407
ChIJR9lJQp93ToYRdpTh0D8CY-Y,3,4,1,0,1,18,0,170,2023-08-29,"School Age Care,Before School Care,Meals Provided ,After School Care,Snacks Provided,Drop-In Care,Part Time Care,Transportation to/from School ,Field Trips",Y,NO,NO,NO,1435441,"The Little Learning Preschool, LLC",FORT WORTH,4175 SANDSHELL DR,76137 2701,The Little Learning Preschool,5.0,51.0,5,high_confidence,2.3,0,1,0,0,0,9,0.5,0.167
ChIJR9xhQwBfXIYRLdKXgBhuwyY,2,2,2,1,0,12,0,36,2025-01-17,"Before School Care,After School Care,Snacks Provided",N,NO,NO,NO,1486634,Rise School of San Antonio,SAN ANTONIO,414 N SAN SABA,78207 3116,Rise School of San Antonio,5.0,11.0,5,high_confidence,1.0,0,0,0,0,0,7,0.583,0.167
ChIJRRZtlcFgXIYRw6eH9xdbTpQ,7,16,2,2,0,25,1,92,2021-11-17,"Meals Provided ,Snacks Provided,Drop-In Care,Part Time Care",Y,NO,NO,NO,1377269,The Kid's Garden Learning Center,SAN ANTONIO,6411 VANCE JACKSON RD,78230 3351,The Kids Garden Learning Center III,4.0,66.0,5,high_confidence,4.1,0,1,0,0,0,27,1.08,0.28
ChIJRRmYSQH3XIYRjxpvWU2P7jk,3,3,5,0,0,7,0,37,2004-06-29,"Meals Provided ,Snacks Provided",Y,NO,NO,NO,237669,Wee Friends Preschool & Day Care,SAN ANTONIO,3302 E SOUTHCROSS BLVD,78223 1922,Wee Friends Preschool-Daycare,5.0,14.0,5,medium_confidence,21.5,0,1,0,0,0,11,1.571,0.429
ChIJRSM57VOLXIYRf75uutQs66Y,1,13,6,1,1,12,0,100,1989-05-01,"School Age Care,Before School Care,Accredited,Meals Provided ,After School Care,Snacks Provided,Part Time Care,Field Trips",Y,NO,NO,NO,95090,Saint Matthews United Methodist,SAN ANTONIO,2738 MACARTHUR VW,78217 4503,St. Matthew's United Methodist Church,5.0,5.0,5,high_confidence,36.7,1,1,0,0,0,22,1.833,0.083
ChIJRXEyk5nHQIYRDNLi-b5oHhg,7,8,11,1,0,8,2,203,1992-03-15,"School Age Care,Skill Classes,Field Trips",N,NO,NO,NO,122469,St Matthews CDC,HOUSTON,4300 N SHEPHERD DR,77018 5517,St. Matthew's Child Development,4.6,10.0,5,medium_confidence,33.8,0,0,0,0,0,27,3.375,0.875
ChIJRXJFkRe1RIYRbjTg91mKpY4,0,0,0,0,0,8,0,135,2015-02-17,"School Age Care,Before School Care,After School Care,Snacks Provided,Part Time Care,Field Trips",N,NO,NO,NO,1150625,Parkside Community Montessori School,AUSTIN,3207 W SLAUGHTER LN,78748 5707,Parkside Community Montessori School,,,0,high_confidence,10.9,0,0,0,0,0,0,0.0,0.0
ChIJRYCJg0hlXIYRCH2J53R8Pds,7,2,5,0,0,15,0,210,2016-02-22,"School Age Care,Before School Care,Meals Provided ,After School Care,Snacks Provided,Part Time Care,Transportation to/from School ,Field Trips",N,NO,NO,NO,1200658,The Children's Lighthouse at Two Creeks,SAN ANTONIO,25576 TWO CREEKS,78255 4402,Children's Lighthouse of San Antonio - Two Creeks,4.9,140.0,5,high_confidence,9.9,0,0,0,0,0,14,0.933,0.467
ChIJRYS8KLD3XIYRxx97ut_a9cM,0,2,1,0,0,8,1,102,2020-02-07,"School Age Care,Meals Provided ,After School Care",Y,NO,NO,NO,1336943,Y School Age @ Steele Montessori,SAN ANTONIO,2630 SALLY GAY DR,78223 2240,Laura Steele Montessori Academy,,,0,medium_confidence,5.9,0,1,0,0,0,3,0.375,0.0
ChIJRZqepS5oXIYRYpuUNrL-574,1,0,2,0,0,28,0,505,2007-01-26,"Before School Care,Accredited,Meals Provided ,After School Care,Snacks Provided,Drop-In Care,Part Time Care,Transportation to/from School ,Field Trips",Y,NO,NO,NO,297951,Country Home Learning Center #9 LTD,SAN ANTONIO,7611 W LOOP 1604 N,78254 9642,Country Home Learning Center at Shaenfield Rd.,4.2,144.0,5,medium_confidence,18.9,1,1,0,0,0,3,0.107,0.036
ChIJR_82dJbrQIYRORsc-qO8vaw,7,18,10,2,0,12,3,78,2002-11-13,"School Age Care,Before School Care,Meals Provided ,After School Care,Snacks Provided,Transportation to/from School ,Field Trips",Y,NO,NO,NO,206672,Play Palace,HOUSTON,4814 1/2 ANDERSON RD,77053 2202,Play Palace,5.0,9.0,5,high_confidence,23.1,0,1,0,0,0,37,3.083,0.583
ChIJRbIi29RKW4YRyhAtFWMPhLQ,3,10,2,0,1,10,0,105,1987-03-20,"Accredited,Skill Classes,Part Time Care",N,NO,NO,NO,100730,ST Marks Episcopal Day School,AUSTIN,2128 BARTON HILLS DR,78704 4651,St Mark's Episcopal Day School,5.0,12.0,5,high_confidence,38.8,1,0,0,0,0,16,1.6,0.3
ChIJRblE53l6ToYRl8AuMysyTJA,2,4,3,1,1,11,1,34,2017-09-29,"School Age Care,Before School Care,Accredited,Meals Provided ,After School Care,Snacks Provided,Transportation to/from School ,Field Trips",Y,NO,NO,NO,1270518,Faith Academy Learning Center LLC,FORT WORTH,5405 E LANCASTER AVE,76112,Faith Academy Learning Center llc,5.0,6.0,5,high_confidence,8.3,1,1,0,0,0,11,1.0,0.182
ChIJRcoI3bl7ToYRYd_ZY8ghJyE,6,4,4,1,0,22,0,110,1987-07-14,"School Age Care,Before School Care,Meals Provided ,After School Care,Snacks Provided,Skill Classes,Part Time Care,Transportation to/from School ,Field Trips",Y,NO,NO,NO,112524,Little Tyke Brentwood,FORT WORTH,6913 BRENTWOOD STAIR RD,76112 3304,Little Tyke Learning Centers,4.8,56.0,5,medium_confidence,38.5,0,1,0,0,0,15,0.682,0.273
ChIJRdLESxNDXIYRa7Vfeuhgt-0,5,3,1,0,0,22,0,190,2015-08-17,"School Age Care,Meals Provided ,After School Care,Snacks Provided,Part Time Care,Transportation to/from School ,Field Trips",Y,NO,NO,NO,1171242,Pinnacle Kids Academy,SAN ANTONIO,410 CARSON HILL DR,78251,Pinnacle Kids Academy,3.7,23.0,5,high_confidence,10.4,0,1,0,0,0,9,0.409,0.227
ChIJRf2ijq3ZTYYR4BRW7JCXznI,0,0,1,0,0,11,1,240,2019-07-11,"School Age Care,Before School Care,Meals Provided ,After School Care,Snacks Provided,Skill Classes,Part Time Care,Transportation to/from School ,Field Trips",N,NO,NO,NO,1333020,Premier Prep School,FORT WORTH,4040 HERITAGE TRACE PKWY,76244 6028,Premier Prep School,4.6,48.0,5,high_confidence,6.5,0,0,0,0,0,1,0.091,0.0
ChIJRfAPi4SYToYROwbp1SZJ4gw,1,2,0,0,0,13,0,306,2000-02-01,"Accredited,Meals Provided ,After School Care,Snacks Provided,Transportation to/from School ,Field Trips",Y,NO,NO,NO,131139,Braswell Child Development,DALLAS,2203 S 2ND AVE,75210 1947,Braswell Child Development Center,4.3,34.0,5,high_confidence,25.9,1,1,0,0,0,3,0.231,0.077
ChIJRxdU8Q5wToYRdIf97kZakZ8,1,0,0,0,0,10,0,78,2009-12-31,"Before School Care,Accredited,Meals Provided ,After School Care,Snacks Provided,Part Time Care,Transportation to/from School ,Field Trips",Y,NO,NO,NO,577230,Magical Moments Daycare Center,FORT WORTH,4328 WILBARGER ST,76119 4043,Magical Moments Daycare Center,4.1,56.0,5,high_confidence,16.0,1,1,0,0,0,1,0.1,0.1
ChIJRxsvu3hoXIYRfQ2jwUKzfms,9,5,4,0,0,28,0,175,2025-04-01,"School Age Care,Before School Care,Meals Provided ,After School Care,Snacks Provided,Transportation to/from School ,Field Trips",N,NO,NO,NO,1487369,The Pillars Christian Learning Center,SAN ANTONIO,11087 BANDERA RD,78250 6814,The Pillars Christian Learning Centers - Bandera,4.5,98.0,5,high_confidence,0.8,0,0,0,0,0,18,0.643,0.321
ChIJRypUGDXYQIYRNwIPB-JJlqQ,0,0,0,1,0,8,0,63,2016-04-04,"School Age Care,Before School Care,Accredited,Meals Provided ,After School Care,Snacks Provided,Drop-In Care,Skill Classes,Part Time Care,Transportation to/from School ,Field Trips",Y,NO,NO,NO,1212984,Full of Life Learning Center and Childcare,HOUSTON,18775 CLAY RD STE F,77084 7236,Full of Life Learning Center and Childcare,4.6,45.0,5,high_confidence,9.7,1,1,0,0,0,1,0.125,0.0
ChIJS-RmRAliXIYRMi-PGKZMbN8,5,0,0,0,0,14,0,238,2015-09-28,"Meals Provided ,Snacks Provided,Part Time Care",N,NO,NO,NO,1176136,The Pineapple School at Stone Oak,SAN ANTONIO,20615 HUEBNER RD,78258 4292,The Pineapple School - Stone Oak,4.5,17.0,5,high_confidence,10.3,0,0,0,0,0,5,0.357,0.357
ChIJS-a7XeLzXIYRK6sRowyMJ34,3,9,3,0,0,18,0,60,2020-09-01,"School Age Care,Before School Care,Accredited,Meals Provided ,After School Care,Snacks Provided,Skill Classes,Part Time Care,Transportation to/from School",Y,NO,NO,NO,1340408,Spirit's Heart Childcare Center,SAN ANTONIO,3155 ACKERMAN RD STE 113,78219 1529,Spirits Heart Childcare,4.9,24.0,5,high_confidence,5.3,1,1,0,0,0,15,0.833,0.167
ChIJS07D_-l7ToYRSUWhVlniSTI,4,3,2,0,0,16,1,68,2019-08-20,"School Age Care,Before School Care,Meals Provided ,After School Care,Snacks Provided,Transportation to/from School ,Field Trips",Y,NO,NO,NO,1334224,"Ready Set Jump Learning Center, LLC",FORT WORTH,7200 JOHN T WHITE RD,76120 3304,Ready Set Jump Childcare Learning Center,4.3,13.0,5,high_confidence,6.4,0,1,0,0,0,9,0.562,0.25
ChIJS0vhlzvRQIYR3cPobmZmGdA,10,13,17,2,0,19,0,150,2006-01-10,"Meals Provided ,After School Care,Snacks Provided,Part Time Care,Transportation to/from School ,Field Trips",N,NO,NO,NO,277857,Cypress Montessori School,HOUSTON,9507 HUFFMEISTER RD,77095 2856,Cypress Montessori School,,,0,high_confidence,20.0,0,0,0,0,0,42,2.211,0.526
ChIJS0zTByucQIYRQi-jsInYgp0,2,2,2,0,0,8,0,221,1999-03-16,"Snacks Provided,Skill Classes,Part Time Care",N,NO,NO,NO,157577,University Preschool,HOUSTON,16106 MIDDLEBROOK DR,77059 6034,University Baptist Church,4.8,95.0,5,medium_confidence,26.8,0,0,0,0,0,6,0.75,0.25
ChIJS2wJVKu7QIYRIINZ970oenI,8,12,5,2,0,15,0,77,2001-06-26,"School Age Care,Before School Care,Meals Provided ,After School Care,Snacks Provided,Drop-In Care,Part Time Care,Transportation to/from School ,Field Trips",Y,NO,NO,NO,168320,B's Children World Academy,HOUSTON,8605 MESA DR,77028 2008,B's Children World Academy,5.0,3.0,3,high_confidence,24.5,0,1,0,0,0,27,1.8,0.533
ChIJS3Lu7a6mQIYRbteWlmA8szg,8,6,1,0,0,10,0,133,2025-03-07,"School Age Care,Before School Care,Meals Provided ,After School Care,Snacks Provided,Drop-In Care,Skill Classes,Part Time Care,Transportation to/from School ,Field Trips",Y,NO,NO,NO,1485614,Fellowship of Purpose Early Childhood Learning Center,HOUSTON,14203 WALLISVILLE RD BLDG A,77049 4132,Fellowship of Purpose Church,4.9,35.0,5,medium_confidence,0.8,0,1,0,0,0,15,1.5,0.8
ChIJS4gTmF_AQIYRddJorlpwtr8,1,7,1,0,0,7,0,63,2017-05-18,"Meals Provided ,Snacks Provided,Skill Classes,Part Time Care",N,NO,NO,NO,1260347,Creative Learning Academy-Rice Village,HOUSTON,2502 SUNSET BLVD,77005 1434,Creative Learning Academy - Rice Village,4.6,11.0,5,high_confidence,8.6,0,0,0,0,0,9,1.286,0.143
ChIJS54iWJ2_QIYRcrL1LEIUAm8,1,2,1,0,0,7,0,82,1997-09-17,"Meals Provided ,Snacks Provided",N,NO,NO,NO,152602,Montessori Country Day School,HOUSTON,1609 SOUTHMORE BLVD,77004 5942,Montessori Country Day School - Southmore Campus,,,0,medium_confidence,28.3,0,0,0,0,0,4,0.571,0.143
ChIJS7f2FLfRQIYRS4kiR08A9KE,2,7,1,2,1,6,1,66,2006-12-08,"Meals Provided ,After School Care,Snacks Provided,Part Time Care,Field Trips",Y,NO,NO,NO,296507,"Joy Child Learning Center, LLC",HOUSTON,11200 STEEPLECREST DR,77065 4937,"Joy Child Learning Center, LLC",4.7,58.0,5,high_confidence,19.1,0,1,0,0,0,13,2.167,0.333
ChIJS82X7LdnXIYRVHmAZp0HaVs,1,0,0,0,0,11,0,261,2009-04-20,"Meals Provided ,After School Care,Snacks Provided,Drop-In Care,Skill Classes,Part Time Care,Transportation to/from School ,Field Trips",Y,NO,NO,NO,375128,"Humble Creek Ranch, Youth Enrichment & Sports Academy",SAN ANTONIO,7430 PRUE RD,78249 5204,Humble Creek Ranch,4.1,39.0,5,medium_confidence,16.7,0,1,0,0,0,1,0.091,0.091
ChIJS9b7gGvLRIYRomEP4W3xQ-s,1,7,1,1,0,6,1,85,1986-07-03,Part Time Care,N,NO,NO,NO,99591,First Presbyterian Day School,AUSTIN,8001 MESA DR,78731 1318,First Presbyterian Day School,5.0,11.0,5,high_confidence,39.5,0,0,0,0,0,10,1.667,0.167
ChIJSQnjjxlhXIYR-FIY6O7hPYI,4,7,3,0,1,11,1,69,2020-04-21,Part Time Care,N,NO,NO,NO,1321682,Congregation Rodfei Sholom Pre-School,SAN ANTONIO,3003 SHOLOM DR,78230 5400,Congregation Rodfei Sholom,4.8,38.0,5,high_confidence,5.7,0,0,0,0,0,15,1.364,0.364
ChIJSRgw9EfdQIYRXAefztMphVk,2,6,4,0,0,26,0,140,2025-09-17,"School Age Care,Before School Care,Meals Provided ,After School Care,Snacks Provided,Drop-In Care,Part Time Care,Transportation to/from School ,Weekend Care,Field Trips",N,NO,NO,NO,1508124,Stebeck Kiddies Club,HOUSTON,11959 BISSONNET ST,77099 1425,CMS Kids Club,4.7,12.0,5,medium_confidence,0.3,0,0,0,0,0,12,0.462,0.077
ChIJSRnJwSDJQIYRV5cQl0IE_Ug,8,8,6,0,1,25,0,358,2020-12-03,"School Age Care,Before School Care,Meals Provided ,After School Care,Snacks Provided,Drop-In Care,Part Time Care,Transportation to/from School ,Weekend Care,Field Trips,Night Care",Y,NO,NO,NO,1352961,"Early Education Enrichment Academy, Inc.",HOUSTON,11249 CROWN PARK DR,77067 4008,Early education enrichment academy,3.3,7.0,5,high_confidence,5.1,0,1,0,0,0,23,0.92,0.32
ChIJSRzXA85fXIYRo7jcplerRDM,2,12,10,2,0,11,1,34,2021-04-05,"School Age Care,Meals Provided ,After School Care,Snacks Provided,Transportation to/from School ,Field Trips",Y,NO,NO,NO,1362402,Tia's Child Care Academy,SAN ANTONIO,1016 N FLORES ST,78212 5138,Tia's Child Care Academy,5.0,13.0,5,high_confidence,4.7,0,1,0,0,0,26,2.364,0.182
ChIJSSw3gdfaQIYRRRVRP0-HmPs,0,2,1,0,0,6,0,70,2005-04-29,"Accredited,Skill Classes",N,NO,NO,NO,264627,Parish School,HOUSTON,11001 HAMMERLY BLVD,77043 1913,The Parish School,,,0,high_confidence,20.7,1,0,0,0,0,3,0.5,0.0
ChIJST3T3D7PQIYRwehBMpPcnd0,8,3,10,0,2,15,0,85,2012-10-05,"School Age Care,Before School Care,Meals Provided ,After School Care,Snacks Provided,Drop-In Care,Part Time Care,Transportation to/from School ,Field Trips",Y,NO,NO,NO,930340,Super Kids Academy,HOUSTON,9925 N HOUSTON ROSSLYN RD,77088 2133,Super Kid's Academy,4.5,58.0,5,high_confidence,13.2,0,1,0,0,0,23,1.533,0.533
ChIJSVgz5v-ZQIYR2aknRpi3SE8,9,3,13,0,1,15,0,100,1986-07-09,"Before School Care,Accredited,Meals Provided ,After School Care,Snacks Provided,Drop-In Care,Skill Classes,Part Time Care,Transportation to/from School ,Field Trips",Y,NO,NO,NO,95528,Beamer Road KinderCare,HOUSTON,12002 BEAMER RD,77089 3933,Beamer Road KinderCare,4.3,26.0,5,high_confidence,39.5,1,1,0,0,0,26,1.733,0.6
ChIJSWW6vV7RQIYRGssszqQyfPs,3,1,0,0,0,11,0,167,2014-01-31,Part Time Care,N,NO,NO,NO,1117189,Christ the Redeemer  Genesis Early Childhood Program,HOUSTON,11507 HUFFMEISTER RD,77065 1051,Christ the Redeemer Catholic Church,4.8,533.0,5,medium_confidence,11.9,0,0,0,0,0,4,0.364,0.273
ChIJSXgB3zyiToYR0jYGhprtvAM,0,2,2,0,0,8,0,325,2018-01-23,"Before School Care,After School Care,Snacks Provided,Part Time Care",Y,NO,NO,NO,1283835,KCE Champions LLC @ Uplift-White Rock Hills,DALLAS,7370 VALLEY GLEN DR,75228 6807,Champions at Uplift White Rock Hills Preparatory,5.0,7.0,5,medium_confidence,7.9,0,1,0,0,0,4,0.5,0.0
ChIJSZUPxqzQQIYRdLLTi1MdX1s,1,0,1,0,0,14,0,85,2007-07-20,"School Age Care,Before School Care,Meals Provided ,After School Care,Snacks Provided,Drop-In Care,Part Time Care,Transportation to/from School ,Weekend Care,Field Trips,Night Care",Y,NO,NO,NO,290503,Whiz Children's Academy,HOUSTON,5822 HIGHWAY 6 N,77084 1834,Whiz Kids Academy II,2.8,36.0,5,medium_confidence,18.5,0,1,0,0,0,2,0.143,0.071
ChIJSZuubHO_QIYRVCjk0QvZcHU,0,4,1,0,0,6,0,34,1994-12-22,"School Age Care,Meals Provided ,After School Care,Snacks Provided,Skill Classes,Part Time Care,Transportation to/from School ,Field Trips",Y,NO,NO,NO,134161,Shape Community Center,HOUSTON,3903 ALMEDA RD,77004 4023,Shape Community Center,4.7,170.0,5,high_confidence,31.0,0,1,0,0,0,5,0.833,0.0
ChIJS_Q__RGxQIYRMrEDR9mQd-8,3,4,0,0,0,7,0,136,2014-11-08,"School Age Care,Before School Care,Meals Provided ,After School Care,Snacks Provided,Part Time Care,Transportation to/from School ,Field Trips",Y,NO,NO,NO,1140631,Successful Starters Learning Academy II,HOUSTON,10635 HOMESTEAD RD # B,77016 2703,Successful Starter Learning Academy,5.0,3.0,3,high_confidence,11.1,0,1,0,0,0,7,1.0,0.429
ChIJSa6FFDdDXIYR4v655UbLX2A,1,1,0,0,0,7,0,94,2009-08-14,"School Age Care,Before School Care,Meals Provided ,After School Care,Snacks Provided,Part Time Care,Field Trips",Y,NO,NO,NO,434528,Nurturing Hearts Early Learning Center,SAN ANTONIO,9502 POTRANCO RD,78251 9621,Nurturing Hearts Early Learning Center,4.8,39.0,5,high_confidence,16.4,0,1,0,0,0,2,0.286,0.143
ChIJSbtlSW3LQIYRM5O04Rb41Es,1,5,3,0,2,17,0,455,2011-03-29,"School Age Care,Before School Care,Meals Provided ,After School Care,Snacks Provided,Drop-In Care,Part Time Care,Transportation to/from School ,Weekend Care,Field Trips,Night Care",Y,NO,NO,NO,753608,Oakdale Private School,HOUSTON,17100 BUTTE CREEK RD,77090 2320,Oakdale Private School,4.3,103.0,5,high_confidence,14.8,0,1,0,0,0,11,0.647,0.059
ChIJSca1rO57ToYRBS7KcLRzJuk,1,2,3,2,0,17,0,67,2018-04-06,"School Age Care,Before School Care,Meals Provided ,After School Care,Snacks Provided,Part Time Care,Transportation to/from School ,Field Trips,Night Care",N,NO,NO,NO,1302688,The Toddlers Den,FORT WORTH,7509 JOHN T WHITE RD,76120 3311,The Toddler's Den Early Learning Center,4.1,45.0,5,medium_confidence,7.7,0,0,0,0,0,8,0.471,0.059
ChIJSeWKlDzSQIYRo7qnduNUg4Q,1,0,1,0,0,7,0,200,1990-03-20,Snacks Provided,N,NO,NO,NO,108587,Lamb School,HOUSTON,13000 JONES RD,77070 4436,Lamb School,,,0,high_confidence,35.8,0,0,0,0,0,2,0.286,0.143
ChIJSf-v1vecQIYRvGyIgfZ7jTg,1,3,1,1,0,12,1,50,2021-08-06,"School Age Care,Before School Care,Meals Provided ,After School Care,Snacks Provided",Y,NO,NO,NO,1369320,Clear Lake Academy Prep School,HOUSTON,17321 EL CAMINO REAL,77058 2718,Clear Lake Academy,4.7,25.0,5,medium_confidence,4.4,0,1,0,0,0,6,0.5,0.083
ChIJSwdv1fbJRIYRm_aSYCAfVBs,4,12,8,1,2,19,2,95,1986-04-11,"After School Care,Part Time Care,Transportation to/from School",Y,NO,NO,NO,101523,Wesley School,AUSTIN,6100 BERKMAN DR,78723 1901,Wesley School,4.6,17.0,5,high_confidence,39.7,0,1,0,0,0,27,1.421,0.211
ChIJSwz6eQLLRIYR7mGiNuHK318,3,2,5,0,0,10,0,85,2021-03-25,"School Age Care,After School Care,Snacks Provided,Field Trips",Y,NO,NO,NO,1363381,Gullett EAC YMCA,AUSTIN,6310 TREADWELL BLVD,78757 4322,Gullett Elementary School,,,0,medium_confidence,4.8,0,1,0,0,0,10,1.0,0.3
ChIJSykWjBXZTYYRNETpF2sVAFc,1,9,8,0,2,8,0,100,2018-02-21,"School Age Care,After School Care,Snacks Provided,Part Time Care",Y,NO,NO,NO,1280901,AlphaBEST @ Peterson ? Northwest,FORT WORTH,2000 WINTER HAWK DR,76177 3520,O A Peterson Elementary,,,0,medium_confidence,7.9,0,1,0,0,0,20,2.5,0.125
ChIJSzFhCGfXQIYR0QnMWWIpvAg,4,10,5,0,0,8,0,187,2017-07-19,"School Age Care,Before School Care,Accredited,Meals Provided ,After School Care,Snacks Provided,Part Time Care,Transportation to/from School ,Field Trips",Y,NO,NO,NO,1266633,Foundation Learning Academy- Queenston,HOUSTON,7137 QUEENSTON BLVD,77095 5339,Foundation Learning Academy - Queenston,4.8,62.0,5,high_confidence,8.5,1,1,0,0,0,19,2.375,0.5
ChIJSzRFHf1dXIYROyjIDTklG-0,7,15,9,0,0,33,1,135,2016-10-25,"School Age Care,Accredited,Meals Provided ,After School Care,Snacks Provided,Drop-In Care,Skill Classes,Part Time Care",Y,NO,NO,NO,1241298,Stepping Stones Children's Academy,SAN ANTONIO,7326 LOUIS PASTEUR DR,78229 4505,Stepping Stones Children's Academy,4.0,63.0,5,high_confidence,9.2,1,1,0,0,0,31,0.939,0.212
ChIJT-P1Yw3EQIYR-D4yATeH854,2,5,6,4,0,6,2,150,2017-10-24,"After School Care,Snacks Provided,Skill Classes",N,NO,NO,NO,1271516,ikids U at Hunters Creek Elementary School,HOUSTON,10650 BEINHORN RD,77024 3104,Hunters Creek Elementary School,,,0,high_confidence,8.2,0,0,0,0,0,17,2.833,0.333
ChIJT0qmYBfHQIYRhYC3hZJOP-I,0,5,2,0,0,6,0,340,2025-02-11,"After School Care,Snacks Provided",N,NO,NO,NO,1484355,Kidventure After School @ Oak Forest Elementary,HOUSTON,1401 W 43RD ST,77018 4106,Kidventure After School at Oak Forest Elementary,5.0,60.0,5,high_confidence,0.9,0,0,0,0,0,7,1.167,0.0
ChIJT1D7bY3DQIYRPvQ75emVOG4,11,10,4,0,0,14,0,55,2025-04-28,"School Age Care,Before School Care,Meals Provided ,After School Care,Snacks Provided,Part Time Care,Transportation to/from School ,Field Trips,Night Care",N,NO,NO,NO,1471860,Happy Hugs Daycare and Preschool LLC,HOUSTON,9404 W SAM HOUSTON PKWY S,77099 2053,HappyHugs DayCare,4.5,26.0,5,medium_confidence,0.7,0,0,0,0,0,25,1.786,0.786
ChIJT1XUucIyW4YR1gRrH_cdlY4,0,3,4,0,0,7,0,192,1986-06-13,"School Age Care,After School Care,Part Time Care,Transportation to/from School ,Field Trips",Y,NO,NO,NO,101894,Hope Children's Center,AUSTIN,11512 OLSON DR,78750 2606,Hope Children's Center,5.0,13.0,5,high_confidence,39.6,0,1,0,0,0,7,1.0,0.0
ChIJT3I0w_vRQIYR4LBDq6c5nd4,6,8,5,1,0,16,0,99,2007-02-05,"School Age Care,Before School Care,Accredited,Meals Provided ,After School Care,Snacks Provided,Drop-In Care,Part Time Care,Transportation to/from School ,Weekend Care,Field Trips,Night Care",Y,NO,NO,NO,289919,Whiz Children's Academy,HOUSTON,9561 FM 1960 RD W,77070 6109,Whiz Kids Academy,2.7,49.0,5,high_confidence,18.9,1,1,0,0,0,20,1.25,0.375
ChIJT3Pks2-XQIYRpz2y6Q_yBkk,1,5,0,0,1,10,0,200,2021-01-20,"Before School Care,Meals Provided ,After School Care,Snacks Provided,Part Time Care,Transportation to/from School ,Field Trips",Y,NO,NO,NO,1356196,Life's Little Blessings,HOUSTON,9701 ALMEDA GENOA RD BLDG A,77075 2411,Life's Little Blessings,4.8,29.0,5,high_confidence,4.9,0,1,0,0,0,7,0.7,0.1
ChIJT3rkBohJW4YRBvBeKOiV_vc,2,0,0,0,0,9,0,165,2018-06-14,"After School Care,Skill Classes",N,NO,NO,NO,1295128,WonderWell,AUSTIN,7717 SOUTHWEST PKWY,78735 8994,WonderWell,5.0,18.0,5,high_confidence,7.6,0,0,0,0,0,2,0.222,0.222
ChIJT43UQujEQIYRK6vVTwp-uLc,4,5,4,0,0,8,0,136,2019-04-18,"After School Care,Snacks Provided,Part Time Care",N,NO,NO,NO,1313869,Christian Academy of Little Saints,HOUSTON,1520 WITTE RD #C,77080,Christian Academy of Little Saints,5.0,30.0,5,high_confidence,6.7,0,0,0,0,0,13,1.625,0.5
ChIJT45uULfzXIYRRiwFV6TiE2s,18,28,3,1,0,39,2,112,2019-05-31,"School Age Care,Before School Care,Meals Provided ,After School Care,Snacks Provided,Drop-In Care,Part Time Care,Transportation to/from School",Y,NO,NO,NO,1295020,Little Hands Playschool,SAN ANTONIO,7030 RAY BON DR,78218 3933,Little Hands Play School,3.6,14.0,5,high_confidence,6.6,0,1,0,0,0,50,1.282,0.462
ChIJT4BjoqLHQIYRQqDF1DcDQPs,8,8,3,0,1,21,0,190,2025-12-31,"School Age Care,Before School Care,Meals Provided ,After School Care,Snacks Provided,Transportation to/from School ,Field Trips",N,NO,NO,NO,1489940,Ivy Kids of The Heights,HOUSTON,824 W 25TH ST,77008 1742,Ivy Kids of The Heights,5.0,18.0,5,high_confidence,0.0,0,0,0,0,0,20,0.952,0.381
ChIJT4pjlphMW4YRtTBa3vJD-zk,1,0,0,0,0,6,0,85,1999-10-26,After School Care,N,NO,NO,NO,162915,Strickland After School,AUSTIN,7415 MANCHACA RD,78745 6137,Strickland Christian School,,,0,medium_confidence,26.2,0,0,0,0,0,1,0.167,0.167
ChIJT5ecKH61RIYRYhE9ybxTQxQ,3,6,5,0,0,9,0,99,2016-03-07,"Meals Provided ,Snacks Provided,Part Time Care",Y,NO,NO,NO,1237318,Child Craft School,AUSTIN,800 W 30TH ST,78705 2102,Child Craft Schools,5.0,7.0,5,high_confidence,9.8,0,1,0,0,0,14,1.556,0.333
ChIJT6zPKybPQIYRKbg1PScpvNM,3,8,9,0,0,22,0,115,2018-11-29,"School Age Care,Before School Care,Meals Provided ,After School Care,Snacks Provided,Drop-In Care,Part Time Care,Transportation to/from School ,Weekend Care,Field Trips,Night Care",Y,NO,NO,NO,1318959,As We Grow Learning Center,HOUSTON,7401 ALABONSON RD STE C,77088 5363,As We Grow Learning Center,4.4,58.0,5,high_confidence,7.1,0,1,0,0,0,20,0.909,0.136
ChIJT72-IcPfTYYR3AjI7Xw3FGY,2,10,6,1,0,13,4,102,2022-02-11,"School Age Care,After School Care,Snacks Provided",N,NO,NO,NO,1384445,YMCA Lake Country Elementary,FORT WORTH,7151 LAKE COUNTRY DR,76179 2954,Lake Country Elementary School,,,0,high_confidence,3.9,0,0,0,0,0,19,1.462,0.154
ChIJT7DNMtRxToYR0CDG568_8E0,2,1,0,0,0,6,1,160,2024-04-30,"School Age Care,Before School Care,Meals Provided ,After School Care,Snacks Provided,Part Time Care,Transportation to/from School ,Field Trips",Y,NO,NO,NO,1476553,Dream Keepers Academy,FORT WORTH,3514 E BERRY ST,76105 5305,DREAM KEEPERS ACADEMY,4.6,11.0,5,high_confidence,1.7,0,1,0,0,0,3,0.5,0.333
ChIJT8-25HK1RIYRrkwZYxs0p-k,1,0,0,0,0,6,0,118,2024-10-21,"School Age Care,After School Care,Snacks Provided,Transportation to/from School ,Field Trips",N,NO,NO,NO,1475122,spilled milk social club,AUSTIN,3804 CHERRYWOOD RD,78722 1218,spilled milk social club,4.9,15.0,5,high_confidence,1.2,0,0,0,0,0,1,0.167,0.167
ChIJT85OwlNoXIYRTRNiVZ-IlrA,6,7,3,0,0,15,0,255,2019-07-22,"School Age Care,Meals Provided ,After School Care,Snacks Provided,Drop-In Care,Part Time Care,Transportation to/from School ,Field Trips",Y,NO,NO,NO,1310419,Pinnacle Kids Academy,SAN ANTONIO,10626 BRAUN RD,78254 9660,Pinnacle Kids Academy,3.8,77.0,5,high_confidence,6.4,0,1,0,0,0,16,1.067,0.4
ChIJT8rieQC1RIYRqDXouZkAhMg,7,1,2,0,0,24,0,221,1992-02-04,"Accredited,Meals Provided ,Snacks Provided",Y,NO,NO,NO,123546,University of Texas Child Care Center,AUSTIN,2216 LEONA ST,78722 2532,UT Child Development Center - Leona Location,4.4,14.0,5,medium_confidence,33.9,1,1,0,0,0,10,0.417,0.292
ChIJT9QnNcrMRIYRCx_BStMvyD4,0,1,0,0,0,8,0,110,1991-05-01,"School Age Care,After School Care,Snacks Provided",Y,NO,NO,NO,118395,Laurel Mountain YMCA,AUSTIN,10111 D K RANCH RD,78759 6402,Laurel Mountain Elementary School,,,0,medium_confidence,34.7,0,1,0,0,0,1,0.125,0.0
ChIJTRBXCxNMW4YRx-F0iL9r8OE,5,0,4,0,0,15,0,150,2006-07-09,Part Time Care,N,NO,NO,NO,286572,Bethany Lutheran Preschool,AUSTIN,3701 W SLAUGHTER LN,78749 5902,Bethany Lutheran Church & Preschool,4.2,31.0,5,high_confidence,19.5,0,0,0,0,0,9,0.6,0.333
ChIJTSstCxyXToYRGt7hw3TMwmI,4,11,6,0,1,8,0,32,1987-04-16,"After School Care,Part Time Care,Transportation to/from School ,Field Trips",Y,NO,NO,NO,112093,Children's Creative World,DALLAS,6011 UNIVERSITY HILLS BLVD,75241 2514,Children's Creative World,5.0,8.0,5,high_confidence,38.7,0,1,0,0,0,22,2.75,0.5
ChIJTSvk__6IXIYRYH4nPZVM9eU,3,3,3,0,0,19,0,333,2013-08-23,"School Age Care,Before School Care,Get Well Care,Meals Provided ,After School Care,Snacks Provided,Skill Classes,Part Time Care,Transportation to/from School ,Field Trips",Y,NO,NO,NO,1106371,LeafSpring School at Cibolo Canyons,SAN ANTONIO,3108 MARSHALL RD,78259 1609,LeafSpring School at Cibolo Canyons,4.1,36.0,5,high_confidence,12.4,0,1,0,0,0,9,0.474,0.158
ChIJTTd1WS-jToYR7OfKxFeFjII,0,2,2,0,0,9,0,62,1996-05-29,"School Age Care,Before School Care,Meals Provided ,After School Care,Snacks Provided,Transportation to/from School",Y,NO,NO,NO,144022,G & J Learning Center,DALLAS,1111 N JIM MILLER RD,75217 4921,G & J Learning Center,3.3,3.0,3,high_confidence,29.6,0,1,0,0,0,4,0.444,0.0
ChIJTVMc1yT2XIYRoaLH8xt5iT8,5,9,7,1,0,27,1,90,2014-04-01,"School Age Care,Meals Provided ,After School Care,Snacks Provided,Part Time Care,Transportation to/from School ,Field Trips",Y,NO,NO,NO,1123221,La Mision Child Care and Kid Kamp,SAN ANTONIO,2211 S HACKBERRY,78210 4119,La Mision Summer Kid Kamp,3.2,13.0,5,medium_confidence,11.8,0,1,0,0,0,22,0.815,0.185
ChIJTVSUmfnEQIYRqN13P-nqlYc,14,16,8,1,1,14,1,100,1990-04-13,"After School Care,Skill Classes,Part Time Care,Transportation to/from School ,Field Trips",N,NO,NO,NO,96186,St. Christophers Day School,HOUSTON,1656 BLALOCK RD,77080 7321,St Christopher's Day School,4.2,5.0,5,high_confidence,35.7,0,0,0,0,0,40,2.857,1.0
ChIJTZDfA4fMRIYR8GkQdWQOiA0,1,0,2,0,0,8,0,47,2023-04-03,"School Age Care,After School Care,Part Time Care",Y,NO,NO,NO,1439579,Rainbow Scholars Academy LLC,AUSTIN,4600 NUCKOLS CROSSING RD,78744 2003,Scholars Academy,5.0,2.0,2,medium_confidence,2.7,0,1,0,0,0,3,0.375,0.125
ChIJT_WgyEPHQIYRUUoLN2DDq5Q,4,9,6,1,0,7,1,36,2018-12-27,"Meals Provided ,Snacks Provided",N,NO,NO,NO,1304774,Great Little Minds Academy,HOUSTON,1102 DOROTHY ST,77008 6646,Great Little Minds Academy,4.8,25.0,5,high_confidence,7.0,0,0,0,0,0,20,2.857,0.571
ChIJTaG-dTa-QIYRu3pXotdYTUk,2,2,0,1,0,7,1,60,1989-03-30,"School Age Care,Meals Provided ,Snacks Provided",Y,NO,NO,NO,94517,Wonderland Private School,HOUSTON,5724 CALHOUN RD,77021 2854,Wonderland Private School,5.0,1.0,1,high_confidence,36.8,0,1,0,0,0,5,0.714,0.286
ChIJTb3xlmPHQIYR_LzzB84np6c,7,13,12,3,0,7,2,45,2002-05-28,"School Age Care,Part Time Care",N,NO,NO,NO,173353,St Andrews Episcopal School,HOUSTON,1819 HEIGHTS BLVD,77008 4025,St Andrew's Episcopal School,,,0,high_confidence,23.6,0,0,0,0,0,35,5.0,1.0
ChIJTbivkpWJXIYR7eeROhVxt2I,5,6,2,1,0,34,1,289,2021-11-24,"School Age Care,Meals Provided ,After School Care,Snacks Provided,Part Time Care,Transportation to/from School ,Field Trips",N,NO,NO,NO,1378341,The Lily Pad Farm School,SAN ANTONIO,18940 REDLAND RD,78259 3572,The Lilypad Farm School,4.6,8.0,5,high_confidence,4.1,0,0,0,0,0,14,0.412,0.147
ChIJTcimCGaJXIYR2jgVxt08msI,21,28,12,3,0,46,2,109,2011-08-26,"School Age Care,Before School Care,Meals Provided ,After School Care,Snacks Provided,Part Time Care,Transportation to/from School ,Field Trips",Y,NO,NO,NO,742008,Pinnacle Montessori,SAN ANTONIO,19730 BULVERDE RD,78259 3709,Pinnacle Montessori of Bulverde,4.1,91.0,5,medium_confidence,14.4,0,1,0,0,0,64,1.391,0.457
ChIJTdYzpdLLQIYRcr1FE5YPGu4,1,5,3,2,0,10,2,122,2011-06-10,"School Age Care,Meals Provided ,Snacks Provided",Y,NO,NO,NO,777472,Krayola Kidz,HOUSTON,2200 SPEARS RD STE 180,77067 1317,Krayola Kidz Inc.,3.5,28.0,5,high_confidence,14.6,0,1,0,0,0,11,1.1,0.1
ChIJTw_O0Ep7ToYRnzZZSdVH6gQ,0,0,3,2,0,9,0,34,2025-05-06,"Meals Provided ,Snacks Provided",Y,NO,NO,NO,1488865,Children Education Station Learning Center,FORT WORTH,6440 BRENTWOOD STAIR RD,76112 3228,Children Education Station Learning Center,4.6,9.0,5,high_confidence,0.7,0,1,0,0,0,5,0.556,0.0
ChIJTybTy0lvToYRAs5MAhZu-Ro,0,0,0,0,0,12,0,108,2022-11-08,"School Age Care,Before School Care,Meals Provided ,After School Care,Snacks Provided,Drop-In Care,Transportation to/from School ,Field Trips",Y,NO,NO,NO,1407324,Kreative Kids Preparatory Academy LLC,FORT WORTH,1312 SYCAMORE SCHOOL RD,76134 4901,Kreative Kids Preparatory Academy,4.8,28.0,5,high_confidence,3.1,0,1,0,0,0,0,0.0,0.0
ChIJTz3F_V3EQIYRo2AMf1tSC9o,2,5,5,1,0,9,1,131,2019-07-26,"School Age Care,Before School Care,After School Care,Part Time Care,Field Trips",N,NO,NO,NO,1322995,Alianza Eco International School,HOUSTON,1229 CAMPBELL RD,77055 6401,Alianza Preschool Spring Valley,5.0,33.0,5,medium_confidence,6.4,0,0,0,0,0,13,1.444,0.222
ChIJU-8u4HZCXIYR7vth3yjIuCw,30,27,9,1,0,59,1,210,2015-08-13,"School Age Care,Before School Care,After School Care,Snacks Provided,Part Time Care,Field Trips",Y,NO,NO,NO,1151873,Pinnacle Montessori Academy of Alamo Ranch,SAN ANTONIO,11400 CULEBRA RD,78253 6163,Pinnacle Montessori of Alamo Ranch,4.6,106.0,5,high_confidence,10.4,0,1,0,0,0,67,1.136,0.508
ChIJU0ZB52KkQIYRJ1ALgg5SVxQ,3,5,5,1,1,9,1,99,1992-03-03,"School Age Care,Meals Provided ,After School Care,Snacks Provided,Transportation to/from School ,Field Trips",Y,NO,NO,NO,98809,Creative Corner,HOUSTON,335 AUDREY LN,77015 2209,Creative Corner,4.4,16.0,5,high_confidence,33.8,0,1,0,0,0,15,1.667,0.333
ChIJU18fPO0nTIYR1jim9Ckm4C8,1,7,8,0,0,11,1,190,2018-08-14,"Meals Provided ,Snacks Provided,Skill Classes,Part Time Care",N,NO,NO,NO,1299196,"Dallas Daycare Academy, LLC",DALLAS,11425 MARSH LN,75229 2637,Dallas Daycare Academy,4.6,27.0,5,high_confidence,7.4,0,0,0,0,0,16,1.455,0.091
ChIJU3RMWjhDXIYRAnnFPP4xMU8,14,14,7,2,0,38,1,136,1987-09-30,"School Age Care,Before School Care,Accredited,Meals Provided ,After School Care,Snacks Provided,Drop-In Care,Transportation to/from School ,Field Trips",Y,NO,NO,NO,103545,La Petite Academy Emerald Glade,SAN ANTONIO,111 EMERALD GLADE,78245 1100,La Petite Academy on Emerald Glade,3.9,33.0,5,high_confidence,38.3,1,1,0,0,0,37,0.974,0.368
ChIJU52-xUwhTIYRWJJJmUY2-j8,5,8,3,1,0,14,0,221,2024-05-03,"Meals Provided ,Snacks Provided,Part Time Care",N,NO,NO,NO,1460830,Meadow Oaks Academy,DALLAS,15720 HILLCREST RD,75248 4161,Meadow Oaks Montessori,,,0,medium_confidence,1.7,0,0,0,0,0,17,1.214,0.357
ChIJU5AR4cHEQIYRJzZ_uqbIFaA,7,10,5,0,0,18,0,100,1993-03-24,"After School Care,Drop-In Care,Skill Classes,Part Time Care,Transportation to/from School ,Field Trips",Y,NO,NO,NO,128577,ST Andrew Early Childhood Center,HOUSTON,1353A WITTE RD,77055 4003,St Andrew Early Childhood Center,4.2,25.0,5,high_confidence,32.8,0,1,0,0,0,22,1.222,0.389
ChIJU5nisFo4W4YR1TYHNH4jYvQ,2,1,0,0,0,8,0,190,2020-02-11,"School Age Care,Accredited,Meals Provided ,After School Care,Snacks Provided,Skill Classes,Part Time Care,Transportation to/from School ,Field Trips",Y,NO,NO,NO,1335669,Kiddie Academy of Bee Cave,AUSTIN,16003 W HIGHWAY 71,78738 2701,Kiddie Academy of Bee Cave,4.8,33.0,5,high_confidence,5.9,1,1,0,0,0,3,0.375,0.25
ChIJU6FhsVAyW4YRafnOfXSnk38,3,6,4,0,0,6,0,150,1990-04-18,"Skill Classes,Part Time Care,Field Trips",N,NO,NO,NO,108570,ST Thomas More Preschool,AUSTIN,10205 R R 620 N,78726 2210,St Thomas More Preschool,,,0,high_confidence,35.7,0,0,0,0,0,13,2.167,0.5
ChIJU6PiMWvZTYYRDkE2AdNZ-6E,1,1,0,0,0,11,0,248,2017-02-17,"School Age Care,Skill Classes,Part Time Care",N,NO,NO,NO,1249944,First Flight Preschool,FORT WORTH,2185 GOLDEN HEIGHTS RD,76177 7005,First Flight Preschool,5.0,4.0,4,high_confidence,8.9,0,0,0,0,0,2,0.182,0.091
ChIJU7ARXa7FQIYRS-r6yE_SmWA,7,13,1,0,0,17,0,153,1991-02-14,"After School Care,Snacks Provided,Skill Classes,Part Time Care",N,NO,NO,NO,118344,St Jerome Early Childhood CTR,HOUSTON,8825 KEMPWOOD DR,77080 4101,St Jerome Early Childhood Center,,,0,high_confidence,34.9,0,0,0,0,0,21,1.235,0.412
ChIJU7IrDPzYTYYRIQ2gsObL9xw,5,13,13,4,0,12,1,84,2018-05-17,"School Age Care,Meals Provided ,After School Care,Snacks Provided,Drop-In Care,Part Time Care,Weekend Care,Night Care",N,NO,NO,NO,1290870,Adventure Kids Playcare- Fort Worth,FORT WORTH,9160 NORTH FWY STE 410,76177 7627,Adventure Kids Playcare,4.0,70.0,5,medium_confidence,7.6,0,0,0,0,0,35,2.917,0.417
ChIJU8AkJNTaQIYRDf7CV8PYfLI,0,4,1,1,0,8,1,135,1999-06-11,"Accredited,After School Care,Skill Classes,Field Trips",N,NO,NO,NO,132788,Westview School,HOUSTON,1900 KERSTEN DR,77043 3125,The Westview School,,,0,high_confidence,26.6,1,0,0,0,0,6,0.75,0.0
ChIJU9pfPMjLRIYRENXgX3L5xFY,2,2,0,0,0,7,0,66,2025-11-04,,N,NO,NO,NO,1492156,Eagles Childcare Center,AUSTIN,1701 KRAMER LN,78758 4229,Eagles Child Care Center,5.0,10.0,5,high_confidence,0.2,0,0,0,0,0,4,0.571,0.286
ChIJUQRFjnKjToYRLaU8rK6y9oo,2,2,1,0,0,8,0,86,2007-01-08,"Accredited,Meals Provided ,After School Care",Y,NO,NO,NO,307781,El Kinder - Bilingual Early Childhood Education,DALLAS,2523 S BUCKNER BLVD,75227 8501,El Kinder Bilingual Academy,4.8,19.0,5,medium_confidence,19.0,1,1,0,0,0,5,0.625,0.25
ChIJURzfTL_2XIYRJtyrc-UF2EY,25,31,28,3,1,41,1,44,2016-12-16,"School Age Care,Before School Care,Meals Provided ,After School Care,Snacks Provided,Part Time Care",Y,YES,NO,NO,1200819,Tanya's Little Angels Christian Academy,SAN ANTONIO,157 SCHUMACHER RD,78220 3327,Tanya's Little Angels Christian Academy,4.4,9.0,5,high_confidence,9.0,0,1,1,0,0,88,2.146,0.61
ChIJUSBacHKXQIYRodyji12hS1c,2,2,0,0,0,8,0,306,2017-02-07,"School Age Care,After School Care,Snacks Provided,Part Time Care",Y,NO,NO,NO,1248628,KCE Champions LLC @ Beta Academy,HOUSTON,10618 HARTSOOK ST,77034,Champions at Beta Academy,4.2,11.0,5,medium_confidence,8.9,0,1,0,0,0,4,0.5,0.25
ChIJUSCyO0yfToYRVqwS11yBWGo,0,0,0,0,0,9,0,126,2023-02-23,"Snacks Provided,Part Time Care",N,NO,NO,NO,1415259,Park Cities Montessori,DALLAS,4711 WESTSIDE DR,75209 6021,Park Cities Montessori,,,0,high_confidence,2.9,0,0,0,0,0,0,0.0,0.0
ChIJUSIElxWjToYRH3VbawF06J4,1,3,2,0,0,11,0,150,2017-01-26,"Before School Care,After School Care,Snacks Provided,Part Time Care",Y,NO,NO,NO,1251387,KCE Champions LLC at Uplift Luna,DALLAS,9743 E R L THORNTON FWY,75228 5875,Champions at Uplift Luna - New Campus,1.0,1.0,1,medium_confidence,8.9,0,1,0,0,0,6,0.545,0.091
ChIJUSdRaIOZToYR03TCTzLlOWY,1,1,0,0,0,7,0,100,2024-05-21,"Accredited,Meals Provided ,Snacks Provided",N,NO,NO,NO,1461026,Primrose School of Dallas at Kessler Park,DALLAS,330 S R L THORNTON FWY,75203 1809,Primrose School of Dallas at Kessler Park,5.0,19.0,5,high_confidence,1.6,1,0,0,0,0,2,0.286,0.143
ChIJUTE84oKMXIYRBYpiL83Ni2Q,2,6,3,0,1,12,0,96,2020-12-11,"School Age Care,Before School Care,Meals Provided ,After School Care,Snacks Provided,Drop-In Care,Skill Classes,Part Time Care,Transportation to/from School ,Field Trips",Y,NO,NO,NO,1350394,Little Treehouse Early Learning Center #6,SAN ANTONIO,13118 EL SENDERO ST,78233 5816,"Little Treehouse Early Learning Center, LLC",4.0,28.0,5,high_confidence,5.1,0,1,0,0,0,12,1.0,0.167
ChIJUTKTA_tNW4YRkaCuUGrHrHA,0,5,1,0,0,11,0,61,2021-04-16,"School Age Care,Meals Provided ,After School Care,Snacks Provided",Y,NO,NO,NO,1375576,Susy's Daycare Center,AUSTIN,2301 RIDDLE RD,78748 1310,Susy's Daycare Center,,,0,high_confidence,4.7,0,1,0,0,0,6,0.545,0.0
ChIJUWiHp625QIYR1Bl7kO9y-Sc,3,9,7,2,2,14,0,56,2015-09-04,"School Age Care,Before School Care,Meals Provided ,After School Care,Snacks Provided,Drop-In Care,Part Time Care,Transportation to/from School ,Field Trips",Y,NO,NO,NO,1172658,Kinder College for Kids,HOUSTON,7426 CURRY RD,77093 8820,Kinder College For Kids,3.7,6.0,5,high_confidence,10.3,0,1,0,0,0,23,1.643,0.214
ChIJUWlt9XnLQIYRnTZXN4TC4Og,4,7,7,1,0,8,0,41,2024-10-28,"School Age Care,Before School Care,Meals Provided ,After School Care,Snacks Provided,Drop-In Care,Part Time Care,Transportation to/from School ,Field Trips",Y,NO,NO,NO,1473494,Taking Steps Childcare LLC,HOUSTON,13507 BAMMEL NORTH HOUSTON RD,77066 2956,Taking Steps Childcare,4.0,8.0,5,high_confidence,1.2,0,1,0,0,0,19,2.375,0.5
ChIJUYxNFbEhTIYRmEYELwVMlvQ,1,1,0,0,0,8,0,200,2012-12-07,"After School Care,Snacks Provided",Y,NO,NO,NO,1015368,Richardson ISD Northwood Hills Elementary,DALLAS,14532 MEANDERING WAY,75254 8017,Northwood Hills Elementary School,,,0,high_confidence,13.1,0,1,0,0,0,2,0.25,0.125
ChIJUZO4F9FdXIYR_jZhoeF37wA,0,3,1,1,0,7,1,56,2021-10-18,"School Age Care,Meals Provided ,After School Care,Snacks Provided,Drop-In Care,Part Time Care,Transportation to/from School ,Field Trips",Y,NO,NO,NO,1386206,Yogiland LLC,SAN ANTONIO,2102 BANDERA RD,78228 2313,Yogiland Learning Center,4.6,39.0,5,medium_confidence,4.2,0,1,0,0,0,5,0.714,0.0
ChIJU_B-wPpvToYRYCEqy3Ffqj4,6,1,4,0,0,13,0,126,2023-09-29,"School Age Care,Before School Care,Meals Provided ,After School Care,Snacks Provided,Drop-In Care,Part Time Care,Transportation to/from School ,Field Trips",Y,NO,NO,NO,1441892,Super Kids Sycamore,FORT WORTH,1740 W EVERMAN PKWY,76134 4807,Super Kids Sycamore,5.0,14.0,5,high_confidence,2.3,0,1,0,0,0,11,0.846,0.462
ChIJUamHaaPZQIYRGzdQJgKVs4Y,0,2,2,0,0,2,0,292,2026-01-13,"School Age Care,Before School Care,Meals Provided ,After School Care,Snacks Provided,Drop-In Care,Skill Classes,Part Time Care,Transportation to/from School ,Field Trips",N,NO,NO,NO,1519964,Little Sprouts Academy,HOUSTON,19823 YOUNGLAKE BLVD,77084 4790,Little Sprouts Academy,4.4,35.0,5,high_confidence,-0.0,0,0,0,0,0,4,2.0,0.0
ChIJUawhLN-0RIYRjuBXrgx65hk,3,4,3,0,0,15,0,76,2015-11-03,"School Age Care,Before School Care,After School Care,Snacks Provided,Skill Classes,Part Time Care,Transportation to/from School ,Field Trips",Y,NO,NO,NO,1187180,Didactica Spanish Immersion Preschool,AUSTIN,2028 S LAMAR BLVD,78704 3336,Didactica Spanish Immersion Preschool- South Center 78704,5.0,10.0,5,medium_confidence,10.2,0,1,0,0,0,10,0.667,0.2
ChIJUb-QbE2KXIYRp6FJHzdO_9o,8,10,5,0,0,32,0,64,2018-02-15,"Meals Provided ,Snacks Provided",Y,NO,NO,NO,1269891,Lil' Friends Dayschool,SAN ANTONIO,2897 THOUSAND OAKS DR,78232 4151,Lil' Friends Day School,4.5,32.0,5,medium_confidence,7.9,0,1,0,0,0,23,0.719,0.25
ChIJUbysO124QIYRIw9MKDPfRhE,1,10,3,0,0,13,0,144,2023-04-05,"School Age Care,Children with Special Needs,Meals Provided ,Snacks Provided,Skill Classes",N,NO,NO,NO,1419694,Avance- Janowski Head Start,HOUSTON,7500 BAUMAN RD,77022 6125,Janowski Elementary School,,,0,medium_confidence,2.7,0,0,0,0,0,14,1.077,0.077
ChIJUc0EN2mLXIYRScci7nTuVaQ,1,5,6,1,0,9,0,27,2023-06-21,"Meals Provided ,Snacks Provided",N,NO,NO,NO,1430509,NHUMC Ministry Center Childcare,SAN ANTONIO,4306 NACO PASS,78217 2100,Ministry Center,4.6,60.0,5,medium_confidence,2.5,0,0,0,0,0,13,1.444,0.111
ChIJUc3sN62_QIYRM9R6PadJXQY,1,5,1,0,0,7,1,114,2003-06-26,"Accredited,Meals Provided ,Snacks Provided,Field Trips",N,NO,NO,NO,226486,Wheeler Avenue Infant School,HOUSTON,3810 RUTH ST,77004 6506,Wheeler Avenue Christian Academy,,,0,medium_confidence,22.5,1,0,0,0,0,7,1.0,0.143
ChIJUd37PquQToYRi93Ox0AA-3E,2,10,6,1,0,8,1,49,1987-07-17,"Meals Provided ,After School Care,Snacks Provided,Part Time Care",Y,NO,NO,NO,112144,Es Haven Academy,DALLAS,813 RYAN RD,75224 3338,E's Haven Academy,4.8,6.0,5,high_confidence,38.5,0,1,0,0,0,19,2.375,0.25
ChIJUd7ETs2wQIYRIGlgqstz7xs,1,3,1,1,0,6,1,40,2012-10-25,"School Age Care,Before School Care,Meals Provided ,After School Care,Snacks Provided,Drop-In Care,Part Time Care,Transportation to/from School ,Field Trips",Y,NO,NO,NO,923535,R & R Learning Center LLC,HOUSTON,5341 EASTHAMPTON DR,77039 6160,R & R Learning Center,5.0,4.0,4,high_confidence,13.2,0,1,0,0,0,6,1.0,0.167
ChIJUdN_b-xpXIYRGirclp3aPfU,5,13,3,0,0,18,0,67,2023-03-14,"Snacks Provided,Part Time Care",N,NO,NO,NO,1397566,CF Kids Dayschool,SAN ANTONIO,10915 SHAENFIELD RD,78254 9602,CF Kids Day School,5.0,1.0,1,medium_confidence,2.8,0,0,0,0,0,21,1.167,0.278
ChIJUe57ravDQIYRbFSmy0ak5SA,1,0,1,0,0,5,0,104,2012-03-06,Accredited,Y,NO,NO,NO,935610,Blossom Heights Child Development Center,HOUSTON,8702 LIPAN RD,77063 5804,Blossom Heights Child Development Center,5.0,24.0,5,high_confidence,13.8,1,1,0,0,0,2,0.4,0.2
ChIJUftk9beZToYRk73w3LXytuw,0,0,0,0,0,5,0,46,2025-07-03,"School Age Care,Before School Care,After School Care,Snacks Provided,Skill Classes",N,NO,NO,NO,1494635,La Escuelita Spanish Immersion Preschool at 10th Street Hist,DALLAS,366 S FLEMING AVE,75203 3141,La Escuelita Spanish Immersion Preschool-Tenth Street,5.0,1.0,1,high_confidence,0.5,0,0,0,0,0,0,0.0,0.0
ChIJUwpvV2GRToYRHEILSqhUgOE,0,1,0,0,0,9,0,135,2025-05-28,"School Age Care,Meals Provided ,Snacks Provided,Transportation to/from School ,Field Trips",N,NO,NO,NO,1487965,Vogel Redbird Childcare Center,DALLAS,3662 W CAMP WISDOM RD,75237 2500,Vogel - Redbird,,,0,medium_confidence,0.6,0,0,0,0,0,1,0.111,0.0
ChIJUxDKk3LqQIYRhYerMsfrnys,1,5,2,0,0,7,0,190,2010-02-25,"School Age Care,After School Care,Snacks Provided",N,NO,NO,NO,449414,Red Elementary Afterschool Program,HOUSTON,4520 TONAWANDA DR,77035 3716,Red Elementary School,,,0,medium_confidence,15.8,0,0,0,0,0,8,1.143,0.143
ChIJUxLImqWQQIYRZndBHzRKK5o,0,0,0,0,0,5,0,75,2016-02-12,"After School Care,Snacks Provided",Y,NO,NO,NO,1202520,YMCA @ Weber Elementary,HOUSTON,11955 BLACKHAWK BLVD,77089 4220,Weber Elementary,,,0,high_confidence,9.9,0,1,0,0,0,0,0.0,0.0
ChIJUyjDVH2LXIYRKWbpAjMaF5w,3,9,9,3,0,20,1,133,2006-02-28,"Accredited,Meals Provided ,After School Care,Snacks Provided,Drop-In Care,Part Time Care,Transportation to/from School",Y,NO,NO,NO,287319,Nacogdoches KinderCare,SAN ANTONIO,13030 NACOGDOCHES RD,78217 1941,Nacogdoches KinderCare,4.5,63.0,5,high_confidence,19.8,1,1,0,0,0,24,1.2,0.15
ChIJUyyssFZcXIYRleFm16AW3ns,3,3,0,0,0,15,0,87,2012-02-17,"Meals Provided ,Snacks Provided,Part Time Care",Y,NO,NO,NO,905072,Head Start Dolores B. Linton Elementary,SAN ANTONIO,2103 OAKHILL RD,78238 4908,Dolores B. Linton Elementary School,,,0,high_confidence,13.9,0,1,0,0,0,6,0.4,0.2
ChIJV-JE9M11ToYRCb21nAPFknE,2,1,0,1,0,27,0,220,2023-03-08,"School Age Care,Before School Care,Meals Provided ,After School Care,Snacks Provided,Drop-In Care,Skill Classes,Part Time Care,Transportation to/from School ,Field Trips",Y,NO,NO,NO,1425947,Oxford Academy,FORT WORTH,5900 CROMWELL MARINE CREEK RD,76179,Oxford Academy DFW,4.5,53.0,5,high_confidence,2.8,0,1,0,0,0,4,0.148,0.074
ChIJV0OrvH-jQIYR9edu3phd8LQ,0,0,1,0,0,1,0,76,2026-03-26,"School Age Care,Before School Care,Meals Provided ,After School Care,Snacks Provided,Transportation to/from School ,Field Trips",N,NO,NO,NO,1527233,Kidztown Childcare,HOUSTON,1001 UVALDE RD,77015 3703,Kidztown Childcare,4.3,15.0,5,high_confidence,0.0,0,0,0,0,0,1,1.0,0.0
ChIJV0SkYhy0RIYRU0QrghDKi3c,3,1,3,0,1,7,0,60,1993-10-22,"School Age Care,After School Care,Part Time Care,Transportation to/from School ,Field Trips",Y,NO,NO,NO,94939,Escuela Montessori de Montopolis,AUSTIN,2013 MONTOPOLIS DR,78741 6501,Escuela Montessori,5.0,2.0,2,medium_confidence,32.2,0,1,0,0,0,8,1.143,0.429
ChIJV4SrGbwnTIYR_Ip-kmnc85Y,0,1,0,0,0,5,0,150,2010-10-07,"Snacks Provided,Skill Classes,Part Time Care,Field Trips",N,NO,NO,NO,754755,The Da Vinci School,DALLAS,10909 MIDWAY RD,75229 4115,The da Vinci School,5.0,2.0,2,high_confidence,15.2,0,0,0,0,0,1,0.2,0.0
ChIJV6T0vZKwQIYRcmtlnej6NUQ,7,9,5,3,0,13,0,149,2015-09-25,"School Age Care,Before School Care,Meals Provided ,After School Care,Snacks Provided,Skill Classes,Part Time Care,Transportation to/from School ,Field Trips",Y,NO,NO,NO,1176908,Precious Stones Academy,HOUSTON,7518 E MOUNT HOUSTON RD,77050 5726,Precious Stones Academy,2.5,13.0,5,high_confidence,10.3,0,1,0,0,0,24,1.846,0.538
ChIJV6z7AsFzToYRxfBOu_vDkIw,4,15,9,0,0,11,0,130,1985-12-31,Snacks Provided,N,NO,NO,NO,97352,Trinity Lutheran Childrens Center,FORT WORTH,3621 TULSA WAY,76107 3341,Trinity Lutheran Church,4.7,26.0,5,medium_confidence,40.0,0,0,0,0,0,28,2.545,0.364
ChIJV73lEAZzToYR0-SPMElYCGo,0,5,0,1,0,6,1,100,1991-07-14,Snacks Provided,N,NO,NO,NO,117886,Reading Friends,FORT WORTH,5228 PERSHING AVE,76107 4828,Reading Friends,5.0,1.0,1,high_confidence,34.5,0,0,0,0,0,6,1.0,0.0
ChIJV76sJMojTIYR-VRopNue7fs,4,4,2,0,0,16,0,136,1998-06-19,"Accredited,Part Time Care,Transportation to/from School",N,NO,NO,NO,156229,Primrose School of Bent Trail,DALLAS,18601 PRESTON RD,75252 2523,Primrose School of Bent Trail,4.8,78.0,5,high_confidence,27.5,1,0,0,0,0,10,0.625,0.25
ChIJV7Qp1jy3RIYRThfOaekUXn4,0,1,5,0,0,10,0,30,2006-04-19,"Meals Provided ,Snacks Provided",N,NO,NO,NO,279506,Austin Shelter for Women and Children Child Care Center,AUSTIN,4613 TANNEHILL LN BLDG 2,78721 1703,Austin Shelter for Women and Children,3.2,38.0,5,high_confidence,19.7,0,0,0,0,0,6,0.6,0.0
ChIJV8uMPk6fToYRDgWYJgyHYY4,1,8,3,0,0,6,0,123,2014-04-09,"Meals Provided ,Snacks Provided,Skill Classes,Part Time Care,Field Trips",N,NO,NO,NO,1120783,East Dallas Development Center,DALLAS,2010 SKILLMAN ST,75206 7240,East Dallas Developmental Center,5.0,28.0,5,high_confidence,11.7,0,0,0,0,0,12,2.0,0.167
ChIJVRcp6whGW4YRai34gbnq2rU,2,0,1,0,0,9,0,235,2013-03-06,"Meals Provided ,After School Care,Snacks Provided,Part Time Care,Transportation to/from School ,Field Trips",N,NO,NO,NO,1089487,The Preparatory School of Dripping Springs,AUSTIN,12610 NUTTY BROWN RD,78737 9298,The PREP School of Dripping Springs - Nutty Brown,4.6,5.0,5,medium_confidence,12.8,0,0,0,0,0,3,0.333,0.222
ChIJVSDi-2NwToYRNzhcC4qGY1A,1,1,4,0,0,7,0,100,2011-02-22,"School Age Care,Meals Provided ,After School Care,Snacks Provided,Part Time Care,Transportation to/from School ,Field Trips",N,NO,NO,NO,755912,Polytechnic United Community Center,FORT WORTH,3100 AVENUE I,76105 3129,UCC Polytechnic Center,4.4,57.0,5,medium_confidence,14.9,0,0,0,0,0,6,0.857,0.143
ChIJVSkQZObZTYYRsPXmmhy9Jyg,3,6,0,0,0,23,0,344,2018-05-10,"School Age Care,Before School Care,Accredited,Meals Provided ,After School Care,Snacks Provided,Skill Classes,Part Time Care,Transportation to/from School ,Field Trips",Y,NO,NO,NO,1304349,Kids R Kids Keller,FORT WORTH,4117 KELLER HICKS RD,76244 9631,Kids 'R' Kids Learning Academy of Keller,4.7,99.0,5,medium_confidence,7.6,1,1,0,0,0,9,0.391,0.13
ChIJVTeX7BjDQIYRVZaMqYkHbdQ,20,27,24,1,0,14,4,65,2012-02-02,"School Age Care,Before School Care,Meals Provided ,After School Care,Snacks Provided,Drop-In Care,Part Time Care,Transportation to/from School ,Weekend Care,Field Trips",Y,NO,NO,NO,902228,Kids R Us Academy,HOUSTON,9385 RICHMOND AVE,77063 3927,Kids R Us Academy,4.4,7.0,5,high_confidence,13.9,0,1,0,0,0,72,5.143,1.429
ChIJVUOd_AB7ToYRy2ACEZ0JPzE,0,0,0,0,0,7,0,95,2018-05-31,"School Age Care,Before School Care,Meals Provided ,After School Care,Snacks Provided,Transportation to/from School ,Field Trips",Y,NO,NO,NO,1301417,"King Kids Learning Center, LLC",FORT WORTH,2900 CANTON DR,76112 6518,King Kids Learning Center,4.2,20.0,5,high_confidence,7.6,0,1,0,0,0,0,0.0,0.0
ChIJVUYY3fHIRIYR7Q46w743GxE,2,2,0,0,0,7,0,150,2017-01-06,"School Age Care,After School Care,Skill Classes,Transportation to/from School ,Field Trips",N,NO,NO,NO,1251440,Pioneer Crossing YMCA,AUSTIN,11300 SAMSUNG BLVD,78754 5997,Pioneer Crossing Elementary School,,,0,medium_confidence,9.0,0,0,0,0,0,4,0.571,0.286
ChIJVVUF-vRnXIYRW-ZdkFs-1qg,0,0,0,0,0,6,0,44,2012-02-17,"Meals Provided ,Snacks Provided",N,NO,NO,NO,917608,Parent/Child Inc. Southwest,SAN ANTONIO,11914 DRAGON LN,78252 2612,Parent/Child Incorporated,4.7,9.0,5,medium_confidence,13.9,0,0,0,0,0,0,0.0,0.0
ChIJVVUVLEP1XIYRxQyD1CHD2zU,1,6,8,0,0,8,0,161,1994-09-07,"Part Time Care,Field Trips",N,NO,NO,NO,100933,Alamo Heights United Methodist Weekday School,SAN ANTONIO,825 E BASSE RD,78209 1832,Alamo Heights UMC Weekday School,5.0,1.0,1,medium_confidence,31.3,0,0,0,0,0,15,1.875,0.125
ChIJVVV5ZJOVQIYRO8DN4fGap1Q,3,2,3,1,0,7,1,22,2017-09-05,"School Age Care,Before School Care,Meals Provided ,After School Care,Snacks Provided,Drop-In Care,Skill Classes,Part Time Care,Field Trips",Y,NO,NO,NO,1274057,Blessing Academy ECC,HOUSTON,5903 BELLFORT ST,77033 1334,Blessing Academy ECC,4.9,52.0,5,high_confidence,8.3,0,1,0,0,0,9,1.286,0.429
ChIJVVVFgLPrQIYRYFMy8yeACXE,3,1,1,1,0,11,1,90,2007-02-02,"Meals Provided ,After School Care,Snacks Provided,Drop-In Care,Field Trips",Y,NO,NO,NO,302468,Triumph Christian Academy,HOUSTON,4740A W OREM DR,77045 4110,Triumph Christian Academy,5.0,2.0,2,high_confidence,18.9,0,1,0,0,0,6,0.545,0.273
ChIJVVVVVSXSRIYRwNIV4X_XdLY,0,0,1,0,0,6,0,125,2024-02-12,"School Age Care,Before School Care,After School Care,Snacks Provided",Y,NO,NO,NO,1468556,Pond Springs YMCA of Central Texas,AUSTIN,7825 ELKHORN MOUNTAIN TRL,78729 6404,Pond Springs Elementary,,,0,medium_confidence,1.9,0,1,0,0,0,1,0.167,0.0
ChIJVVVVwr6ZQIYRffheyKQ3XKo,0,1,2,3,0,5,0,40,2004-01-08,"School Age Care,After School Care,Snacks Provided,Skill Classes,Part Time Care",N,NO,NO,NO,231891,KLC dba Champions @ Genoa Elementary,HOUSTON,12900 ALMEDA GENOA RD,77034 4636,Genoa Elementary School,,,0,medium_confidence,22.0,0,0,0,0,0,6,1.2,0.0
ChIJVVVlfj-5QIYRErvnKmY-yCg,7,2,1,1,0,18,0,93,2015-09-25,"School Age Care,Before School Care,Meals Provided ,After School Care,Snacks Provided,Drop-In Care,Part Time Care,Transportation to/from School ,Field Trips",Y,NO,NO,NO,1173586,Community Partners FifthWard Early ChildHood Development Ctr,HOUSTON,3917 COLLINGSWORTH ST,77026 4713,Community Partners FifthWard,5.0,5.0,5,medium_confidence,10.3,0,1,0,0,0,11,0.611,0.389
ChIJVVWVDUJxToYRJX77qficbNU,3,6,1,0,0,6,0,186,1986-03-05,Accredited,N,NO,NO,NO,97475,First United Methodist Day School,FORT WORTH,800 W 5TH ST,76102 3501,fumc day school org,,,0,medium_confidence,39.8,1,0,0,0,0,10,1.667,0.5
ChIJVVWVsmCeToYRzFcA34oRWqc,1,1,0,0,0,9,0,220,1985-12-03,"Accredited,Snacks Provided,Field Trips",N,NO,NO,NO,96494,Westminster Presbyterian Preschool,DALLAS,8200 DEVONSHIRE DR,75209 4425,Westminster Presbyterian Church,4.6,14.0,5,medium_confidence,40.1,1,0,0,0,0,2,0.222,0.111
ChIJVVXBBlO-QIYR55PfOFqfhzM,26,24,24,4,2,42,14,153,2020-07-24,"Accredited,Meals Provided ,Snacks Provided,Drop-In Care,Part Time Care",Y,NO,NO,NO,1342082,Royal Children Learning Center,HOUSTON,6603A LANGHAM DR,77084 2695,Children Learning Center,5.0,2.0,2,high_confidence,5.4,1,1,0,0,0,80,1.905,0.619
ChIJVVXFdVQnTIYRpmACwpMFACI,0,1,1,0,0,5,0,37,2013-08-30,Snacks Provided,N,NO,NO,NO,1118895,Dallas Cooperative Preschool,DALLAS,11001 MIDWAY RD,75229 4117,Dallas Cooperative Preschool,5.0,7.0,5,high_confidence,12.3,0,0,0,0,0,2,0.4,0.0
ChIJVVdr8ADTQIYRt-HAzFkFV0w,3,3,4,0,0,6,0,279,1996-11-06,"Meals Provided ,Snacks Provided",N,NO,NO,NO,144552,Lakewood Montessori School,HOUSTON,12127 MALCOMSON RD,77070 2381,Lakewood Montessori School,,,0,high_confidence,29.2,0,0,0,0,0,10,1.667,0.5
ChIJVVoQ-tLRQIYRDMecGFJ8-Lo,1,2,2,0,0,2,0,68,2026-01-12,"School Age Care,Before School Care,Meals Provided ,After School Care,Snacks Provided",N,NO,NO,NO,1518495,Wonderbees Learning Academy,HOUSTON,11240 FM 1960 RD W,77065 3662,Wonderbees Learning Academy,5.0,19.0,5,high_confidence,-0.0,0,0,0,0,0,5,2.5,0.5
ChIJVYGXShVlXIYRaU5EJpi5CMo,4,0,3,0,0,15,0,170,2025-05-21,"School Age Care,Before School Care,Meals Provided ,After School Care,Snacks Provided,Part Time Care",Y,NO,NO,NO,1479782,Pinnacle Montessori,SAN ANTONIO,6929 CAMP BULLIS RD,78256 2334,Pinnacle Montessori of Crown Ridge,4.8,43.0,5,medium_confidence,0.6,0,1,0,0,0,7,0.467,0.267
ChIJVYxRVNKPToYRX9tsxC6oou0,0,0,1,0,0,1,0,50,2026-04-10,"School Age Care,Before School Care,After School Care,Snacks Provided,Drop-In Care,Part Time Care",N,NO,NO,NO,1522529,Right at School at Bilhartz Elementary,DALLAS,6700 WANDT DR,75236 2528,Bilhartz Elementary School,,,0,high_confidence,0.0,0,0,0,0,0,1,1.0,0.0
ChIJVaMa-XFMW4YRS-x6G4xRIUM,35,26,18,0,0,64,0,263,2004-02-04,"School Age Care,Accredited,Meals Provided ,After School Care,Snacks Provided,Drop-In Care,Skill Classes,Part Time Care,Transportation to/from School ,Field Trips",N,NO,NO,NO,231809,Stepping Stone School XIV,AUSTIN,9405 BRODIE LN,78748 5602,Stepping Stone School - Brodie/Circle C,4.1,48.0,5,medium_confidence,21.9,1,0,0,0,0,79,1.234,0.547
ChIJVaOPQqqhToYRESJto0OcVOg,1,0,0,0,0,6,0,175,2003-02-20,"School Age Care,Part Time Care",N,NO,NO,NO,207470,Lake Highlands Baptist Church,DALLAS,642 BROOKHURST DR,75218 2191,Lake Highlands Baptist Church,5.0,20.0,5,high_confidence,22.9,0,0,0,0,0,1,0.167,0.167
ChIJVaTlSL6fToYRv2j2CoYFpB4,1,9,3,0,0,10,0,144,2016-02-25,"Meals Provided ,Snacks Provided",N,NO,NO,NO,1233541,St. Andrews Presbyterian Children's Center,DALLAS,3204 SKILLMAN ST,75206 5914,St. Andrew's Presbyterian Children's Center,5.0,4.0,4,high_confidence,9.9,0,0,0,0,0,13,1.3,0.1
ChIJVafkHiVZXIYRjVS1WuG-p68,1,1,3,0,0,11,0,115,2021-12-07,"School Age Care,Before School Care,Meals Provided ,After School Care,Snacks Provided",N,NO,NO,NO,1385575,Y School Age @ Sarah King,SAN ANTONIO,1001 CERALVO ST,78207 7119,Sarah S. King Elementary School,,,0,medium_confidence,4.1,0,0,0,0,0,5,0.455,0.091
ChIJVatD-qJdXIYR4Gp2ez5ahis,5,9,2,1,0,20,2,45,2016-02-26,"School Age Care,Meals Provided ,After School Care,Snacks Provided,Drop-In Care,Part Time Care,Transportation to/from School",Y,NO,NO,NO,1190698,Wheels for Kids Childcare Center,SAN ANTONIO,5409 HURLEY DR,78238 2414,Wheels for Kids Childcare Center,3.9,19.0,5,high_confidence,9.8,0,1,0,0,0,17,0.85,0.25
ChIJVc5F3stNW4YR3IxcUevJP4o,3,1,0,0,0,15,0,210,2021-01-04,"School Age Care,Accredited,Meals Provided ,After School Care,Snacks Provided,Skill Classes,Part Time Care,Transportation to/from School ,Field Trips",Y,NO,NO,NO,1368468,Primrose School of Shady Hollow,AUSTIN,12341 BRODIE LN,78748 1917,Primrose School of Shady Hollow,4.9,57.0,5,high_confidence,5.0,1,1,0,0,0,4,0.267,0.2
ChIJVe5MtFygToYR0Y7S8xzKfxY,0,0,0,0,0,7,0,197,1999-02-26,"Before School Care,After School Care,Part Time Care",N,NO,NO,NO,156662,ST James Episcopal Montessori School,DALLAS,9845 MCCREE RD,75238 3444,Saint James Episcopal Church,4.7,21.0,5,medium_confidence,26.8,0,0,0,0,0,0,0.0,0.0
ChIJVebpD4PBQIYRGjIWvfjeHU0,26,53,25,4,0,27,8,149,2024-12-18,"School Age Care,Before School Care,Meals Provided ,After School Care,Snacks Provided,Drop-In Care,Skill Classes,Part Time Care,Transportation to/from School ,Weekend Care,Field Trips,Night Care",N,NO,NO,NO,1458013,Twinkle Wonders School At Rice Ave,HOUSTON,5750 S RICE AVE,77081 2910,Twinkle Wonders School At Rice Avenue,4.1,68.0,5,high_confidence,1.0,0,0,0,0,0,108,4.0,0.963
ChIJVwbOhrTBQIYRoWSKzAGG950,0,0,0,0,0,5,0,34,2003-01-29,,N,NO,NO,NO,214536,St. Marks Episcopal School,HOUSTON,3816 BELLAIRE BLVD,77025 1209,St. Mark's Episcopal School,,,0,high_confidence,22.9,0,0,0,0,0,0,0.0,0.0
ChIJVxJc4C_LRIYRKPm-QKGahX4,1,0,0,0,0,5,0,64,2009-07-17,"Snacks Provided,Part Time Care,Field Trips",N,NO,NO,NO,479228,The Childrens Discovery Center,AUSTIN,4112 DUVAL ST,78751 4309,Children’s Discovery Center Central,4.5,8.0,5,high_confidence,16.5,0,0,0,0,0,1,0.2,0.2
ChIJVxYBGDL6XIYRFozuGCxQwAI,2,0,0,0,0,6,0,40,2014-02-20,"Meals Provided ,Snacks Provided,Field Trips",N,NO,NO,NO,1122725,East Central Child Development Center,SAN ANTONIO,11935 DONOP RD,78223 4202,East Central Development Center,4.9,9.0,5,high_confidence,11.9,0,0,0,0,0,2,0.333,0.333
ChIJVyJjQViXToYRKNVo-J0RntU,2,2,1,0,0,7,0,94,2024-07-11,"School Age Care,Before School Care,Meals Provided ,After School Care,Snacks Provided,Drop-In Care,Skill Classes,Part Time Care,Transportation to/from School ,Field Trips",Y,NO,NO,NO,1476193,Tom Thumb Academy,DALLAS,2846 S BECKLEY AVE,75224 3526,Tom Thumb Nursery & Pre-k,4.0,2.0,2,medium_confidence,1.5,0,1,0,0,0,5,0.714,0.286
ChIJVyqw-GJzToYRYGzUeB2OFvk,1,1,0,1,0,5,0,204,2025-11-17,"Meals Provided ,Snacks Provided,Part Time Care,Field Trips",N,NO,NO,NO,1517221,Tierra Encantada-Camp Bowie,FORT WORTH,6201 SUNSET DR STE 600,76116 5541,Tierra Encantada - Camp Bowie,3.9,30.0,5,medium_confidence,0.1,0,0,0,0,0,3,0.6,0.2
ChIJVzGxWBm6QIYR5pXueYu6z_I,5,6,0,1,1,16,0,108,2008-04-04,"Accredited,Meals Provided ,Snacks Provided",N,NO,NO,NO,351132,Compton Head Start,HOUSTON,9720 SPAULDING ST,77016 4841,Head Start-Compton Center,3.4,10.0,5,medium_confidence,17.7,1,0,0,0,0,13,0.812,0.312
ChIJW-Zof9fQQIYRCtKEzN4YpYo,8,2,4,0,0,28,0,361,2018-09-20,"School Age Care,Before School Care,Meals Provided ,After School Care,Snacks Provided,Drop-In Care,Skill Classes,Part Time Care,Transportation to/from School ,Weekend Care,Field Trips",Y,NO,NO,NO,1315075,Kids 'R' Kids of Copperfield,HOUSTON,15230 FOREST TRAILS DR,77095 2950,Kids 'R' Kids Learning Academy of Copperfield,4.3,130.0,5,medium_confidence,7.3,0,1,0,0,0,14,0.5,0.286
ChIJW3S57m5wToYRb8QuQ6cKzNg,0,1,3,0,0,6,1,146,2002-01-24,"School Age Care,Before School Care,Meals Provided ,After School Care,Snacks Provided,Part Time Care,Transportation to/from School ,Field Trips",Y,NO,NO,NO,171999,Hugs and Kisses Too,FORT WORTH,2821 VAUGHN BLVD,76105 4846,Hugs & Kisses Too,4.0,13.0,5,high_confidence,23.9,0,1,0,0,0,4,0.667,0.0
ChIJW4EEgwdlXIYRyv1_ELvsHxI,3,7,3,0,0,18,0,155,2017-06-07,"Meals Provided ,Snacks Provided,Drop-In Care,Part Time Care",N,NO,NO,NO,1265673,Little Sunshine's Playhouse,SAN ANTONIO,21822 STONEWALL PKWY,78256 1661,Little Sunshine's Playhouse of San Antonio at Dominion,4.8,52.0,5,medium_confidence,8.6,0,0,0,0,0,13,0.722,0.167
ChIJW7AidomYToYR5wDcAKXIxHk,1,3,0,0,0,7,0,30,2024-03-13,After School Care,N,NO,NO,NO,1458404,YMCA@ St. Anthony Dallas,DALLAS,3732 MYRTLE ST,75215 3849,St. Anthony Academy,,,0,medium_confidence,1.8,0,0,0,0,0,4,0.571,0.143
ChIJWQbf8BTMQIYRO2V5hOAqzhM,8,7,6,0,3,8,0,122,2014-09-26,"School Age Care,Before School Care,Meals Provided ,After School Care,Snacks Provided,Part Time Care",Y,NO,NO,NO,1140354,Amazing Kid'z Christian Academy,HOUSTON,12035 DE FORREST ST,77066 2955,Amazing Kidz Christian Academy,4.6,20.0,5,high_confidence,11.3,0,1,0,0,0,24,3.0,1.0
ChIJWQuZt78hTIYRiezGShLhr7A,16,19,14,2,0,34,1,150,2006-02-13,"Meals Provided ,After School Care,Snacks Provided,Transportation to/from School ,Field Trips",Y,NO,NO,NO,282984,Spring Creek KinderCare,DALLAS,15610 SPRING CREEK RD,75248 4325,Spring Creek KinderCare,4.2,59.0,5,high_confidence,19.9,0,1,0,0,0,51,1.5,0.471
ChIJWTNvTr-4QIYRB0hGOmf_58k,0,2,0,1,0,5,1,129,1994-10-13,Part Time Care,Y,NO,NO,NO,135722,Zion Lutheran Preschool,HOUSTON,3606 BEAUCHAMP ST,77009 6231,Zion Lutheran Preschool,5.0,2.0,2,high_confidence,31.2,0,1,0,0,0,3,0.6,0.0
ChIJWXnr6KnQTYYR3r-0MqGec14,8,3,2,1,0,24,0,181,2020-01-13,"School Age Care,Before School Care,Accredited,Meals Provided ,After School Care,Snacks Provided,Part Time Care,Transportation to/from School ,Field Trips",Y,NO,NO,NO,1334503,Park Vista Children's Academy,FORT WORTH,13033 PARK VISTA BLVD,76244 5811,Park Vista Children's Academy of Keller/FortWorth,4.0,58.0,5,medium_confidence,6.0,1,1,0,0,0,14,0.583,0.333
ChIJWaRa6VKzRIYR99TQ0BZprSE,3,10,1,0,0,14,0,45,2008-10-10,"Meals Provided ,Snacks Provided",Y,NO,NO,NO,352279,Susy's Daycare Center,AUSTIN,308 W WILLIAM CANNON DR # B,78745 5691,Susy's Daycare Center,4.3,12.0,5,high_confidence,17.2,0,1,0,0,0,14,1.0,0.214
ChIJWcJz2XXHQIYRyy_OtvmufN8,6,9,1,1,0,9,0,204,2008-03-03,"Meals Provided ,Snacks Provided,Drop-In Care,Skill Classes,Part Time Care",N,NO,NO,NO,324439,Garden Oaks Baptist Early Learning Ctr,HOUSTON,3206 N SHEPHERD DR,77018 7621,The Garden Kids - Garden Oaks Church Early Learning Center,5.0,15.0,5,medium_confidence,17.8,0,0,0,0,0,17,1.889,0.667
ChIJWcjVA7pMW4YRpGC3HUUNzmY,3,9,5,0,0,15,0,49,2017-09-22,"School Age Care,After School Care,Snacks Provided,Transportation to/from School ,Field Trips",Y,NO,NO,NO,1290696,Club Z INC,AUSTIN,7612 COOPER LN,78745 6312,Club Z,4.6,9.0,5,medium_confidence,8.3,0,1,0,0,0,17,1.133,0.2
ChIJWctfm3tdXIYRbdxgJ4fORbQ,3,5,2,0,0,10,0,41,2025-08-15,"School Age Care,Before School Care,Meals Provided ,After School Care,Snacks Provided,Drop-In Care,Part Time Care,Transportation to/from School",Y,NO,NO,NO,1487140,Tiny Hearts Academy,SAN ANTONIO,6002 INGRAM RD,78238 4402,Tiny Hearts Academy,5.0,9.0,5,high_confidence,0.4,0,1,0,0,0,10,1.0,0.3
ChIJWwo5BgB3ToYR3D_AJZbo1a8,10,0,1,0,0,22,0,220,2019-12-12,"School Age Care,Before School Care,Accredited,Meals Provided ,After School Care,Snacks Provided,Part Time Care,Transportation to/from School ,Field Trips",N,NO,NO,NO,1332377,Primrose School of NW Fort Worth,FORT WORTH,9840 BLUE MOUND RD,76131 3312,Primrose School of NW Fort Worth,4.5,38.0,5,high_confidence,6.1,1,0,0,0,0,11,0.5,0.455
ChIJX0H9urdhXIYRL2J8hvofYzg,4,9,8,0,0,14,0,306,2004-01-27,"School Age Care,Meals Provided ,Snacks Provided",Y,NO,NO,NO,231802,Ivy Crest Academy of Deerfield,SAN ANTONIO,1909 W BITTERS RD,78248 1444,Ivy Crest Academy of Deerfield,5.0,3.0,3,high_confidence,21.9,0,1,0,0,0,21,1.5,0.286
ChIJX0N_IenDQIYRP0fnHV_X46I,0,2,0,0,0,8,0,125,2021-03-10,"School Age Care,After School Care,Snacks Provided",N,NO,NO,NO,1320374,After 3 After School Programs @ Briargrove Elementary,HOUSTON,6145 SAN FELIPE ST,77057 2801,Briargrove Elementary School,,,0,medium_confidence,4.8,0,0,0,0,0,2,0.25,0.0
ChIJX0wGOLczW4YRt9visfY8rGQ,1,4,0,0,0,9,0,200,2005-03-08,"School Age Care,Part Time Care",N,NO,NO,NO,257587,Canyon Creek Preschool,AUSTIN,9001 R R 620 N,78726 4003,Canyon Creek Preschool,5.0,4.0,4,high_confidence,20.8,0,0,0,0,0,5,0.556,0.111
ChIJX0zrfNHJQIYRSoshampqqRw,3,18,22,1,4,16,0,75,1987-05-28,"School Age Care,Before School Care,Meals Provided ,After School Care,Snacks Provided,Drop-In Care,Part Time Care,Transportation to/from School ,Field Trips",Y,NO,NO,NO,95358,Toddler House 5,HOUSTON,150 E WEST RD,77060 5015,The Toddler House Greenspoint,3.5,21.0,5,medium_confidence,38.6,0,1,0,0,0,48,3.0,0.188
ChIJX1C8dLvBQIYR3TUeFH6ePdE,7,3,3,0,0,13,0,209,2020-12-11,"School Age Care,Before School Care,Meals Provided ,After School Care,Snacks Provided,Part Time Care,Field Trips",N,NO,NO,NO,1353590,Kido International PreSchool,HOUSTON,2329 BISSONNET ST,77005 1511,Kido International Preschool & Daycare Rice Village,4.5,33.0,5,medium_confidence,5.1,0,0,0,0,0,13,1.0,0.538
ChIJX1evozHKRIYRs-XFOTB2v8g,1,4,2,0,0,7,0,30,2014-04-09,"School Age Care,Drop-In Care,Skill Classes,Part Time Care",Y,NO,NO,NO,1123960,Highland Montessori School,AUSTIN,211 W SAINT JOHNS AVE,78752 2415,Highland Montessori School,5.0,1.0,1,high_confidence,11.7,0,1,0,0,0,7,1.0,0.143
ChIJX3BKaeBaXIYRKUQPVoNChro,19,18,16,1,0,32,1,50,1986-11-14,"School Age Care,Before School Care,Meals Provided ,After School Care,Snacks Provided,Transportation to/from School ,Field Trips",N,NO,NO,NO,102349,Valley Hi Baptist Academy,SAN ANTONIO,6623 SW LOOP 410,78227 4817,Valley-Hi Baptist Academy,3.0,6.0,5,high_confidence,39.1,0,0,0,0,0,54,1.688,0.594
ChIJX3EFq47ORIYRPL8KcVDCUcM,0,0,0,0,0,2,0,168,2025-11-24,"School Age Care,Before School Care,Meals Provided ,After School Care,Snacks Provided,Drop-In Care,Skill Classes,Part Time Care,Transportation to/from School ,Field Trips",N,NO,NO,NO,1515161,Stepping Stone School V,AUSTIN,2001 WELLS BRANCH PKWY,78728 6901,Stepping Stone School Pflugerville,4.2,42.0,5,medium_confidence,0.1,0,0,0,0,0,0,0.0,0.0
ChIJX65pFqzzXIYRZO-JR2QE3q0,30,34,24,0,0,70,0,58,2015-01-28,"School Age Care,Before School Care,Accredited,Meals Provided ,After School Care,Snacks Provided,Drop-In Care,Part Time Care,Transportation to/from School ,Field Trips",Y,NO,NO,NO,1146854,Kitz Korner Day Care,SAN ANTONIO,4813 LAKEBEND WEST DR,78244 1617,Kitz Korner Day Care,3.4,13.0,5,high_confidence,10.9,1,1,0,0,0,88,1.257,0.429
ChIJX6BK7ClgXIYR5pm69sXhbdk,2,2,0,0,0,13,0,179,1996-10-14,"Snacks Provided,Part Time Care",N,NO,NO,NO,145849,Shearer Hills Baptist Early Learning,SAN ANTONIO,12615 SAN PEDRO AVE,78216 2848,Shearer Hills Early Learning Center,5.0,7.0,5,high_confidence,29.2,0,0,0,0,0,4,0.308,0.154
ChIJX6Kt3LMNToYRy9I4LR3F4tY,1,0,5,0,0,13,0,34,2023-02-23,"School Age Care,Meals Provided ,After School Care,Snacks Provided,Drop-In Care,Skill Classes,Part Time Care,Transportation to/from School ,Field Trips",Y,NO,NO,NO,1416607,Ordered Steps Learning Center,FORT WORTH,7451 CHAPEL AVE STE 7455,76116 7090,Ordered Steps Learning Center,4.9,33.0,5,high_confidence,2.9,0,1,0,0,0,6,0.462,0.077
ChIJX6zMtwWiToYRpJCTVXOzSVo,0,7,3,1,0,9,0,60,2019-09-13,"School Age Care,After School Care,Snacks Provided,Part Time Care",Y,NO,NO,NO,1324330,Alphabest @ CityScape-East Grand Preparatory,DALLAS,6211 E GRAND AVE,75223 1425,East Grand Preparatory,,,0,medium_confidence,6.3,0,1,0,0,0,11,1.222,0.0
ChIJXQBX_gbFQIYRqbgZm-kcKqA,2,2,4,0,0,10,0,80,2021-12-14,,N,NO,NO,NO,1379036,The Arbor School,HOUSTON,1919 KNOLL ST,77080 6810,The Arbor School,,,0,high_confidence,4.0,0,0,0,0,0,8,0.8,0.2
ChIJXQDuFArrQIYRPRW5Moq2NK0,2,9,8,2,0,10,1,79,2013-09-03,"School Age Care,Before School Care,Meals Provided ,After School Care,Snacks Provided,Drop-In Care,Transportation to/from School ,Field Trips",Y,NO,NO,NO,1104484,Faith Kidz,HOUSTON,3831 W FUQUA ST,77045 6401,Faith Kidz Academy,4.7,12.0,5,medium_confidence,12.3,0,1,0,0,0,21,2.1,0.2
ChIJXRa21egNToYRzAi1Czswf7I,4,14,5,0,0,15,0,120,2020-01-30,"School Age Care,Before School Care,Accredited,After School Care,Snacks Provided,Drop-In Care,Part Time Care",Y,NO,NO,NO,1334702,KCE Champions LLC @ Uplift Elevate,FORT WORTH,10825 CHAPIN RD,76108,Champions at Uplift Elevate,3.0,7.0,5,high_confidence,5.9,1,1,0,0,0,23,1.533,0.267
ChIJXU3OEDzMQIYRAhSv1GAYkiM,34,46,24,2,0,49,3,47,2015-01-15,"School Age Care,Before School Care,Meals Provided ,After School Care,Snacks Provided,Drop-In Care,Part Time Care,Field Trips",Y,NO,NO,NO,1150323,Itty Bitty Tots In Training,HOUSTON,12019 MISTY VALLEY DR,77066 2736,Itty Bitty Tots In Training,3.4,20.0,5,high_confidence,11.0,0,1,0,0,0,106,2.163,0.694
ChIJXVU7Vm85W4YRxa2H4Jav1Is,4,1,4,0,0,14,0,220,2020-08-13,"School Age Care,Before School Care,Meals Provided ,After School Care,Snacks Provided,Skill Classes,Part Time Care",N,NO,NO,NO,1349644,KLA Schools of Sweetwater,AUSTIN,18101 W HIGHWAY 71,78738,KLA Schools of Sweetwater,3.8,25.0,5,high_confidence,5.4,0,0,0,0,0,9,0.643,0.286
ChIJXVUih_TcQIYR5esT2yxng6s,2,2,9,0,0,8,0,102,2016-02-18,"Before School Care,After School Care,Snacks Provided",Y,NO,NO,NO,1190501,KU Champions LLC @ ShadowBriar  Elementary School,HOUSTON,2650 SHADOWBRIAR DR,77077 6000,Shadowbriar Elementary School,,,0,medium_confidence,9.9,0,1,0,0,0,13,1.625,0.25
ChIJXXAEKY1EXIYRwAyCR1AoOLM,0,1,0,0,0,9,0,60,1999-02-02,"After School Care,Snacks Provided,Part Time Care",Y,NO,NO,NO,157109,Y School Age Kriewald,SAN ANTONIO,10355 KRIEWALD RD,78245 2824,Kriewald Road Elementary,,,0,medium_confidence,26.9,0,1,0,0,0,1,0.111,0.0
ChIJXXFYN7_ZTYYRDlluyjl1Mp0,2,9,10,1,0,14,1,78,2017-03-22,"School Age Care,Before School Care,Meals Provided ,After School Care,Snacks Provided,Skill Classes,Part Time Care,Transportation to/from School ,Field Trips",N,NO,NO,NO,1236601,"Today's Kids Academy, LLC",FORT WORTH,10776 N BEACH ST,76244 8539,Today's Kids Academy,4.3,62.0,5,high_confidence,8.8,0,0,0,0,0,22,1.571,0.143
ChIJXXN8Kh3IQIYRqOiyu_mXFVk,0,1,1,1,0,8,1,103,2009-01-22,"School Age Care,Before School Care,Meals Provided ,After School Care,Snacks Provided,Drop-In Care,Part Time Care,Transportation to/from School",Y,NO,NO,NO,367245,Houston Kidz Academy,HOUSTON,203 E CANINO RD,77037 4438,Houston Kidz Academy,4.6,22.0,5,high_confidence,16.9,0,1,0,0,0,3,0.375,0.0
ChIJXXNQZ3LHQIYRuFLUHmnPHx4,1,8,4,0,0,11,0,207,2019-10-03,"School Age Care,Before School Care,Accredited,After School Care,Snacks Provided,Part Time Care,Field Trips",N,NO,NO,NO,1328792,The Goddard School (The Greater Heights),HOUSTON,835 W 23RD ST,77008 1733,The Goddard School of Houston - The Greater Heights,4.4,106.0,5,medium_confidence,6.2,1,0,0,0,0,13,1.182,0.091
ChIJXXO8fKdeXIYR7p0Py-XayC0,5,26,5,0,0,19,1,91,2015-11-19,"School Age Care,Meals Provided ,After School Care,Snacks Provided,Drop-In Care,Skill Classes,Part Time Care,Transportation to/from School ,Field Trips",Y,NO,NO,NO,1163569,World of Knowledge Early Learning Center,SAN ANTONIO,143 NW 36TH ST STE 2001,78237 1283,World of Knowledge Early Learning Center,4.2,17.0,5,high_confidence,10.1,0,1,0,0,0,36,1.895,0.263
ChIJXZ6SOoNFXIYRbdJiwCSi27c,0,4,0,0,0,8,0,40,2024-01-31,"School Age Care,Before School Care,Meals Provided ,After School Care,Snacks Provided,Drop-In Care,Part Time Care",Y,NO,NO,NO,1457078,Growing Minds Early Education Center,SAN ANTONIO,10027 RAVEN FIELD DR,78245 1732,Growing Minds Early Education,5.0,15.0,5,high_confidence,1.9,0,1,0,0,0,4,0.5,0.0
ChIJXbyv5pHDQIYRlLwL3gACQUs,3,12,9,2,0,6,3,50,2017-12-12,"School Age Care,Before School Care,Meals Provided ,After School Care,Snacks Provided,Drop-In Care,Part Time Care,Transportation to/from School",Y,NO,NO,NO,1279650,A to Z Preschool/Daycare Center,HOUSTON,7303 BELLERIVE DR,77036 3103,A to Z Preschool/Daycare Center,4.6,18.0,5,high_confidence,8.1,0,1,0,0,0,26,4.333,0.5
ChIJXdEZONRgXIYRKkAYUckLj8g,3,1,0,1,0,13,1,217,2011-02-16,"Meals Provided ,Snacks Provided",N,NO,NO,NO,698808,The Pineapple School,SAN ANTONIO,12222 HUEBNER RD,78230 1260,The Pineapple School - North Central,4.0,25.0,5,medium_confidence,14.9,0,0,0,0,0,5,0.385,0.231
ChIJXdU5yKKJXIYRmjnxqqm6370,2,4,1,0,0,12,0,147,2020-10-13,"School Age Care,Meals Provided ,Snacks Provided,Skill Classes,Part Time Care",Y,NO,NO,NO,1363576,Country Kids Academy,SAN ANTONIO,21002 ENCINO CMNS,78259 2716,Country Kids Academy,4.6,58.0,5,high_confidence,5.2,0,1,0,0,0,7,0.583,0.167
ChIJXerYY0X1XIYRn34qUqrCeVY,0,15,2,1,0,16,0,120,1987-03-13,"Accredited,Meals Provided ,Snacks Provided,Part Time Care",Y,NO,NO,NO,94819,La Petite Academy West Sunset,SAN ANTONIO,318 W SUNSET RD,78209 1734,La Petite Academy of Alamo Heights,3.4,21.0,5,medium_confidence,38.8,1,1,0,0,0,18,1.125,0.0
ChIJXf0f_flTXIYRjKsDoJi90e0,1,3,1,0,0,10,0,37,2023-02-28,"Meals Provided ,Snacks Provided",Y,NO,NO,NO,1414888,First Steps Montessori Learning Center,SAN ANTONIO,3850 S LOOP 1604 W,78264 3418,First Steps Montessori Learning Center,5.0,2.0,2,high_confidence,2.8,0,1,0,0,0,5,0.5,0.1
ChIJXfhLjEHAQIYRoAWyzW16uvM,1,3,1,1,0,9,0,54,2024-07-25,"School Age Care,After School Care",N,NO,NO,NO,1453232,Sheridan Montessori School LLC,HOUSTON,2433 SHERIDAN ST,77030 1921,Sheridan Montessori School,3.8,13.0,5,high_confidence,1.4,0,0,0,0,0,6,0.667,0.111
ChIJXz4nlilNW4YRlgZaHbIz_uc,0,0,0,0,0,12,0,20,2023-01-10,"School Age Care,Snacks Provided",N,NO,NO,NO,1407606,Tigerlily Preschool,AUSTIN,8601 S 1ST ST,78748 6602,Tigerlily Preschool,5.0,2.0,2,high_confidence,3.0,0,0,0,0,0,0,0.0,0.0
ChIJXz_8TodeXIYRaB0o9LzW_v0,10,15,6,0,0,18,0,68,2011-02-04,"After School Care,Transportation to/from School",Y,NO,NO,NO,583848,The Ragratz Unlimited Fun Care,SAN ANTONIO,1409 BANDERA RD,78228 4004,Ragratz Unlimited Fun Care,4.2,18.0,5,high_confidence,14.9,0,1,0,0,0,31,1.722,0.556
ChIJY-tN5RFiXIYR5oE6m2ejHxI,1,8,7,0,0,13,0,40,2017-07-11,"Drop-In Care,Weekend Care,Night Care",N,NO,NO,NO,1282938,Kid Space Drop-In Child Care,SAN ANTONIO,19141 STONE OAK PKWY STE 307,78258 3369,Kid Space Drop-In Child Care,4.3,32.0,5,high_confidence,8.5,0,0,0,0,0,16,1.231,0.077
ChIJY-tN5RFiXIYRumq2zZSxDPI,2,7,0,1,0,11,0,54,2014-09-30,"School Age Care,Skill Classes,Part Time Care,Transportation to/from School ,Field Trips",N,NO,NO,NO,1140364,"Elite Karate, LLC",SAN ANTONIO,19239 STONE OAK PKWY STE 109,78258 3471,Elite Karate,4.8,12.0,5,high_confidence,11.3,0,0,0,0,0,10,0.909,0.182
ChIJY0Q3MXe_QIYR_7KRcZJx5OU,2,4,0,0,0,9,0,100,1993-07-20,"School Age Care,Accredited,Meals Provided ,Snacks Provided,Skill Classes,Part Time Care",N,NO,NO,NO,129018,Montessori School of Downtown & Medical Center,HOUSTON,4510 CAROLINE ST,77004 4912,Montessori School Of Downtown - Medical Center,,,0,high_confidence,32.5,1,0,0,0,0,6,0.667,0.222
ChIJY0gkNb9pXIYR3bPBOOI3rYU,1,3,1,0,0,8,0,161,2005-03-30,"School Age Care,Meals Provided ,After School Care,Snacks Provided,Part Time Care,Transportation to/from School ,Field Trips",Y,NO,NO,NO,259514,The Mustard Seed Early Learning Center,SAN ANTONIO,11555 GALM RD STE 200,78254 9555,The Mustard Seed Early Learning Center,4.5,15.0,5,high_confidence,20.8,0,1,0,0,0,5,0.625,0.125
ChIJY1Co64HqQIYR6XMkk5egH60,0,3,1,0,0,5,0,12,2007-03-21,,N,NO,NO,NO,301576,ST Catherines Montessori,HOUSTON,9821 TIMBERSIDE DR,77025 5223,St. Catherine's Montessori,,,0,high_confidence,18.8,0,0,0,0,0,4,0.8,0.0
ChIJY1FMRACZToYRGY3fH-kYHrQ,0,0,0,0,0,7,0,116,2025-03-26,"School Age Care,Before School Care,Meals Provided ,After School Care,Snacks Provided,Transportation to/from School ,Field Trips,Night Care",N,NO,NO,NO,1485513,Precious Kargo Academy 2,DALLAS,2520 MARTIN LUTHER KING JR BLV,75215 2305,Precious Kargo Academy 2,5.0,2.0,2,high_confidence,0.8,0,0,0,0,0,0,0.0,0.0
ChIJY1JSYEiVQIYRyO0RmnMVNJc,4,10,2,1,0,11,1,107,2002-10-23,"School Age Care,Before School Care,Meals Provided ,After School Care,Snacks Provided,Drop-In Care,Transportation to/from School ,Field Trips",Y,NO,NO,NO,204160,Kids 'R' People 2 Inc,HOUSTON,2725 REED RD,77051 2371,"Kids ""R"" People ""2"" Academy Childcare Center",4.4,42.0,5,medium_confidence,23.2,0,1,0,0,0,17,1.545,0.364
ChIJY2ED37bEQIYR3ZNGvKLU9uw,7,13,6,1,1,15,0,122,2018-09-27,"School Age Care,Meals Provided ,After School Care,Snacks Provided,Drop-In Care,Skill Classes,Part Time Care,Transportation to/from School ,Weekend Care,Night Care",Y,NO,NO,NO,1301658,Adventure Kids Playcare,HOUSTON,10403 KATY FWY STE 220,77024 1108,Adventure Kids Playcare,4.3,162.0,5,high_confidence,7.3,0,1,0,0,0,28,1.867,0.467
ChIJY2HP4fquQIYRdrJR_U6uePc,0,4,2,0,1,6,0,129,2005-06-01,After School Care,Y,NO,NO,NO,254133,YMCA @ Summerwood Elementary,HOUSTON,13830 W LAKE HOUSTON PKWY,77044 5397,Summerwood Elementary School,,,0,medium_confidence,20.6,0,1,0,0,0,7,1.167,0.0
ChIJY2cRjTBcXIYRgii7wRtJMgU,44,76,30,2,2,78,6,79,2004-04-20,"School Age Care,Meals Provided ,After School Care,Snacks Provided,Part Time Care,Transportation to/from School",Y,NO,NO,NO,233966,Happy Child Childcare & Learning Center,SAN ANTONIO,3414 CULEBRA RD,78228 6060,Happy Child Childcare & Learning,5.0,26.0,5,high_confidence,21.7,0,1,0,0,0,154,1.974,0.564
ChIJY2dxMLqkToYRa717_ILL6r8,3,10,3,1,1,11,1,200,2008-02-15,"School Age Care,Before School Care,Meals Provided ,After School Care,Snacks Provided,Drop-In Care,Part Time Care,Transportation to/from School ,Field Trips",Y,NO,NO,NO,305437,Glenbrook CDC,DALLAS,1339 N MASTERS DR,75217 3308,Glenbrook Child Development,3.7,19.0,5,medium_confidence,17.9,0,1,0,0,0,18,1.636,0.273
ChIJY3-3ySzHQIYRce3GGY9C6Wc,7,9,7,1,0,17,1,76,2021-05-07,"School Age Care,Before School Care,Meals Provided ,After School Care,Snacks Provided,Drop-In Care,Part Time Care,Transportation to/from School ,Field Trips,Night Care",Y,NO,NO,NO,1365087,Purple Rose Learning Academy,HOUSTON,6717 STUEBNER AIRLINE RD STE 202,77091 2508,Purple Rose Learning Academy,4.3,26.0,5,high_confidence,4.7,0,1,0,0,0,24,1.412,0.412
ChIJY4qUXkzrQIYRh_34kqN0nDE,1,0,2,1,0,2,0,96,2025-09-26,Part Time Care,N,NO,NO,NO,1516722,One Hope Preschool,HOUSTON,5020 W BELLFORT AVE BLDG II,77035 3229,One Hope Preschool,4.6,11.0,5,high_confidence,0.3,0,0,0,0,0,4,2.0,0.5
ChIJY5kCImZtToYRCL1i4BPPk-M,0,3,2,1,0,7,0,264,2025-10-14,"School Age Care,Before School Care,Meals Provided ,After School Care,Snacks Provided,Drop-In Care,Part Time Care,Transportation to/from School",N,NO,NO,NO,1501411,Lightbridge Academy Fort Worth,FORT WORTH,7825 SAGE VISTA DRIVE,76123,Lightbridge Academy,4.0,54.0,5,medium_confidence,0.2,0,0,0,0,0,6,0.857,0.0
ChIJY5pgacWYToYRVBoCL7kagx4,1,0,1,0,0,6,0,75,2018-04-19,"Meals Provided ,Snacks Provided",N,NO,NO,NO,1289777,Swiss Learning Center,DALLAS,3814 SWISS AVE,75204 6410,Swiss Learning Center,4.9,30.0,5,high_confidence,7.7,0,0,0,0,0,2,0.333,0.167
ChIJY5uH-RZfXIYRH_8LnzI8RSI,2,1,2,0,0,9,0,119,2025-02-11,"School Age Care,Meals Provided ,After School Care,Snacks Provided",N,NO,NO,NO,1486123,Y School Age @Beacon Hill Academy,SAN ANTONIO,1411 W ASHBY PL,78201 6337,Beacon Hill Primary,,,0,medium_confidence,0.9,0,0,0,0,0,5,0.556,0.222
ChIJY6XCwHuzRIYRHS0gJtZH5G4,2,6,5,1,1,8,1,49,2020-06-23,"School Age Care,Meals Provided ,Snacks Provided",Y,NO,NO,NO,1354380,Little Explorers Childcare,AUSTIN,2313 TERI RD,78744 1915,Little Explorers Child Care DBA Maricela,4.7,26.0,5,medium_confidence,5.5,0,1,0,0,0,15,1.875,0.25
ChIJY7HD957bQIYRKQTasQpO-Ro,3,1,1,1,0,10,1,110,2025-06-12,"School Age Care,Before School Care,Meals Provided ,After School Care,Snacks Provided,Drop-In Care,Part Time Care,Transportation to/from School ,Weekend Care,Field Trips",Y,NO,NO,NO,1484290,Creative Playhouse Kids 1,HOUSTON,5630 N ELDRIDGE PKWY STE 500,77041 5635,Creative Playhouse Kids LLC,4.4,21.0,5,high_confidence,0.6,0,1,0,0,0,6,0.6,0.3
ChIJY7g1DXfbQIYR73AAjNKnW2s,1,3,3,0,0,10,2,70,2022-02-24,"School Age Care,After School Care,Snacks Provided",Y,NO,NO,NO,1386023,YMCA Afterschool @ Thornwood Elementary,HOUSTON,14400 FERN DR,77079 5508,Thornwood Elementary School,,,0,medium_confidence,3.9,0,1,0,0,0,7,0.7,0.1
ChIJY7mZQGOKXIYR-x35d8ZmE5Y,6,4,4,1,1,23,0,125,2006-02-06,"Meals Provided ,After School Care,Drop-In Care,Part Time Care",Y,NO,NO,NO,287322,Heimer KinderCare,SAN ANTONIO,14230 CROSS CYN,78232 5147,Heimer KinderCare,4.9,63.0,5,high_confidence,19.9,0,1,0,0,0,16,0.696,0.261
ChIJY8G1jhWcQIYRXitmcp16rcc,5,3,4,1,0,12,2,175,1996-09-25,"School Age Care,Before School Care,Accredited,Meals Provided ,After School Care,Snacks Provided,Skill Classes,Part Time Care,Transportation to/from School ,Field Trips",N,NO,NO,NO,145302,Montessori School of Downtown,HOUSTON,15625 SPACE CENTER BLVD,77062 3668,Montessori School Of Downtown - Clear Lake Campus,,,0,medium_confidence,29.3,1,0,0,0,0,13,1.083,0.417
ChIJY981K8oyW4YRwmtUKN1RaKs,2,1,2,1,0,7,0,71,2017-07-31,"School Age Care,After School Care,Snacks Provided,Part Time Care,Transportation to/from School ,Field Trips",N,NO,NO,NO,1269238,Casa de Ninos Bilingual Montessori School,AUSTIN,13584 POND SPRINGS RD,78729 4413,Casa de Niños Bilingual Montessori School,,,0,high_confidence,8.4,0,0,0,0,0,6,0.857,0.286
ChIJYQcNu1tVdgMRIn98DyPG7oI,2,4,1,1,1,9,0,25,2025-11-18,"School Age Care,Meals Provided ,Snacks Provided,Drop-In Care,Part Time Care,Field Trips",N,NO,NO,NO,1504389,The Bridge Learning Academy,FORT WORTH,6623 MEADOWBROOK DR,76112 5240,The Bridge Learning Academy LLC,5.0,11.0,5,high_confidence,0.1,0,0,0,0,0,9,1.0,0.222
ChIJYQcazFqXToYR9bY9LIHg6nk,2,18,5,0,0,7,0,33,2019-01-18,"School Age Care,Before School Care,Meals Provided ,After School Care,Snacks Provided,Drop-In Care,Part Time Care,Transportation to/from School",Y,NO,NO,NO,1307577,Tiny 1's Treasured Learning Center,DALLAS,3418 S BECKLEY AVE,75224 4015,Tiny 1's Treasured Learning Center,5.0,5.0,5,high_confidence,7.0,0,1,0,0,0,25,3.571,0.286
ChIJYTJvi6nCQIYRL1MKtmKL6E0,0,0,0,0,0,2,0,28,2025-11-26,"School Age Care,Before School Care,Meals Provided ,After School Care,Snacks Provided,Transportation to/from School",N,NO,NO,NO,1516441,Laura Kids Academy,HOUSTON,12450 BISSONNET ST STE 110,77099 1392,Little Learners Discovery Academy,,,0,medium_confidence,0.1,0,0,0,0,0,0,0.0,0.0
ChIJYTZ1Jx22RIYR9D68d6dLAzg,6,11,10,4,1,12,0,42,1999-09-02,"Accredited,After School Care",N,NO,NO,NO,151324,Austin Peace Academy,AUSTIN,5110 MANOR RD,78723 4608,Austin Peace Academy,,,0,high_confidence,26.3,1,0,0,0,0,32,2.667,0.5
ChIJYUG6TfebToYRAbur3_5S37I,8,3,1,0,0,9,0,102,2007-10-03,"Snacks Provided,Part Time Care",N,NO,NO,NO,309051,Kessler Park Day School,DALLAS,1215 TURNER AVE,75208 2631,Kessler Park Day School,5.0,22.0,5,high_confidence,18.2,0,0,0,0,0,12,1.333,0.889
ChIJYUtv6uQjTIYR---JVqljjAM,0,0,0,0,0,6,0,84,1999-03-10,"Accredited,Part Time Care,Field Trips",Y,NO,NO,NO,157569,Holy Communion Christian Academy,DALLAS,17405 MUIRFIELD DR,75287 7437,Holy Communion Christian Academy,5.0,1.0,1,high_confidence,26.8,1,1,0,0,0,0,0.0,0.0
ChIJYVR7bIVBXIYRfDEXZ8lYq_U,2,6,3,0,0,19,0,203,2025-04-08,"School Age Care,Before School Care,Meals Provided ,After School Care,Snacks Provided,Transportation to/from School ,Field Trips",Y,NO,NO,NO,1487239,The Pillars Christian Learning Center,SAN ANTONIO,14931 POTRANCO ROAD,78245,The Pillars Christian Learning Centers - Potranco,4.6,24.0,5,high_confidence,0.7,0,1,0,0,0,11,0.579,0.105
ChIJYVc7C_XKRIYRCxGDdgD3H2Q,0,0,1,0,0,6,0,55,2002-10-28,"Accredited,Part Time Care",N,NO,NO,NO,215892,All Austin Cooperative Nursery School,AUSTIN,2301 HANCOCK DR,78756 2510,All Austin Co-op,5.0,9.0,5,medium_confidence,23.2,1,0,0,0,0,1,0.167,0.0
ChIJYVonAux6ToYRViFAMtLkP6c,3,1,0,1,0,11,0,55,2012-04-20,"School Age Care,Before School Care,Meals Provided ,After School Care,Snacks Provided,Drop-In Care,Skill Classes,Part Time Care,Transportation to/from School",Y,NO,NO,NO,913691,Lisa's Little Angels Learning Center,FORT WORTH,2714 STALCUP RD,76119 1542,Lisa's Little Angels Learning Center,3.9,19.0,5,high_confidence,13.7,0,1,0,0,0,5,0.455,0.273
ChIJYYiXU2PORIYRMqqRQWCdsT4,0,0,0,0,0,4,0,68,2024-07-15,"School Age Care,Snacks Provided",Y,NO,NO,NO,1479086,Wells Branch YMCA of Central Texas,AUSTIN,14650 MERRILTOWN RD,78728 6729,Wells Branch Elementary,3.9,34.0,5,medium_confidence,1.5,0,1,0,0,0,0,0.0,0.0
ChIJYZlKPiW_QIYR0YmH4JPLcgs,1,4,5,0,0,5,0,136,1987-02-13,"Accredited,Meals Provided ,Snacks Provided",N,NO,NO,NO,102813,Cathedral House,HOUSTON,1117 TEXAS ST,77002 3113,Christ Church Cathedral,4.7,247.0,5,medium_confidence,38.9,1,0,0,0,0,10,2.0,0.2
ChIJYZtAuMiJXIYRDJe-4faXETI,11,7,3,0,1,26,0,175,2019-02-12,"Meals Provided ,Snacks Provided,Drop-In Care,Part Time Care",N,NO,NO,NO,1312509,LSP Stone Oak Inc DBALittle Sunshine's Playhouse & Preschool,SAN ANTONIO,20515 STONE OAK PKWY,78258 7036,Little Sunshine's Playhouse of San Antonio at Stone Oak,4.8,44.0,5,medium_confidence,6.9,0,0,0,0,0,22,0.846,0.423
ChIJYZy47OXAQIYRkfxk6dbgSZs,9,18,13,2,0,17,5,126,2021-05-06,"School Age Care,Before School Care,After School Care,Snacks Provided,Drop-In Care",Y,NO,NO,NO,1366478,Children Today @ Lamar High School,HOUSTON,3325 WESTHEIMER RD,77098 1003,Lamar High School,,,0,medium_confidence,4.7,0,1,0,0,0,42,2.471,0.529
ChIJYa_tTEZgXIYR00LaI5xX9Vo,25,29,9,1,2,58,0,135,2006-03-03,"School Age Care,Meals Provided ,After School Care,Snacks Provided,Drop-In Care,Part Time Care,Transportation to/from School ,Field Trips",Y,NO,NO,NO,287197,Parliament  KinderCare,SAN ANTONIO,11814 PARLIAMENT ST,78216 2412,Parliament KinderCare,3.6,48.0,5,high_confidence,19.8,0,1,0,0,0,66,1.138,0.431
ChIJYahJPD-2RIYRVZVxjNjNe-c,0,0,0,0,0,2,0,34,2025-10-15,After School Care,N,NO,NO,NO,1512979,AISD Norman-Sims Apple Blossom,AUSTIN,4001 TANNEHILL LN,78721 2307,Norman-Sims Elementary School,,,0,medium_confidence,0.2,0,0,0,0,0,0,0.0,0.0
ChIJYaxOkoTCQIYRCElrnJVUl6A,5,11,6,0,0,11,0,100,2020-06-29,"School Age Care,Before School Care,Meals Provided ,After School Care,Snacks Provided,Transportation to/from School ,Field Trips",Y,NO,NO,NO,1338707,Kinderworld Academy,HOUSTON,9241 S GESSNER RD,77074 3807,Kinderworld Academy,4.9,103.0,5,high_confidence,5.5,0,1,0,0,0,22,2.0,0.455
ChIJYbSXshpdXIYRlVJ3lRgcCMg,2,5,2,0,0,10,0,41,2024-07-30,"Meals Provided ,Snacks Provided",N,NO,NO,NO,1467991,Little Growing Hearts Childcare Center LLC,SAN ANTONIO,7491 GRISSOM RD BLDG 1,78251 4703,Little Growing Hearts Childcare Center,5.0,5.0,5,high_confidence,1.4,0,0,0,0,0,9,0.9,0.2
ChIJYbbTOifdQIYRJZkz_AQkRbI,26,22,15,2,0,40,4,107,2018-01-19,"School Age Care,Before School Care,Meals Provided ,After School Care,Snacks Provided,Drop-In Care,Skill Classes,Part Time Care,Transportation to/from School ,Weekend Care,Field Trips",Y,NO,NO,NO,1287678,Tick Tots Around the Clock LLC,HOUSTON,12440 OXFORD PARK DR STE A106,77082 2699,Tick Tots Around the Clock,2.7,57.0,5,high_confidence,8.0,0,1,0,0,0,65,1.625,0.65
ChIJYbsjloklTIYRoC1ffR135ig,2,0,1,1,0,10,0,230,2025-02-26,"School Age Care,Before School Care,Meals Provided ,After School Care,Snacks Provided,Part Time Care",N,NO,NO,NO,1485955,The Learning Experience,DALLAS,3099 FRANKFORD RD,75287 5657,The Learning Experience - Dallas - Frankford,4.8,116.0,5,medium_confidence,0.8,0,0,0,0,0,4,0.4,0.2
ChIJYdBVApO5QIYRBCBFDIVOSUQ,0,2,6,0,0,11,0,68,2024-02-09,"School Age Care,Before School Care,Accredited,After School Care,Snacks Provided,Part Time Care,Transportation to/from School ,Field Trips",Y,NO,NO,NO,1454208,KCE Champions LLC @ KIPP Dream,HOUSTON,500 TIDWELL RD,77022 2122,Champions at KIPP Dream Prep,,,0,medium_confidence,1.9,1,1,0,0,0,8,0.727,0.0
ChIJYeFKriHMRIYRyn6Gmh5U_ww,2,1,4,0,0,13,0,95,2023-03-28,Part Time Care,N,NO,NO,NO,1418870,Montessori Internacional,AUSTIN,11124 JOLLYVILLE RD,78759 4811,International Montessori Spanish Immersion,4.9,39.0,5,medium_confidence,2.8,0,0,0,0,0,7,0.538,0.154
ChIJYeHF7ni_QIYRs7B9MeGyxFM,2,17,12,1,0,10,1,31,2015-05-01,"Meals Provided ,Snacks Provided,Drop-In Care,Part Time Care",Y,NO,NO,NO,1163651,Discovery Kids Academy of Greater Houston,HOUSTON,5200 FANNIN ST,77004 5808,Discovery Kids Academy Of Greater Houston,4.7,20.0,5,high_confidence,10.7,0,1,0,0,0,32,3.2,0.2
ChIJYee--mGMXIYRwRc8aqHfyy0,5,8,6,0,0,15,0,140,1986-12-22,"School Age Care,Meals Provided ,After School Care,Snacks Provided,Drop-In Care,Part Time Care,Transportation to/from School ,Field Trips",Y,NO,NO,NO,95077,King of Kings Child Care Center,SAN ANTONIO,13888 DREAMWOOD DR,78233 4960,King of Kings Lutheran Church LCMS,4.6,37.0,5,medium_confidence,39.0,0,1,0,0,0,19,1.267,0.333
ChIJYfbZYXzCQIYRRs9RhIPVedg,10,20,7,3,0,10,1,129,2007-07-18,"School Age Care,Before School Care,Meals Provided ,After School Care,Snacks Provided,Drop-In Care,Skill Classes,Part Time Care,Transportation to/from School ,Field Trips",Y,NO,NO,NO,309760,Red Apple Private School & Childcare,HOUSTON,7605 BISSONNET ST,77074 5401,Red Apple School,,,0,medium_confidence,18.5,0,1,0,0,0,40,4.0,1.0
ChIJYwT0Y-nXQIYRmvTshFgyyEM,9,8,6,0,1,16,0,119,2023-09-07,"Before School Care,Meals Provided ,After School Care,Snacks Provided,Drop-In Care,Part Time Care,Transportation to/from School ,Weekend Care,Night Care",Y,NO,NO,NO,1439540,Space City Child Care,HOUSTON,6211 BARKER CYPRESS RD STE 103,77084 1604,Space City Child Care,2.9,29.0,5,high_confidence,2.3,0,1,0,0,0,24,1.5,0.562
ChIJYzC5YSKXToYRyuiTjKoeyP8,2,10,11,3,0,17,1,152,2020-01-22,"Before School Care,Meals Provided ,After School Care,Snacks Provided,Part Time Care",Y,NO,NO,NO,1335511,St. Paul Christian Academy,DALLAS,5725 S MARSALIS AVE,75241 1906,St. Paul Christian Academy,,,0,high_confidence,5.9,0,1,0,0,0,26,1.529,0.118
ChIJYzIa9uDDQIYRkzwxeqzZWEI,0,0,0,0,0,7,0,136,2005-03-08,"School Age Care,Before School Care,After School Care,Transportation to/from School",N,NO,NO,NO,255686,Tanglewood Academy,HOUSTON,1900 BERING DR,77057 3708,Tanglewood Academy,4.7,12.0,5,high_confidence,20.8,0,0,0,0,0,0,0.0,0.0
ChIJYzXXdA1vToYRtlaf33-LtjE,0,1,0,0,0,10,0,164,2020-08-21,"School Age Care,Before School Care,Meals Provided ,After School Care,Snacks Provided,Part Time Care,Transportation to/from School ,Field Trips",Y,NO,NO,NO,1357102,Kidz Unlimited LLC,FORT WORTH,3309 WILBARGER ST,76119 3421,Kidz Unlimited LLC,4.4,20.0,5,high_confidence,5.4,0,1,0,0,0,1,0.1,0.0
ChIJZ-BzFki1RIYRv5EcTYIWuBI,3,3,4,0,1,11,0,142,2023-08-15,Snacks Provided,Y,NO,NO,NO,1453902,Future Stars operated by La Petite Academy,AUSTIN,3819 S INTERSTATE 35,78741 7825,Future Stars Operated by La Petite Academy,4.9,11.0,5,high_confidence,2.4,0,1,0,0,0,11,1.0,0.273
ChIJZ0wIHWT3XIYROJ1XyRBfzwQ,4,3,4,0,0,11,0,28,2018-03-01,"School Age Care,Meals Provided ,After School Care,Snacks Provided,Drop-In Care,Part Time Care,Transportation to/from School ,Field Trips",Y,NO,NO,NO,1287233,Learning With Grace Educational Child Care #2,SAN ANTONIO,1110 HALLIDAY AVE,78210 5316,Learning with Grace #2,,,0,medium_confidence,7.8,0,1,0,0,0,11,1.0,0.364
ChIJZ1h_P1qUQIYRz17tEyHMlbQ,7,16,8,3,0,9,1,55,2021-02-02,"School Age Care,Before School Care,Meals Provided ,After School Care,Snacks Provided,Drop-In Care,Transportation to/from School ,Field Trips",Y,NO,NO,NO,1357480,Heavenly Hands Daycare LLC.,HOUSTON,3918 ROSEMONT ST,77051 1838,Heavenly Hands Daycare LLC,4.9,11.0,5,high_confidence,4.9,0,1,0,0,0,34,3.778,0.778
ChIJZ2RoK4HYTYYRxkGxa66XuVs,1,2,3,0,0,11,0,100,2009-02-23,"After School Care,Drop-In Care,Part Time Care",Y,NO,NO,NO,361246,Clayton Youth Enrichment @ Basswood Elementary,FORT WORTH,3100 CLAY MOUNTAIN TRL,76137 1465,Basswood Elementary School,,,0,medium_confidence,16.9,0,1,0,0,0,6,0.545,0.091
ChIJZ34-5lzYTYYR0pfBfCpvf14,2,1,0,0,0,13,0,85,1996-03-06,"Before School Care,After School Care,Snacks Provided,Drop-In Care",Y,NO,NO,NO,142608,Clayton Youth Enrichment @ Heritage Elementary,FORT WORTH,4001 THOMPSON RD,76244 9423,Heritage Elementary School,,,0,medium_confidence,29.8,0,1,0,0,0,3,0.231,0.154
ChIJZ3OGN7tzToYRFiYlsMPGfHc,2,14,10,1,0,11,0,76,1995-01-29,Before School Care,N,NO,NO,NO,136975,Montessori School on Camp Bowie,FORT WORTH,1801 ASHLAND AVE,76107 3809,The Montessori School on Camp Bowie,4.7,12.0,5,high_confidence,30.9,0,0,0,0,0,27,2.455,0.182
ChIJZ3dMWZK2QIYRY9S9nokfil8,0,2,4,0,0,5,0,150,2025-07-14,"School Age Care,Before School Care,Meals Provided ,After School Care,Snacks Provided,Skill Classes,Part Time Care,Transportation to/from School ,Field Trips",N,NO,NO,NO,1493382,KinderCare at Halliburton,HOUSTON,3000 N SAM HOUSTON PKWY E,77032 3219,KinderCare at Halliburton,,,0,high_confidence,0.5,0,0,0,0,0,6,1.2,0.0
ChIJZ3pLA89CXIYRHgk77tDb-_0,2,0,1,0,0,10,0,386,2008-10-08,"School Age Care,Meals Provided ,After School Care,Snacks Provided,Transportation to/from School ,Field Trips",N,NO,NO,NO,337081,Westover Learning Center,SAN ANTONIO,9340 WESTOVER HILLS BLVD,78251 2703,Westover Hills Learning Center,3.2,30.0,5,high_confidence,17.2,0,0,0,0,0,3,0.3,0.2
ChIJZ4TO_1bdQIYRMBfgLs6qiMg,22,28,11,2,0,19,1,48,2021-05-06,"School Age Care,Before School Care,Meals Provided ,After School Care,Snacks Provided,Drop-In Care,Part Time Care,Transportation to/from School ,Weekend Care,Field Trips",Y,NO,NO,NO,1340128,Kiz Planet Learning Center,HOUSTON,10880 BISSONNET ST,77099 2166,Kidz Planet Daycare & Learning Center,3.8,5.0,5,high_confidence,4.7,0,1,0,0,0,63,3.316,1.158
ChIJZ4ZR41rKRIYRBNI4FwXZnuA,1,4,2,2,0,9,1,55,2018-04-06,"School Age Care,Skill Classes,Part Time Care",Y,NO,NO,NO,1289966,Elements Preschool,AUSTIN,2205 OHLEN RD,78757 7744,Elements Preschool,5.0,8.0,5,high_confidence,7.7,0,1,0,0,0,9,1.0,0.111
ChIJZ4qOyL6NXIYRIRJvKKnFnSw,6,9,5,2,0,17,0,80,1989-03-10,Meals Provided,N,NO,NO,NO,105888,Holy Trinity Presbyterian Day,SAN ANTONIO,16245 NACOGDOCHES RD,78247 1004,Holy Trinity Presbyterian Day School,5.0,12.0,5,high_confidence,36.8,0,0,0,0,0,22,1.294,0.353
ChIJZ5HCwxNMW4YRVNkYP2tG6tA,0,0,2,0,0,6,0,28,2018-01-30,School Age Care,N,NO,NO,NO,1285435,Let it Shine Enrichment Academy,AUSTIN,3701 W SLAUGHTER LN,78749 5902,Let It Shine Enrichment Academy,5.0,9.0,5,high_confidence,7.9,0,0,0,0,0,2,0.333,0.0
ChIJZ6BHpiC1RIYRJ7HLIkM3ivA,2,11,7,0,0,17,0,133,2016-06-08,"After School Care,Drop-In Care,Part Time Care",Y,NO,NO,NO,1218081,Kinney Avenue Christian Preschool,AUSTIN,1801 KINNEY AVE,78704 3321,Kinney Avenue Christian Preschool,4.5,24.0,5,high_confidence,9.6,0,1,0,0,0,20,1.176,0.118
ChIJZ7kj_HONXIYRdVJdQJeVtzc,1,2,0,0,0,9,0,100,2014-05-30,"Meals Provided ,Snacks Provided,Field Trips",N,NO,NO,NO,1120832,Lost Creek Child Development Center,SAN ANTONIO,16352 JUDSON RD,78247 1401,Lost creek child development center,4.5,4.0,4,high_confidence,11.6,0,0,0,0,0,3,0.333,0.111
ChIJZ7mNOJBgXIYR4OFcT2xmZw8,0,2,1,0,1,8,0,160,1987-04-20,"Skill Classes,Part Time Care,Field Trips",N,NO,NO,NO,94988,Colonial Hills United Methodist School,SAN ANTONIO,5247 VANCE JACKSON RD,78230 4624,Colonial Hills United Methodist School,4.0,9.0,5,high_confidence,38.7,0,0,0,0,0,4,0.5,0.0
ChIJZ7xQ6nhbXIYR8deqwIwoGQw,7,9,5,0,0,18,0,111,2023-03-16,"School Age Care,Before School Care,After School Care,Snacks Provided,Drop-In Care,Part Time Care,Weekend Care,Night Care",Y,NO,NO,NO,1420725,"Owlates Childcare, LLC",SAN ANTONIO,1739 SW LOOP 410 STE 301,78227 1668,Owlates Childcare llc,5.0,6.0,5,high_confidence,2.8,0,1,0,0,0,21,1.167,0.389
ChIJZ8ODEkTKRIYRIhCwqWXzXLI,0,2,0,0,0,7,0,34,2025-05-15,"School Age Care,Drop-In Care,Part Time Care",N,NO,NO,NO,1492737,Colores Spanish Immersion Preschool,AUSTIN,4700 GROVER AVE,78756 3108,Colores Spanish Immersion Preschool,5.0,3.0,3,high_confidence,0.6,0,0,0,0,0,2,0.286,0.0
ChIJZ9bEu05fXIYRQOg9j8EzEFw,0,7,10,0,0,11,0,117,2019-03-01,"School Age Care,Meals Provided ,After School Care,Snacks Provided,Drop-In Care,Transportation to/from School ,Field Trips",Y,NO,NO,NO,1308797,The Next Step Learning Center LLC,SAN ANTONIO,5246 BLANCO RD,78216 7017,The Next Step Learning Center LLC,5.0,7.0,5,high_confidence,6.8,0,1,0,0,0,17,1.545,0.0
ChIJZQW3DyHFQIYRO1-Ob-zynQg,11,21,13,2,2,25,0,175,1986-01-29,"School Age Care,Before School Care,Accredited,Meals Provided ,After School Care,Snacks Provided,Drop-In Care,Part Time Care,Transportation to/from School ,Field Trips",Y,NO,NO,NO,97411,Spring Branch KinderCare,HOUSTON,10170 EMNORA LN,77080 5002,Spring Branch KinderCare,4.0,51.0,5,high_confidence,39.9,1,1,0,0,0,49,1.96,0.44
ChIJZTFkPZadQIYRDIcubvpv_sw,1,10,2,0,1,5,0,99,1997-08-04,Part Time Care,N,NO,NO,NO,148756,St. Paul Early Childhood Program,HOUSTON,18223 POINT LOOKOUT DR,77058 3516,St. Paul Early Childhood Program,5.0,7.0,5,high_confidence,28.4,0,0,0,0,0,14,2.8,0.2
ChIJZTqnfuqfToYRqWSwqj8NYF4,0,0,0,0,0,6,0,167,1992-05-05,Part Time Care,N,NO,NO,NO,95660,Northpark Presbyterian Day School,DALLAS,9555 N CENTRAL EXPY,75231 5001,NorthPark Presbyterian Day School,,,0,high_confidence,33.7,0,0,0,0,0,0,0.0,0.0
ChIJZUAnxaptToYRFj4-oRiFWhs,10,6,7,0,0,19,0,127,2022-01-04,"School Age Care,Before School Care,Meals Provided ,Snacks Provided,Drop-In Care,Skill Classes,Part Time Care,Transportation to/from School ,Field Trips",Y,NO,NO,NO,1382241,Super Kids Day Care,FORT WORTH,7383 S HULEN ST,76133 6616,Super Kids - Hulen,4.6,53.0,5,medium_confidence,4.0,0,1,0,0,0,23,1.211,0.526
ChIJZUG8doHDQIYRaLA9LOzd1KU,5,4,2,0,0,7,0,120,2026-02-13,"School Age Care,Before School Care,After School Care,Snacks Provided,Skill Classes,Part Time Care,Transportation to/from School",N,NO,NO,NO,1504655,Memorial Summer Camps and After School-Memorial Campus,HOUSTON,8572 KATY FWY STE 103,77024 1821,Elite University Summer Camps - Camp Memorial,5.0,2.0,2,medium_confidence,0.0,0,0,0,0,0,11,1.571,0.714
ChIJZUMawU5aXIYRnU7HmnPvTZ4,15,18,6,0,0,34,0,99,2016-08-12,"School Age Care,Before School Care,Meals Provided ,After School Care,Snacks Provided,Drop-In Care,Part Time Care,Transportation to/from School ,Field Trips",Y,NO,NO,NO,1234860,Kids Are Angels Learning Center,SAN ANTONIO,342 WHITEWOOD ST,78242 1419,Kids Are Angels Learning Center,4.2,16.0,5,high_confidence,9.4,0,1,0,0,0,39,1.147,0.441
ChIJZV0epFxxToYRvAC3NY8K934,2,3,7,1,0,16,0,76,2022-01-12,"School Age Care,After School Care,Snacks Provided,Part Time Care",Y,NO,NO,NO,1378472,Green Space Nature Preschool,FORT WORTH,2630 S POLARIS DR,76137 4803,Green Space Nature Preschool,4.7,11.0,5,high_confidence,4.0,0,1,0,0,0,13,0.812,0.125
ChIJZVQN-NjdQIYR6TOVnidOS7A,3,5,1,1,0,6,0,139,2018-11-02,"School Age Care,Before School Care,Meals Provided ,After School Care,Snacks Provided,Skill Classes,Part Time Care,Transportation to/from School ,Field Trips",Y,NO,NO,NO,1301191,Great Expectations Learning Center,HOUSTON,7055 HIGHWAY 6 S,77083 3305,Great Expectations Learning Center TRS 4 STARS,4.5,36.0,5,high_confidence,7.2,0,1,0,0,0,10,1.667,0.5
ChIJZW-i77X3XIYR6eHH7AUSzrE,6,18,13,1,0,21,0,18,2020-07-01,"Before School Care,Meals Provided ,After School Care,Snacks Provided,Part Time Care",Y,NO,NO,NO,1342509,Angel's Childcare,SAN ANTONIO,539 KATHY DR,78223 1279,Angel's Childcare,3.0,5.0,5,high_confidence,5.5,0,1,0,0,0,38,1.81,0.286
ChIJZW7AzbmZQIYRNSZfLvcGnc4,1,0,0,0,0,7,0,340,2020-02-19,"School Age Care,Accredited,After School Care,Snacks Provided,Drop-In Care,Part Time Care",N,NO,NO,NO,1337706,KCE Champions LLC @ Beta Flagship,HOUSTON,10929 ALMEDA GENOA RD,77034 3617,Champions at Beta Flagship,3.7,3.0,3,high_confidence,5.9,1,0,0,0,0,1,0.143,0.143
ChIJZWOrAUL2XIYRr_dt7n631EA,1,6,4,0,1,8,1,35,2007-01-22,"School Age Care,Meals Provided ,After School Care,Snacks Provided,Part Time Care",Y,NO,NO,NO,296629,Smart Start Child Care,SAN ANTONIO,1514 S GEVERS ST,78210 2448,Smart Start Child Care,4.6,10.0,5,high_confidence,18.9,0,1,0,0,0,12,1.5,0.125
ChIJZXRbC5G7QIYRvM_BXPfhlsM,32,52,30,2,0,49,3,41,2022-04-19,"School Age Care,Before School Care,Meals Provided ,After School Care,Snacks Provided,Drop-In Care,Part Time Care,Transportation to/from School",N,YES,NO,NO,1370656,"Academy of Little Achievers, LLC",HOUSTON,8238 TIDWELL RD,77028 1120,Academy of Little Achievers #3,5.0,3.0,3,high_confidence,3.7,0,0,1,0,0,116,2.367,0.653
ChIJZYL1CzylQIYRM-m3HxQUPLs,6,19,8,0,0,17,0,223,1994-01-14,"School Age Care,Before School Care,Meals Provided ,After School Care,Snacks Provided,Drop-In Care,Part Time Care,Transportation to/from School ,Field Trips",Y,NO,NO,NO,131719,Joanns Day Care and Camp,HOUSTON,12510 UNISON RD,77044 2324,Joann's Day Care,3.6,34.0,5,medium_confidence,32.0,0,1,0,0,0,33,1.941,0.353
ChIJZ_ED-zjCQIYRLogWZmA1gG8,28,57,24,4,6,38,7,102,2006-05-05,"School Age Care,Before School Care,Meals Provided ,After School Care,Snacks Provided,Drop-In Care,Part Time Care,Transportation to/from School ,Field Trips",Y,NO,NO,NO,293203,Sharpstown KinderCare,HOUSTON,6767 ROOKIN ST,77074 5017,Sharpstown KinderCare,4.4,59.0,5,high_confidence,19.7,0,1,0,0,0,119,3.132,0.737
ChIJZaMbSW-VQIYR4fJ-VRdzjmg,0,2,1,0,0,8,0,142,2025-11-05,"School Age Care,Before School Care,Meals Provided ,After School Care,Snacks Provided,Drop-In Care,Skill Classes,Part Time Care,Transportation to/from School ,Field Trips",N,NO,NO,NO,1505493,RIG Kidz Academy,HOUSTON,3730 S ACRES DR,77047 1020,RIG Kidz Academy,5.0,6.0,5,high_confidence,0.2,0,0,0,0,0,3,0.375,0.0
ChIJZac4zWdYXIYRDcR0z3KF6Uw,0,2,0,0,0,7,0,48,2020-03-30,"School Age Care,Meals Provided ,After School Care,Snacks Provided,Part Time Care,Transportation to/from School ,Field Trips",Y,NO,NO,NO,1350735,Lil Indians Learning Center LLC,SAN ANTONIO,6003 RETURN DR,78214 2163,Little Aly's Learning Center,5.0,6.0,5,medium_confidence,5.8,0,1,0,0,0,2,0.286,0.0
ChIJZbB9eyVdXIYR29p2otw8Yuw,2,4,2,1,0,12,1,78,2020-12-08,"School Age Care,Before School Care,Meals Provided ,After School Care,Snacks Provided,Part Time Care,Transportation to/from School ,Field Trips",Y,NO,NO,NO,1350378,Little Treehouse Early Learning Center #2,SAN ANTONIO,8373 CULEBRA RD STE 102B,78251 1890,Little Treehouse Early Learning Center #2,3.7,24.0,5,high_confidence,5.1,0,1,0,0,0,9,0.75,0.167
ChIJZcUxYLXRQIYR292P0hC8gb8,1,0,0,0,0,7,0,65,2024-07-01,"School Age Care,Before School Care,Meals Provided ,After School Care,Snacks Provided,Field Trips",Y,NO,NO,NO,1470027,First Class Childcare Center,HOUSTON,14159 NORTHWEST FWY,77040 5013,First Class Child Care Center,5.0,9.0,5,high_confidence,1.5,0,1,0,0,0,1,0.143,0.143
ChIJZcfNtB_NRIYRCklAX5UYTVY,0,0,0,0,0,5,0,51,2025-11-12,"School Age Care,Before School Care,After School Care,Drop-In Care,Part Time Care",N,NO,NO,NO,1504330,Casa Meraki School,AUSTIN,6915 MCNEIL DR,78729 7685,Casa Meraki Montessori Daycare and Preschool,4.9,30.0,5,medium_confidence,0.1,0,0,0,0,0,0,0.0,0.0
ChIJZe1HcbjQQIYRB4YDwsVeRls,1,5,0,2,0,9,3,95,1997-09-22,"School Age Care,Before School Care,Meals Provided ,After School Care,Snacks Provided,Part Time Care,Transportation to/from School ,Field Trips",Y,NO,NO,NO,148217,Discovery Years Learning Center,HOUSTON,6847 ADDICKS SATSUMA RD,77084 1515,Discovery Years Early Learning Center - Copperfield,4.9,54.0,5,medium_confidence,28.3,0,1,0,0,0,8,0.889,0.111
ChIJZeG1_VLLQIYRNmugimnXu-Y,2,4,4,0,2,3,0,64,2025-11-13,"School Age Care,Before School Care,After School Care,Transportation to/from School",N,NO,NO,NO,1516011,Rising Star Childcare,HOUSTON,921 FM 196O RD W.,77090,Rising Star Child Care Center,5.0,9.0,5,medium_confidence,0.1,0,0,0,0,0,12,4.0,0.667
ChIJZebea5EgTIYRtANSQ3zCxu8,6,12,10,1,1,17,0,91,2009-02-03,"School Age Care,Meals Provided ,Snacks Provided,Drop-In Care,Weekend Care,Night Care",N,NO,NO,NO,316874,Adventure Kids Playcare,DALLAS,5915 FOREST LN STE 330,75230 2883,Adventure Kids Playcare | North Dallas,3.7,98.0,5,medium_confidence,16.9,0,0,0,0,0,30,1.765,0.353
ChIJZxK6x1mQToYRZ37AGTOsPZM,0,5,6,0,0,6,0,120,2025-02-27,"School Age Care,Before School Care,Accredited,After School Care,Snacks Provided,Part Time Care",Y,NO,NO,NO,1482335,KCE Champions LLC @ IDEA A.W. Brown,DALLAS,5701 RED BIRD CENTER DR,75237 1917,IDEA A. W. Brown,,,0,medium_confidence,0.8,1,1,0,0,0,11,1.833,0.0
ChIJZxiA9CVdXIYRstkuUfnkyPc,8,17,4,0,0,22,0,47,2016-05-04,"School Age Care,Meals Provided ,After School Care,Snacks Provided,Part Time Care,Transportation to/from School ,Field Trips",Y,NO,NO,NO,1179658,T.O.P. Learning Center,SAN ANTONIO,8240 CULEBRA RD,78251 1635,Temple of Praise Learning Center,3.9,15.0,5,medium_confidence,9.7,0,1,0,0,0,29,1.318,0.364
ChIJZxnko1fcQIYRjhoU-XBKKqI,9,14,17,3,1,8,2,85,2012-04-03,"Before School Care,Meals Provided ,After School Care,Snacks Provided,Drop-In Care,Part Time Care,Transportation to/from School ,Field Trips",Y,NO,NO,NO,941470,Kiddies Excel Academy,HOUSTON,3330 S DAIRY ASHFORD RD STE D,77082 5554,Kiddies Excel Academy,3.4,8.0,5,high_confidence,13.7,0,1,0,0,0,44,5.5,1.125
ChIJZy0R1dmTToYRa2hkBO8F0tU,0,1,2,0,0,6,0,40,2025-07-29,"Meals Provided ,Snacks Provided,Drop-In Care,Part Time Care",N,NO,NO,NO,1494562,Tiny Tots Childcare LLC,DALLAS,3474 HIGHLAND RD STE 100,75228 6013,Tiny Tots University LLC,5.0,72.0,5,medium_confidence,0.4,0,0,0,0,0,3,0.5,0.0
ChIJZyPlrk7PQIYRbhZ778eWvR8,4,4,5,1,0,9,1,100,1998-02-27,"School Age Care,Before School Care,Meals Provided ,After School Care,Snacks Provided,Part Time Care,Transportation to/from School",Y,NO,NO,NO,147196,Thelma Cares Academy,HOUSTON,7343 ALABONSON RD,77088 5304,Thelma Cares Academy,3.9,25.0,5,high_confidence,27.8,0,1,0,0,0,14,1.556,0.444
ChIJZyhBvMDHQIYRQ8_aVIb0QHU,4,15,3,0,0,11,0,61,2016-04-06,"Meals Provided ,Snacks Provided,Skill Classes",N,NO,NO,NO,1213501,The Little Learning Place,HOUSTON,965 PINEMONT DR,77018 1401,The Little Learning Place,4.5,16.0,5,high_confidence,9.7,0,0,0,0,0,22,2.0,0.364
ChIJZz5wleLDQIYRifl8gX9xAp8,4,8,10,0,1,8,0,84,1988-04-15,,N,NO,NO,NO,104124,Montessori Learning Institute,HOUSTON,5812 MAPLE ST,77074 7845,Montessori Learning Institute,,,0,high_confidence,37.7,0,0,0,0,0,23,2.875,0.5
ChIJ_17vJD_dQIYR_JWLgsOD5VA,5,6,8,0,1,9,0,113,2024-03-06,"Meals Provided ,After School Care,Snacks Provided,Drop-In Care,Skill Classes,Part Time Care,Transportation to/from School ,Field Trips",Y,NO,NO,NO,1458061,Promise Kids Learning Academy,HOUSTON,11221 BISSONNET ST,77099 2047,Promise Kids Learning Academy,4.5,35.0,5,high_confidence,1.8,0,1,0,0,0,20,2.222,0.556
ChIJ_1kHBRaXQIYRGNHUDXIHiOY,0,1,0,0,0,7,0,50,2009-02-24,"School Age Care,After School Care,Snacks Provided,Part Time Care",N,NO,NO,NO,367588,KCE Champions LLC @ Moore Elementary,HOUSTON,8880 SOUTHBLUFF BLVD,77089 1035,Champions at Moore Elementary,5.0,2.0,2,high_confidence,16.9,0,0,0,0,0,1,0.143,0.0
ChIJ_3KNaiMhTIYRSMKOkLzI0_I,0,0,0,0,0,4,0,80,2025-09-05,"After School Care,Snacks Provided",N,NO,NO,NO,1511139,YMCA at Anne Frank Elementary School,DALLAS,5201 CELESTIAL RD,75254 7431,Anne Frank Elementary School,,,0,high_confidence,0.3,0,0,0,0,0,0,0.0,0.0
ChIJ_3QYfh3ZTYYRGBysVaNwGh8,8,1,1,0,0,25,0,194,2022-01-13,"Before School Care,Meals Provided ,After School Care,Snacks Provided,Part Time Care,Transportation to/from School",Y,NO,NO,NO,1383008,The Goddard School of Fort Worth,FORT WORTH,8600 CURRENCY DRIVE,76131,The Goddard School of Fort Worth - Northwest,4.5,47.0,5,high_confidence,4.0,0,1,0,0,0,10,0.4,0.32
ChIJ_4-EyXPKQIYRw_nGt4xd7uM,2,3,1,2,0,8,1,81,2018-03-08,"School Age Care,Before School Care,Meals Provided ,After School Care,Snacks Provided,Drop-In Care,Skill Classes,Part Time Care,Transportation to/from School ,Field Trips",Y,NO,NO,NO,1289183,Francois Academy Early Education,HOUSTON,1201 E AIRTEX DR STE F,77073 6331,Francois Academy Early Education,4.5,33.0,5,high_confidence,7.8,0,1,0,0,0,8,1.0,0.25
ChIJ_4Jwav3YQIYRBTM_aErC7Mc,27,17,10,0,0,27,1,85,2021-11-10,"Before School Care,Meals Provided ,After School Care,Snacks Provided,Drop-In Care,Part Time Care,Transportation to/from School ,Field Trips",Y,NO,NO,NO,1364247,Star Kiddos Child Care Center,HOUSTON,1855 BARKER CYPRESS RD,77084 7209,Star Kiddos Daycare Center,3.3,39.0,5,medium_confidence,4.1,0,1,0,0,0,54,2.0,1.0
ChIJ_6VZ3LfRQIYRXQ3hrEVtqO0,6,26,11,0,1,21,0,184,2022-12-20,"School Age Care,Before School Care,Accredited,Meals Provided ,After School Care,Snacks Provided,Drop-In Care,Part Time Care,Transportation to/from School ,Field Trips",Y,NO,NO,NO,1402495,Starting Point Childrens Center,HOUSTON,11025 RANCHSTONE DR,77064 7088,Starting Point Children's Center,4.1,26.0,5,high_confidence,3.0,1,1,0,0,0,44,2.095,0.286
ChIJ_76HtFncQIYRnaUUaFI2L7s,4,5,2,0,1,12,1,68,2011-10-10,"School Age Care,Before School Care,Meals Provided ,After School Care,Snacks Provided,Drop-In Care,Part Time Care,Transportation to/from School ,Field Trips",Y,NO,NO,NO,858578,All Star Kids Academy,HOUSTON,12610 RICHMOND AVE,77082 2242,All Star Kids Academy,4.2,46.0,5,high_confidence,14.2,0,1,0,0,0,12,1.0,0.333
ChIJ_7IiUOvDQIYR-4SZCLpsW18,1,4,4,0,1,9,0,64,2023-08-28,"Meals Provided ,Snacks Provided,Skill Classes,Part Time Care",Y,NO,NO,NO,1428578,Little Blooms Academy,HOUSTON,6415 SAN FELIPE ST STE D,77057 2700,Little Blooms Academy,4.5,46.0,5,high_confidence,2.3,0,1,0,0,0,10,1.111,0.111
ChIJ_Q2XuUxMW4YRYxaIPd6q7jE,2,4,1,0,0,15,0,99,2016-02-26,"School Age Care,Meals Provided ,After School Care,Snacks Provided,Part Time Care",Y,NO,NO,NO,1189919,First Class Child Development Center 3,AUSTIN,1901 NATIONAL PARK BLVD,78747,First Class Child Development Center,3.0,32.0,5,high_confidence,9.8,0,1,0,0,0,7,0.467,0.133
ChIJ_QlC6fW0RIYRsR4H1wJBaVk,0,2,2,0,0,6,0,34,2014-02-25,"Accredited,Meals Provided ,Snacks Provided",Y,NO,NO,NO,1135905,Travis High School Child Development Center,AUSTIN,1314 E OLTORF ST,78704 5714,Travis High School Child Development Center,,,0,high_confidence,11.8,1,1,0,0,0,4,0.667,0.0
ChIJ_RG-WhHfTYYRn-PI-GZFN34,14,17,12,0,0,23,0,110,2014-07-23,"School Age Care,Before School Care,Meals Provided ,After School Care,Snacks Provided,Part Time Care",Y,NO,NO,NO,1132870,Little America Daycare,FORT WORTH,933 RANCH RD,76131 4527,Little America Daycare,4.5,39.0,5,high_confidence,11.4,0,1,0,0,0,43,1.87,0.609
ChIJ_RXdQ2LcQIYR3KSrXwiLFmA,12,18,6,0,0,19,0,152,2017-08-02,"School Age Care,Before School Care,Meals Provided ,After School Care,Snacks Provided,Drop-In Care,Part Time Care,Transportation to/from School ,Field Trips",Y,NO,NO,NO,1269750,America's Choice Children Center,HOUSTON,1910 S DAIRY ASHFORD RD,77077 4704,America's Choice Childcare Center - Briarforest,4.2,45.0,5,medium_confidence,8.4,0,1,0,0,0,36,1.895,0.632
ChIJ_Wo8IKtcXIYRwTc08G87XC4,20,32,25,1,1,49,1,120,1986-09-29,"Accredited,After School Care,Drop-In Care,Skill Classes,Part Time Care,Transportation to/from School ,Field Trips",Y,YES,NO,NO,96652,La Petite Academy Marbach,SAN ANTONIO,8796 MARBACH RD,78227 2345,La Petite Academy on Marbach,3.7,49.0,5,high_confidence,39.3,1,1,1,0,0,79,1.612,0.408
ChIJ_WyQf4dLW4YR2GWJQq05rQM,4,0,2,0,0,10,1,34,2018-05-24,"Snacks Provided,Part Time Care,Field Trips",N,NO,NO,NO,1294143,Mama Melli Childcare Center,AUSTIN,10802 KIT CARSON DR,78737 9268,Mama Melli Childcare Center,4.9,26.0,5,high_confidence,7.6,0,0,0,0,0,6,0.6,0.4
ChIJ__-Py_qMXIYRuqJvu_EAzRE,5,3,1,0,1,17,0,97,2021-10-21,"School Age Care,Before School Care,Meals Provided ,After School Care,Snacks Provided,Drop-In Care,Part Time Care,Transportation to/from School ,Field Trips",Y,NO,NO,NO,1361438,Early Ivy Education - Live Oak,SAN ANTONIO,13134 INDEPENDENCE AVE,78233 4641,Early Ivy Education,4.8,24.0,5,medium_confidence,4.2,0,1,0,0,0,10,0.588,0.294
ChIJ__9v82fMRIYRFBb8kx1C0pI,0,1,1,0,0,6,0,49,1990-04-06,"School Age Care,Skill Classes,Part Time Care",N,NO,NO,NO,106022,Covenant United Methodist Church Preschool,AUSTIN,4410 DUVAL RD,78727 6808,Covenant United Methodist Church Preschool,5.0,5.0,5,high_confidence,35.7,0,0,0,0,0,2,0.333,0.0
ChIJ__UzHbK1RIYREmDSjs8FMDI,0,0,0,0,0,16,0,150,2024-05-28,"After School Care,Snacks Provided",Y,NO,NO,NO,1476106,River Ridge YMCA of Central Texas,AUSTIN,12900 TIERRA GRANDE TRL,78732 2464,Greater Austin YMCA - Central Offices,4.0,4.0,4,medium_confidence,1.6,0,1,0,0,0,0,0.0,0.0
ChIJ___DW7phXIYRQiZ3Fp0DOWA,3,8,1,0,0,10,0,98,1997-03-07,"Snacks Provided,Part Time Care,Field Trips",Y,NO,NO,NO,147404,Gan Gani Preschool,SAN ANTONIO,14541 BLANCO RD,78216 7857,Gan Gani Preschool,,,0,high_confidence,28.8,0,1,0,0,0,12,1.2,0.3
ChIJ___P-GqlQIYR8uRkQSWiniY,2,0,2,0,0,2,1,17,2026-03-06,"School Age Care,Before School Care,After School Care,Snacks Provided",N,NO,NO,NO,1511403,The Crayon Club,HOUSTON,13334 WALLISVILLE RD,77049 3914,crayon club,,,0,high_confidence,0.0,0,0,0,0,0,4,2.0,1.0
ChIJ___PcymLXIYRplGCjBAJPdo,10,17,11,3,0,29,1,24,2019-10-08,"School Age Care,Before School Care,Meals Provided ,After School Care,Snacks Provided,Drop-In Care,Part Time Care",Y,NO,NO,NO,1313506,Prodigal Sons & Daughters,SAN ANTONIO,3203 NACOGDOCHES RD STE 200,78217 3312,Prodigal Sons & Daughters Learning Center,4.3,12.0,5,medium_confidence,6.2,0,1,0,0,0,41,1.414,0.345
ChIJ___j5eZDXIYRxGA9_bx8JKY,21,75,21,0,0,159,3,81,2024-01-17,"Before School Care,Meals Provided ,After School Care,Snacks Provided,Drop-In Care,Part Time Care",Y,NO,NO,NO,1457033,Jumping Kangaroos Daycare LLC,SAN ANTONIO,9410 ADAMS HILL DR,78245 2005,Jumpingkangaroos Daycare LLC,4.4,49.0,5,high_confidence,2.0,0,1,0,0,0,117,0.736,0.132
ChIJ_aWNLd7fTYYRObLmTqsiEbs,3,7,5,0,0,14,0,50,2022-02-11,"School Age Care,Snacks Provided",Y,NO,NO,NO,1384634,Northwest YMCA Copper Creek Elementary,FORT WORTH,8801 COPPER MEADOW DR,76131 1674,Copper Creek Elementary School,,,0,medium_confidence,3.9,0,1,0,0,0,15,1.071,0.214
ChIJ_cRmXSkNToYRjLTsK_Wg6fQ,7,8,5,0,0,30,0,153,1985-11-25,"School Age Care,Before School Care,Accredited,Meals Provided ,After School Care,Snacks Provided,Drop-In Care,Part Time Care,Transportation to/from School ,Field Trips",Y,NO,NO,NO,94796,Marquita KinderCare,FORT WORTH,3700 MARQUITA DR,76116 7005,Marquita KinderCare,4.0,25.0,5,high_confidence,40.1,1,1,0,0,0,20,0.667,0.233
ChIJ_dLQO1_RQIYRSFBUH49UbfY,1,7,5,0,0,6,0,125,2018-01-19,"Snacks Provided,Part Time Care",Y,NO,NO,NO,1298823,Montessori Preschool at North Cypress,HOUSTON,11707 HUFFMEISTER RD STE A,77065 1064,Montessori Preschool at North Cypress,,,0,high_confidence,8.0,0,1,0,0,0,13,2.167,0.167
ChIJ_ffHvwyKXIYRGvpQvHYQfJc,1,1,0,0,0,17,0,301,1988-01-29,"Meals Provided ,After School Care,Snacks Provided,Part Time Care,Transportation to/from School ,Field Trips",Y,NO,NO,NO,103949,"Country Home Learning Center #2, LTD",SAN ANTONIO,104 GALLERIA FAIR,78232 2258,Country Home Learning Center at Hollywood Park,4.3,68.0,5,medium_confidence,37.9,0,1,0,0,0,2,0.118,0.059
ChIJ_xPLnYN6ToYR9iqDPFkT4Co,0,4,3,1,0,8,1,121,1993-06-28,Drop-In Care,Y,NO,NO,NO,130555,Fort Worth - Save Our Children,FORT WORTH,4215 AVENUE M,76105 2615,Ft Worth Save Our Children,4.7,14.0,5,high_confidence,32.5,0,1,0,0,0,8,1.0,0.0
ChIJ_y-yRz_KRIYRyPuDzkQtq-A,0,3,2,0,0,12,0,51,2020-01-13,"School Age Care,After School Care,Snacks Provided,Field Trips",Y,NO,NO,NO,1343206,Reilly EAC YMCA,AUSTIN,405 DENSON DR,78752 4116,Reilly Elementary School,,,0,medium_confidence,6.0,0,1,0,0,0,5,0.417,0.0
ChIJ_ytp-U5nXIYRqKB_ZSC0-ec,4,15,1,0,0,13,0,99,2025-11-19,"Meals Provided ,After School Care,Snacks Provided,Drop-In Care,Part Time Care,Transportation to/from School ,Field Trips",Y,NO,NO,NO,1492394,Wiggles Early Learning Academy,SAN ANTONIO,7790 MAINLAND DR,78250 6035,Wiggles Early Learning Academy,4.3,22.0,5,high_confidence,0.1,0,1,0,0,0,20,1.538,0.308
ChIJ_zWJK3KdToYRCECttHw8T2Q,0,1,1,0,0,9,1,119,2023-10-02,"Before School Care,Meals Provided ,After School Care,Snacks Provided,Drop-In Care,Part Time Care",N,NO,NO,NO,1433556,Youth Conversion @ Biomedical Preparatory,DALLAS,6516 FOREST PARK RD,75235 5415,Biomedical Preparatory at UT Southwestern,,,0,medium_confidence,2.3,0,0,0,0,0,2,0.222,0.0
ChIJa-hzFo_HQIYRielxPaAqOEM,1,10,6,1,0,7,1,44,2020-03-19,"School Age Care,Before School Care,Meals Provided ,Snacks Provided,Drop-In Care,Part Time Care",Y,NO,NO,NO,1342406,Reaching High Learning Center,HOUSTON,4302 DELHI ST,77022 4042,Reaching High Learning Center (Childcare on a higher level),5.0,13.0,5,medium_confidence,5.8,0,1,0,0,0,18,2.571,0.143
ChIJa0WpoY7MRIYRw9KTZ7SByac,1,6,4,0,1,9,0,51,2019-06-21,"Snacks Provided,Part Time Care",N,NO,NO,NO,1330755,International Montessori House of Children,AUSTIN,12412 TOMANET TRL,78758 2412,International Montessori - North Austin Campus,4.8,28.0,5,medium_confidence,6.5,0,0,0,0,0,12,1.333,0.111
ChIJa0bFeURlXIYRBDveXCu7tYc,3,2,0,0,0,12,0,282,2020-09-11,"School Age Care,Meals Provided ,Snacks Provided,Field Trips",N,NO,NO,NO,1349062,The Pineapple School - Camp Bullis,SAN ANTONIO,6185 CAMP BULLIS RD,78257 9730,The Pineapple School - Camp Bullis,4.0,12.0,5,high_confidence,5.3,0,0,0,0,0,5,0.417,0.25
ChIJa0rxIvPORIYRpcUOEyLwmaQ,38,26,14,0,0,68,2,108,2016-09-22,"School Age Care,Meals Provided ,After School Care,Snacks Provided,Field Trips",Y,NO,NO,NO,1255660,PISD Northwest Elementary Extended Day Program,AUSTIN,14014 THERMAL DR,78728 7424,Northwest Elementary School,,,0,medium_confidence,9.3,0,1,0,0,0,78,1.147,0.559
ChIJa1e5TDPHQIYRNRdSenpZStY,0,1,1,0,0,7,0,60,2019-01-15,,N,NO,NO,NO,1310804,The Preschool at Christ the King,HOUSTON,1201 SILBER RD,77055 7127,Christ the King Presbyterian Church,4.6,53.0,5,medium_confidence,7.0,0,0,0,0,0,2,0.286,0.0
ChIJa4G1tW7zXIYR3cNgKXlHHuw,6,8,4,0,0,24,0,550,2015-02-13,"Before School Care,Meals Provided ,After School Care,Snacks Provided,Transportation to/from School ,Field Trips",N,NO,NO,NO,1152532,Pre-K 4 SA East Education Center,SAN ANTONIO,5230 EISENHAUER RD,78218 3869,Pre-K 4 SA - East Education Center,4.1,28.0,5,high_confidence,10.9,0,0,0,0,0,18,0.75,0.25
ChIJa5-ZsN2jToYRZHL5QK8blg4,10,16,5,1,0,17,0,27,2025-03-05,"Before School Care,Meals Provided ,After School Care,Snacks Provided,Part Time Care,Transportation to/from School ,Weekend Care,Night Care",Y,NO,NO,NO,1480322,Luna Daycare,DALLAS,7011 MILITARY PKWY,75227 3804,Luna DayCare,5.0,10.0,5,high_confidence,0.8,0,1,0,0,0,32,1.882,0.588
ChIJa52kW2XMQIYR9OWRpa4yuSk,4,5,4,4,0,11,2,97,2013-07-30,"School Age Care,Before School Care,Meals Provided ,After School Care,Snacks Provided,Drop-In Care,Part Time Care,Transportation to/from School ,Weekend Care,Field Trips",Y,NO,NO,NO,1103908,Klever Kids Learning Academy LLC,HOUSTON,14503 BAMMEL NORTH HOUSTON RD STE 370,77014 1130,Klever Kids Learning Academy,5.0,3.0,3,high_confidence,12.4,0,1,0,0,0,17,1.545,0.364
ChIJa5Hz1gzBQIYRTluwjWI-71c,0,1,3,0,0,5,0,42,2009-11-20,"Meals Provided ,Snacks Provided",N,NO,NO,NO,482009,Bonne Vie School,HOUSTON,4711 INGERSOLL ST,77027 6601,Bonne Vie School,5.0,1.0,1,high_confidence,16.1,0,0,0,0,0,4,0.8,0.0
ChIJa5V6PalFrqYRsEiZBv3OjtQ,1,1,0,0,0,8,0,168,2025-11-26,"School Age Care,Before School Care,After School Care,Part Time Care,Field Trips",N,NO,NO,NO,1501387,Milestone Montessori,HOUSTON,3410 W DALLAS ST,77019 3807,Milestone Montessori,,,0,high_confidence,0.1,0,0,0,0,0,2,0.25,0.125
ChIJa6KXQcgfTIYRbuiV2qSTnz4,0,0,7,4,0,6,1,70,2013-10-22,"After School Care,Snacks Provided",Y,NO,NO,NO,1110038,Richardson ISD PACE-Audelia Creek Elementary,DALLAS,12600 AUDELIA RD,75243 2201,Audelia Creek Elementary School,,,0,medium_confidence,12.2,0,1,0,0,0,11,1.833,0.0
ChIJa9RbWZfPQIYRWNyvkR7tt68,2,3,0,0,0,10,0,116,2024-05-17,"School Age Care,Before School Care,Meals Provided ,After School Care,Snacks Provided,Transportation to/from School ,Field Trips",Y,NO,NO,NO,1465815,TALENTS CHILD CARE CENTER # 2,HOUSTON,8511 N HOUSTON ROSSLYN RD STE 150,77088 6435,TALENTS CHILD CARE CENTER #2,1.0,2.0,2,high_confidence,1.6,0,1,0,0,0,5,0.5,0.2
ChIJaRRTrUadToYRU6BVlL9Vm74,0,0,0,0,0,2,0,100,2025-12-31,"School Age Care,Before School Care,Accredited,Meals Provided ,After School Care,Snacks Provided,Part Time Care",N,NO,NO,NO,1519377,KCE Champions LLC @ Onesimo Hernandez,DALLAS,5555 MAPLE AVE,75235 7417,Champions at Montessori Academy at Onesimo Hernandez/Obadiah Knight Elementary,,,0,medium_confidence,0.0,1,0,0,0,0,0,0.0,0.0
ChIJaST6I5PXTYYRPuPvE9C0L_E,7,21,4,0,0,26,0,120,2019-02-27,"School Age Care,Meals Provided ,Snacks Provided,Skill Classes,Part Time Care,Transportation to/from School",Y,NO,NO,NO,1310185,Sunshine Montessori,FORT WORTH,7928 PARKWOOD HILL BLVD,76137 4318,Sunshine Montessori Preschool & Child Care Center,4.7,105.0,5,medium_confidence,6.8,0,1,0,0,0,32,1.231,0.269
ChIJaTB0aGzLRIYRtXnUC7ucVfI,14,24,4,0,1,43,1,396,2003-01-27,"After School Care,Drop-In Care,Part Time Care,Transportation to/from School",Y,YES,NO,NO,203121,Children's Courtyard,AUSTIN,4213 SPICEWOOD SPRINGS RD,78759 8610,The Children's Courtyard on Spicewood Springs Road,3.7,44.0,5,medium_confidence,22.9,0,1,1,0,0,43,1.0,0.326
ChIJaTNhz3FYXIYRfAYEFXDmd1o,0,0,1,0,0,5,0,49,2005-03-28,"Meals Provided ,After School Care,Snacks Provided",Y,NO,NO,NO,267773,Teeter Totter Child Care Center,SAN ANTONIO,6031 S FLORES ST STE 101,78214 2360,Teeter Totter Childcare,5.0,13.0,5,medium_confidence,20.8,0,1,0,0,0,1,0.2,0.0
ChIJaWbNd421RIYRgOrc_k1KAYk,1,13,5,0,0,9,0,224,2008-12-05,"Meals Provided ,After School Care,Snacks Provided,Part Time Care,Transportation to/from School ,Field Trips",Y,NO,NO,NO,399748,Escuelita Del Alma,AUSTIN,3613 BLUESTEIN DR,78721 2900,Escuelita Del Alma,4.5,38.0,5,high_confidence,17.1,0,1,0,0,0,19,2.111,0.111
ChIJaYNlOcOZToYRJcVyJ74Ow80,1,3,1,0,0,10,0,133,2018-08-07,"School Age Care,Before School Care,Meals Provided ,After School Care,Snacks Provided,Drop-In Care,Part Time Care,Transportation to/from School ,Night Care",Y,NO,NO,NO,1279483,Precious Kargo Academy,DALLAS,802 S BECKLEY AVE,75203 2806,Precious Kargo Academy- 24/7 Childcare Dallas,3.9,106.0,5,medium_confidence,7.4,0,1,0,0,0,5,0.5,0.1
ChIJaZSVQjSfToYR5DbDmYd1NXM,1,2,1,1,0,12,0,85,2019-04-16,"School Age Care,After School Care,Snacks Provided",N,NO,NO,NO,1314744,YMCA @ Solar Prep for Boys,DALLAS,1802 MOSER AVE,75206 7537,Solar Preparatory School for Boys,,,0,medium_confidence,6.7,0,0,0,0,0,5,0.417,0.083
ChIJaaTGK8AyW4YR59mOPKUKMOg,0,0,1,0,0,4,0,100,2024-06-12,"School Age Care,After School Care,Snacks Provided",Y,NO,NO,NO,1478162,Anderson Mill YMCA of Central Texas,AUSTIN,10610 SALT MILL HOLW,78750 1624,Anderson Mill Elementary IB World School,,,0,medium_confidence,1.6,0,1,0,0,0,1,0.25,0.0
ChIJaaiDnLm5RIYRD7hhTbhK1Xo,0,0,0,0,0,1,0,30,2026-03-31,"School Age Care,Before School Care,After School Care,Snacks Provided,Drop-In Care,Part Time Care",N,NO,NO,NO,1524249,Right at School at Hornsby-Dunlap Elementary,AUSTIN,4601 HOUND DOG TRL,78725 4404,Hornsby-Dunlap Elementary School,,,0,high_confidence,0.0,0,0,0,0,0,0,0.0,0.0
ChIJacgVC9h3ToYRyyajaPderkk,1,2,2,0,1,12,1,50,1994-02-18,"School Age Care,Before School Care,After School Care,Snacks Provided,Drop-In Care",Y,NO,NO,NO,131611,Clayton Youth Enrichment @ Parkview Elementary,FORT WORTH,6900 BAYBERRY DR,76137 1740,Parkview Elementary School,,,0,medium_confidence,31.9,0,1,0,0,0,6,0.5,0.083
ChIJaerIGQlnXIYRxVcF1G7N5p4,4,3,6,1,0,7,0,179,2025-02-06,"School Age Care,Before School Care,Meals Provided ,After School Care,Snacks Provided,Part Time Care,Transportation to/from School",Y,NO,NO,NO,1482695,Little Red Caboose -Edquisitive Montessori,SAN ANTONIO,6304 BABCOCK RD,78240 2515,Little Red Caboose - Edquisitive Montessori,,,0,high_confidence,0.9,0,1,0,0,0,14,2.0,0.571
ChIJaw5iT2_XQIYR-61hkSbFVSU,4,7,5,0,1,17,0,135,1986-02-15,"Accredited,After School Care,Drop-In Care,Transportation to/from School ,Field Trips",Y,NO,NO,NO,101519,The Bear Creek KinderCare,HOUSTON,17527 W LITTLE YORK RD,77084 6306,The Bear Creek KinderCare,4.6,33.0,5,high_confidence,39.9,1,1,0,0,0,17,1.0,0.235
ChIJaz8weQDHQIYRGPwfLPaqCOc,2,6,9,2,0,5,1,148,2020-02-20,"School Age Care,Before School Care,After School Care,Skill Classes,Field Trips",N,NO,NO,NO,1334826,GOSWAMI ACADEMY,HOUSTON,1610 W 34TH 1/2 ST,77018 6233,Goswami Academy,,,0,high_confidence,5.9,0,0,0,0,0,19,3.8,0.4
ChIJazHjcYNLW4YROlRLQ8oLPAk,6,9,4,0,0,16,0,109,2010-11-15,"School Age Care,Snacks Provided,Skill Classes,Part Time Care",N,NO,NO,NO,672329,Childrens Discovery Center,AUSTIN,3515 CONVICT HILL RD,78749 2521,Children's Discovery Center South,4.0,31.0,5,high_confidence,15.1,0,0,0,0,0,19,1.188,0.375
ChIJb-dqJcFzToYRGq4ThnYx0is,0,0,0,0,0,6,0,105,1986-04-22,Field Trips,N,NO,NO,NO,95508,Fort Worth Museum Preschool,FORT WORTH,1600 GENDY ST,76107 4062,Fort Worth Museum of Science and History,4.4,5207.0,5,medium_confidence,39.7,0,0,0,0,0,0,0.0,0.0
ChIJb2-_7EogTIYRAvOW-BIx_BU,0,3,1,1,0,7,1,112,1986-02-06,"Accredited,Part Time Care",N,NO,NO,NO,96496,Spring Valley United Methodist,DALLAS,7700 SPRING VALLEY RD,75254 2840,Spring Valley United Methodist Church,4.9,8.0,5,high_confidence,39.9,1,0,0,0,0,5,0.714,0.0
ChIJb20rr0mzRIYRUbHyKs4RXbg,0,2,0,0,0,5,0,56,2026-01-30,"School Age Care,Snacks Provided",N,NO,NO,NO,1509881,Kipp Austin Paseo EAC YMCA,AUSTIN,6800 METROPOLIS DR.,78744,KIPP Paseo Preparatory,,,0,medium_confidence,0.0,0,0,0,0,0,2,0.4,0.0
ChIJb2gZbAC_QIYRUJ4wEwkcTUI,3,3,2,0,0,8,0,105,2024-09-03,"School Age Care,Before School Care,Meals Provided ,After School Care,Snacks Provided,Drop-In Care,Skill Classes,Part Time Care,Field Trips",Y,NO,NO,NO,1468958,Growth Academy Courage,HOUSTON,4304 LA BRANCH ST,77004,Growth Academy,5.0,38.0,5,medium_confidence,1.3,0,1,0,0,0,8,1.0,0.375
ChIJb3G41AO_QIYRAb8VjvAvW74,0,1,0,0,0,3,0,156,2026-01-23,"Snacks Provided,Drop-In Care,Skill Classes,Part Time Care",N,NO,NO,NO,1519901,Kido International Preschool Midtown,HOUSTON,3401 LOUISIANA ST,77002 9556,Kido Midtown International Preschool & Daycare,5.0,6.0,5,high_confidence,0.0,0,0,0,0,0,1,0.333,0.0
ChIJb4-jevCeToYRsAAIMdf-sP8,0,5,1,0,0,10,0,68,2017-02-10,"Accredited,Snacks Provided,Part Time Care",N,NO,NO,NO,1249317,YMCA of Metropolitan Dallas Park Cities Rise School,DALLAS,6000 PRESTON RD,75205 2020,Moody Family YMCA in the Park Cities,4.6,343.0,5,medium_confidence,8.9,1,0,0,0,0,6,0.6,0.0
ChIJb4KxFn2RToYRvmcipGImZq0,7,14,5,0,0,11,1,83,2022-12-22,"School Age Care,Before School Care,Meals Provided ,After School Care,Snacks Provided,Drop-In Care,Part Time Care,Transportation to/from School",Y,NO,NO,NO,1430876,Golden Eagle Program,DALLAS,3721 W CAMP WISDOM RD,75237 2509,Golden Eagle Program,4.8,5.0,5,high_confidence,3.0,0,1,0,0,0,26,2.364,0.636
ChIJb5svjpNLW4YRTWbTqPjQ5wE,0,6,1,0,0,8,0,129,1986-12-23,"School Age Care,After School Care,Snacks Provided,Skill Classes,Part Time Care",N,NO,NO,NO,102305,Abiding Love Lutheran Child Development Center,AUSTIN,4612 CONVICT HILL RD,78749 2347,Abiding Love Lutheran Children’s Center,,,0,high_confidence,39.0,0,0,0,0,0,7,0.875,0.0
ChIJb6wKeM3rQIYR4tCUmZ4QfWk,4,6,4,1,0,8,1,260,2018-04-26,"School Age Care,Meals Provided ,Snacks Provided,Field Trips",Y,NO,NO,NO,1304098,YMCA Day Camp @ West Orem,HOUSTON,5801 W OREM DR,77085 1267,West Orem Family YMCA,4.5,110.0,5,medium_confidence,7.7,0,1,0,0,0,15,1.875,0.5
ChIJb7t8SVFZXIYRg5Br-qr98bM,15,14,4,0,0,44,0,204,1985-10-11,"After School Care,Drop-In Care,Transportation to/from School ,Field Trips",Y,NO,NO,NO,94693,Madonna Center,SAN ANTONIO,1906 CASTROVILLE RD,78237 3626,Madonna Neighborhood Center,4.3,128.0,5,medium_confidence,40.2,0,1,0,0,0,33,0.75,0.341
ChIJb8WZQevIQIYRTM_dQSe8q5A,6,6,9,1,0,9,1,104,2009-01-20,"School Age Care,Before School Care,Meals Provided ,After School Care,Snacks Provided,Transportation to/from School ,Field Trips",Y,NO,NO,NO,359288,Kollege 4 Kidz Learning Center,HOUSTON,9999 W MONTGOMERY RD STE D,77088 3100,Kollege 4 Kidz,5.0,6.0,5,medium_confidence,16.9,0,1,0,0,0,22,2.444,0.667
ChIJb9Cg72eVQIYRnyNoMAnGgMw,9,14,10,3,0,14,2,52,1986-10-15,"School Age Care,Before School Care,Meals Provided ,After School Care,Snacks Provided,Drop-In Care,Skill Classes,Part Time Care,Transportation to/from School",Y,NO,NO,NO,97753,Walkers Day Care,HOUSTON,8432 LIVINGSTON ST,77051 1423,Walker's Day Care Center Inc,2.3,31.0,5,medium_confidence,39.2,0,1,0,0,0,36,2.571,0.643
ChIJb9GEXLPZQIYRnjCZu1QXXaY,4,4,1,0,1,13,0,156,2016-11-28,"School Age Care,Before School Care,After School Care,Snacks Provided,Part Time Care,Transportation to/from School",Y,NO,NO,NO,1246728,The Goddard School,HOUSTON,3655 BARKER CYPRESS RD,77084 3928,The Goddard School of Houston - Barker Cypress,4.9,39.0,5,medium_confidence,9.1,0,1,0,0,0,10,0.769,0.308
ChIJb9S0sfIgTIYRpZJlH-pGn14,6,5,6,0,0,11,0,594,2009-08-04,"Meals Provided ,Skill Classes,Part Time Care",N,NO,NO,NO,487188,Dallas International School,DALLAS,6039 CHURCHILL WAY,75230 1801,Dallas International School,,,0,high_confidence,16.4,0,0,0,0,0,17,1.545,0.545
ChIJbSBRdeHJRIYRHa4jtyW-25c,2,15,7,4,0,11,3,47,2021-03-16,"School Age Care,Meals Provided ,After School Care,Snacks Provided,Drop-In Care,Part Time Care,Field Trips",Y,NO,NO,NO,1373248,Happy Kids Day Care,AUSTIN,5709 MANOR RD,78723 3626,Happy Kids,4.6,7.0,5,medium_confidence,4.8,0,1,0,0,0,28,2.545,0.182
ChIJbSHKBiudQIYR5VTJy26flKM,0,1,0,1,0,8,1,167,2025-09-26,"School Age Care,Before School Care,Meals Provided ,After School Care,Snacks Provided,Part Time Care",N,NO,NO,NO,1498913,The Learning Experience,HOUSTON,16216 MOON ROCK DR,77062 6261,The Learning Experience - Clear Lake,4.8,31.0,5,medium_confidence,0.3,0,0,0,0,0,2,0.25,0.0
ChIJbSvrueG0RIYRxmI7kMMuRAY,9,0,12,3,6,90,9,193,2020-01-24,"School Age Care,After School Care,Snacks Provided,Field Trips",Y,NO,NO,NO,1343661,Becker EAC YMCA,AUSTIN,906 W MILTON ST,78704 3436,Becker Elementary School,,,0,medium_confidence,5.9,0,1,0,0,0,30,0.333,0.1
ChIJbU1cNXJYXIYRJr0B2WR_emI,6,13,6,3,0,17,2,34,2004-11-15,"School Age Care,After School Care,Drop-In Care,Part Time Care",Y,NO,NO,NO,257924,Tot Spot Learning Center,SAN ANTONIO,6503 S FLORES ST,78214 2627,Tot Spot Learning Center,4.1,17.0,5,high_confidence,21.1,0,1,0,0,0,28,1.647,0.353
ChIJbUD023-75BQRB7yWy07N9NA,1,3,2,0,0,8,1,80,2023-04-05,"School Age Care,Meals Provided ,Snacks Provided,Part Time Care,Field Trips",N,NO,NO,NO,1419584,YMCA Gililland Elementary,FORT WORTH,701 WAGGOMAN RD,76131 1141,L. A. Gililland Elementary,,,0,high_confidence,2.7,0,0,0,0,0,6,0.75,0.125
ChIJbUS3l7EzW4YRHk7REQPyonc,4,5,1,1,0,16,0,144,2023-01-03,"Meals Provided ,Snacks Provided",N,NO,NO,NO,1410219,Anderson Mill KinderCare,AUSTIN,9706 ANDERSON MILL RD,78750 2226,Anderson Mill KinderCare,4.1,25.0,5,high_confidence,3.0,0,0,0,0,0,11,0.688,0.25
ChIJbVl8wyXNRIYR8DkT67Uzyvk,0,0,2,0,0,6,0,270,2016-02-09,"Snacks Provided,Skill Classes,Part Time Care",N,NO,NO,NO,1195318,Challenger School,AUSTIN,13015 POND SPRINGS RD,78729 7606,Challenger School - Pond Springs,4.8,16.0,5,medium_confidence,9.9,0,0,0,0,0,2,0.333,0.0
ChIJbVm0tgTdQIYRCYXKLzXs1V8,7,13,9,4,1,11,1,240,2020-01-02,"Meals Provided ,Snacks Provided,Part Time Care",N,NO,NO,NO,1334733,MOLO Bilingual Montessori School,HOUSTON,3535 WILCREST DR,77042 4868,MOLO Bilingual Montessori School,4.8,26.0,5,high_confidence,6.0,0,0,0,0,0,34,3.091,0.636
ChIJbWTgdpC9QIYR22RHzauvRr4,1,3,1,2,0,8,1,97,2014-02-18,"Meals Provided ,Snacks Provided",N,NO,NO,NO,1120769,Raul Yzaguirre Head Start,HOUSTON,2950 BROADWAY ST BLDG F,77017 1706,Raul Yzaguirre Schools for Success,,,0,medium_confidence,11.9,0,0,0,0,0,7,0.875,0.125
ChIJbX3pPgCdQIYRvVW3BhUsUzE,4,4,2,2,1,13,2,264,1987-01-20,"Skill Classes,Part Time Care",N,NO,NO,NO,96830,ST Bernadette Pre School,HOUSTON,15500 EL CAMINO REAL,77062 4016,Saint Bernadette Catholic Preschool and Mother's Day Out,,,0,medium_confidence,38.9,0,0,0,0,0,13,1.0,0.308
ChIJbXVtiGLcQIYRL_9qYuo29ZE,5,10,5,1,1,9,2,73,2008-11-19,"School Age Care,Before School Care,Meals Provided ,After School Care,Snacks Provided,Drop-In Care,Part Time Care,Transportation to/from School",Y,NO,NO,NO,350744,Elena's Day Care,HOUSTON,12543 WESTELLA DR STE A,77077 3931,Elena's Day Care & Learning Center,4.4,47.0,5,medium_confidence,17.1,0,1,0,0,0,22,2.444,0.556
ChIJbY4kUCbCQIYRHVGtTQ8XpUE,8,2,3,0,1,41,0,999,1986-01-02,"School Age Care,Before School Care,Meals Provided ,After School Care,Snacks Provided,Drop-In Care,Part Time Care,Transportation to/from School ,Weekend Care,Field Trips,Night Care",Y,NO,NO,NO,101244,Robindell Private School,HOUSTON,6610 ALDER DR,77081 5202,Robindell Private School,3.5,112.0,5,high_confidence,40.0,0,1,0,0,0,14,0.341,0.195
ChIJbYN7owTRQIYReSQxjPFeGcI,3,11,4,1,0,10,0,79,2022-09-08,"School Age Care,Before School Care,Meals Provided ,After School Care,Snacks Provided,Drop-In Care,Part Time Care,Weekend Care",Y,NO,NO,NO,1396662,Shining Star Kids,HOUSTON,15226 WEST RD,77095 1916,Shining Star Kids,4.9,51.0,5,high_confidence,3.3,0,1,0,0,0,19,1.9,0.3
ChIJbZ0uyiMzW4YRc9QqoEYTViM,0,1,0,0,0,9,0,231,2025-05-19,"School Age Care,Before School Care,Meals Provided ,After School Care,Snacks Provided,Part Time Care",N,NO,NO,NO,1492680,The Learning Experience,AUSTIN,11624 ANDERSON MILL RD,78750,The Learning Experience - Anderson Mill,5.0,54.0,5,medium_confidence,0.6,0,0,0,0,0,1,0.111,0.0
ChIJbZloWzW3RIYRKLI0YzRaJ90,1,5,12,0,1,11,0,24,2021-01-14,Snacks Provided,Y,NO,NO,NO,1343745,Mariposa Family Learning Center,AUSTIN,403 VARGAS RD,78741 2454,Mariposa Family Learning Center,5.0,1.0,1,high_confidence,5.0,0,1,0,0,0,19,1.727,0.091
ChIJbZm3K-qZToYR6xz4YgibugQ,3,5,0,0,0,8,0,35,2016-12-13,"Drop-In Care,Part Time Care",Y,NO,NO,NO,1245731,Beautiful Beginners Christian Academy #2,DALLAS,1600 PENNSYLVANIA AVE,75215 3239,Beautiful Beginners Christian Academy,5.0,10.0,5,high_confidence,9.1,0,1,0,0,0,8,1.0,0.375
ChIJb_fkbj_MRIYR7L7LkLXP8hA,5,5,6,0,0,9,2,35,2009-01-27,"School Age Care,Accredited,After School Care",Y,NO,NO,NO,365187,Apples Greatest Beginnings 1,AUSTIN,12207 BRIGADOON LN,78727 5345,Apples Greatest Beginnings 1,,,0,high_confidence,16.9,1,1,0,0,0,16,1.778,0.556
ChIJbcdKp6DfTYYR9pjXwGAVWXc,2,0,1,0,0,4,1,196,2026-01-22,"School Age Care,Before School Care,Meals Provided ,After School Care,Snacks Provided,Drop-In Care,Part Time Care,Transportation to/from School ,Field Trips",N,NO,NO,NO,1519527,My Small Wonders #308,FORT WORTH,700 W BONDS RANCH RD,76131 3906,My Small Wonders,3.3,21.0,5,high_confidence,0.0,0,0,0,0,0,3,0.75,0.5
ChIJbdoDjRPSQIYRJ5h6yy8x9y8,5,11,9,2,0,10,2,68,2012-10-04,"Meals Provided ,Snacks Provided,Drop-In Care,Skill Classes,Part Time Care",N,NO,NO,NO,1005110,Kids R Happy,HOUSTON,10502 GRANT RD,77070 4408,Kids R Happy daycare,4.9,51.0,5,medium_confidence,13.2,0,0,0,0,0,27,2.7,0.5
ChIJbdvN4fBdXIYRS14vASBk3Gg,1,3,6,0,0,12,0,101,2016-04-22,"School Age Care,Before School Care,Meals Provided ,After School Care,Snacks Provided,Drop-In Care,Part Time Care,Transportation to/from School",Y,NO,NO,NO,1241691,Kid's Campus Child Care,SAN ANTONIO,7271 WURZBACH RD STE 125,78240 4718,Kids' Campus ChildCare,4.8,40.0,5,medium_confidence,9.7,0,1,0,0,0,10,0.833,0.083
ChIJbeWXTc2YToYRTgobRa79dIU,4,6,2,0,0,10,1,74,1986-08-08,"Accredited,Meals Provided ,Snacks Provided",N,NO,NO,NO,94239,ChildCareGroup at Landauer,DALLAS,4539 MUNGER AVE,75204 4775,Child Care Group,4.1,7.0,5,medium_confidence,39.4,1,0,0,0,0,12,1.2,0.4
ChIJbfo5ngqfToYRUL1tNRuBLcc,6,8,4,0,0,22,0,153,1986-12-04,"School Age Care,Accredited,After School Care,Snacks Provided,Skill Classes,Part Time Care",N,NO,NO,NO,100115,Saint Christopher Montessori,DALLAS,7900 LOVERS LN,75225 8200,St. Christopher's Montessori School,,,0,medium_confidence,39.1,1,0,0,0,0,18,0.818,0.273
ChIJbw9pmufPQIYR_UciCLoqHak,0,1,1,0,0,4,0,101,2026-01-26,"School Age Care,Before School Care,Meals Provided ,After School Care,Snacks Provided,Drop-In Care,Part Time Care,Transportation to/from School ,Field Trips",N,NO,NO,NO,1507137,Knowledge Krate Early Learning Center,HOUSTON,7424 FAIRBANKS N HOUSTON RD,77040 2502,The Knowledge Krate Early Learning Center,5.0,2.0,2,high_confidence,0.0,0,0,0,0,0,2,0.5,0.0
ChIJbwqot-egToYR1dFSr3bmAS0,3,5,7,0,0,9,0,100,1986-01-21,"School Age Care,Skill Classes,Field Trips",N,NO,NO,NO,94225,Bethel Early Learning Center,DALLAS,11211 E NORTHWEST HWY,75238 3826,Bethel Early Learning Center,3.8,5.0,5,high_confidence,39.9,0,0,0,0,0,15,1.667,0.333
ChIJbxX4DZiXQIYRUu3WO3KMvPo,6,18,12,3,0,12,1,69,2014-05-22,"School Age Care,Before School Care,Meals Provided ,After School Care,Snacks Provided,Part Time Care,Transportation to/from School ,Weekend Care,Field Trips",Y,NO,NO,NO,1127929,New Adventures Learning Center/Child Care,HOUSTON,1515 ELTON ST,77034 1022,New Adventures day care,3.6,17.0,5,medium_confidence,11.6,0,1,0,0,0,39,3.25,0.5
ChIJc23eT7KQQIYR1DSt7eIJnqM,1,1,13,1,0,6,0,59,2003-10-23,"School Age Care,Before School Care,Meals Provided ,After School Care,Snacks Provided,Skill Classes,Part Time Care,Transportation to/from School ,Field Trips",Y,NO,NO,NO,224614,New Covenant Christian Church Daycare,HOUSTON,10603 BLACKHAWK BLVD BLDG B,77089 2831,New Covenant Christian Church,4.6,27.0,5,high_confidence,22.2,0,1,0,0,0,16,2.667,0.167
ChIJc287YHDcQIYRtSmE6mMECRA,4,7,8,1,0,10,2,75,2010-02-24,"School Age Care,After School Care,Snacks Provided,Drop-In Care,Part Time Care",N,NO,NO,NO,516688,KLC School Partnerships DBA Champions at Daily Elementary,HOUSTON,12909 BRIAR FOREST DR,77077 2005,Champions at Daily Elementary,5.0,5.0,5,medium_confidence,15.9,0,0,0,0,0,20,2.0,0.4
ChIJc3ISk37fTYYRlwa1xXf9h-Y,2,2,1,1,0,10,0,119,2018-02-15,"Before School Care,Meals Provided ,After School Care,Snacks Provided,Part Time Care,Transportation to/from School ,Field Trips",Y,NO,NO,NO,1283095,KCE Champions LLC @ ILTX-Saginaw,FORT WORTH,500 OLD DECATUR RD,76179,Champions at International Leadership of Texas - Saginaw K-8,4.4,9.0,5,medium_confidence,7.9,0,1,0,0,0,6,0.6,0.2
ChIJc492KRrzXIYR4aZvpsnIxIw,14,33,11,1,0,36,1,99,2020-09-29,"Meals Provided ,After School Care,Snacks Provided,Field Trips",Y,NO,NO,NO,1343805,Tree House Christian Learning Center,SAN ANTONIO,6035 FM 78 BLDG 2,78244 1010,TreeHouse Christian Learning Center,3.7,3.0,3,high_confidence,5.3,0,1,0,0,0,59,1.639,0.389
ChIJc49tbFO7ToYRNYx8PxaqoyM,0,2,1,0,0,8,1,33,2016-09-26,"School Age Care,Before School Care,Meals Provided ,After School Care,Snacks Provided,Drop-In Care,Part Time Care,Field Trips",Y,NO,NO,NO,1250932,Smile of A Child Learning Center,DALLAS,515 N SAINT AUGUSTINE DR,75217 4110,Smile Of A Child Learning Center,4.4,18.0,5,high_confidence,9.3,0,1,0,0,0,3,0.375,0.0
ChIJc4Y2RqpnXIYRNeKIUg0py1I,1,7,8,0,0,13,0,108,2012-08-24,"Meals Provided ,Snacks Provided,Part Time Care,Field Trips",Y,NO,NO,NO,1085568,Boone Elementary Head Start,SAN ANTONIO,6614 SPRINGTIME,78249,Murray E. Boone Elementary School,,,0,medium_confidence,13.4,0,1,0,0,0,16,1.231,0.077
ChIJc53W1Qm2RIYR9NFpOV3JNl4,4,3,3,1,0,12,1,96,2015-12-31,Snacks Provided,N,NO,NO,NO,1229043,Green Sprout Preschool,AUSTIN,2108 E M FRANKLIN AVE,78723 5833,Green Sprout Preschool,5.0,7.0,5,high_confidence,10.0,0,0,0,0,0,11,0.917,0.333
ChIJc73moEpdXIYR2Y8XX_3aLyo,9,8,2,0,0,34,0,200,2006-02-13,"School Age Care,Meals Provided ,After School Care,Snacks Provided,Transportation to/from School ,Field Trips",Y,NO,NO,NO,286004,Mi Casa Child Care Center,SAN ANTONIO,8875 TIMBER PATH,78250 4342,Mi Casa Child Center,4.7,47.0,5,high_confidence,19.9,0,1,0,0,0,19,0.559,0.265
ChIJc7BaQGHXQIYRpbvUxYaj6tI,3,5,5,1,0,13,0,300,2002-06-20,"School Age Care,Meals Provided ,After School Care,Snacks Provided,Part Time Care,Field Trips",Y,NO,NO,NO,199352,Brookhollow Christian Academy,HOUSTON,5725 QUEENSTON BLVD,77084 6409,Brookhollow Christian Academy,,,0,high_confidence,23.5,0,1,0,0,0,14,1.077,0.231
ChIJc8YPN3_zXIYRo8gjGBN2LBQ,5,7,2,0,0,20,1,84,2015-01-07,"School Age Care,Before School Care,Meals Provided ,After School Care,Snacks Provided,Drop-In Care,Skill Classes,Part Time Care,Transportation to/from School ,Weekend Care",Y,NO,NO,NO,1129755,Future Moguls Learning Center,SAN ANTONIO,5203 EISENHAUER RD STE 101,78218 3865,Future Moguls Learning Center,4.2,49.0,5,high_confidence,11.0,0,1,0,0,0,14,0.7,0.25
ChIJc98S1gmkQIYR6wJlTgFVc8k,1,3,4,2,0,6,2,61,2005-02-09,"School Age Care,Before School Care,After School Care,Snacks Provided",N,NO,NO,NO,233098,Family Christian Academy,HOUSTON,14718 WOODFORD DR,77015 3223,Family Christian Academy,,,0,high_confidence,20.9,0,0,0,0,0,10,1.667,0.167
ChIJc9B41C7EQIYR8XLRqUBXmHU,2,0,0,0,0,4,0,75,2025-08-01,"School Age Care,Before School Care,Meals Provided ,After School Care,Snacks Provided,Transportation to/from School",N,NO,NO,NO,1506801,Learn & Play Academy,HOUSTON,9022 LONG POINT RD,77055 4610,Learn & Play Academy,4.8,25.0,5,high_confidence,0.4,0,0,0,0,0,2,0.5,0.5
ChIJcQI717pxToYRR2e22Y_012g,1,1,1,0,0,13,0,81,2017-09-22,"School Age Care,Before School Care,Accredited,Meals Provided ,After School Care,Snacks Provided",Y,NO,NO,NO,1254612,Perfect Praise Academy,FORT WORTH,2409 LOUISIANA AVE,76104 6402,Perfect Praise Academy,3.7,9.0,5,high_confidence,8.3,1,1,0,0,0,3,0.231,0.077
ChIJcQqbrb9eXIYREWvBCg3c_o4,6,11,4,1,0,13,1,80,2003-03-06,"School Age Care,After School Care,Part Time Care,Transportation to/from School ,Field Trips",Y,NO,NO,NO,206261,All My Children,SAN ANTONIO,627 N GENERAL MCMULLEN DR,78228 6216,All my Children Daycare,3.5,11.0,5,medium_confidence,22.8,0,1,0,0,0,22,1.692,0.462
ChIJcQuZs_9ZXIYRS1EZjXPzCaY,1,6,3,1,0,10,0,68,2018-06-15,"School Age Care,Meals Provided ,After School Care,Snacks Provided,Drop-In Care,Part Time Care,Transportation to/from School",Y,NO,NO,NO,1280565,Ages & Stages Learning Academy,SAN ANTONIO,1630 WHITMAN AVE,78211 3060,Ages & Stages Learning Academy,3.4,14.0,5,high_confidence,7.5,0,1,0,0,0,11,1.1,0.1
ChIJcR8lTt5dXIYRy7ufExDC43E,0,2,3,0,0,8,0,32,1998-01-15,"Meals Provided ,Snacks Provided",N,NO,NO,NO,151523,St Lukes Child Dev Ctr,SAN ANTONIO,4603 MANITOU,78228 1835,St Luke Catholic Church Day Care,5.0,7.0,5,medium_confidence,28.0,0,0,0,0,0,5,0.625,0.0
ChIJcS73ouHDQIYRrOtKZsLlG78,1,1,1,0,0,11,0,140,1986-04-07,"Accredited,Part Time Care",N,NO,NO,NO,97927,Westminster Weekday Schools,HOUSTON,5801 SAN FELIPE ST,77057 3064,Westminster Weekday Schools,,,0,high_confidence,39.7,1,0,0,0,0,3,0.273,0.091
ChIJcT2vhornQIYRVk66daj0g80,20,31,21,1,0,25,5,78,2014-12-17,"School Age Care,Before School Care,Meals Provided ,After School Care,Snacks Provided,Drop-In Care,Part Time Care,Field Trips",N,NO,NO,NO,1148462,Omega Academy of Excellence,HOUSTON,11796 S GLEN DR,77099 2519,Omega Academy of excellence,,,0,high_confidence,11.0,0,0,0,0,0,73,2.92,0.8
ChIJcT6YNtpmXIYRi4LDwERJneg,0,1,0,0,0,9,0,380,1986-01-27,"Accredited,Snacks Provided,Part Time Care,Transportation to/from School ,Field Trips",N,NO,NO,NO,96447,University Methodist Primary School,SAN ANTONIO,5084 DE ZAVALA RD,78249 2025,University Methodist Primary School,5.0,58.0,5,high_confidence,39.9,1,0,0,0,0,1,0.111,0.0
ChIJcTaX3B-3QIYRlu6HZha1U3g,3,8,6,0,1,11,0,98,2023-10-23,"School Age Care,Before School Care,Meals Provided ,After School Care,Snacks Provided,Drop-In Care,Part Time Care,Transportation to/from School ,Field Trips",Y,NO,NO,NO,1441232,Kbeez Learning Academy,HOUSTON,13214 LONG GLEN DR,77039 2500,Kbee'z Learning Academy,5.0,11.0,5,high_confidence,2.2,0,1,0,0,0,18,1.636,0.273
ChIJcV7a17e5QIYRD5uzpLPbyio,2,3,5,1,0,12,0,211,2008-01-28,"Accredited,Meals Provided ,Snacks Provided",N,NO,NO,NO,324875,Jensen Drive Head Start,HOUSTON,2702 ALDINE WESTFIELD RD,77093 6713,Jensen Drive Head Start,2.8,9.0,5,high_confidence,17.9,1,0,0,0,0,11,0.917,0.167
ChIJcWItc3fDQIYRZR9H7EVB2Aw,2,3,1,0,0,9,0,85,1992-09-01,Accredited,N,NO,NO,NO,127106,The Yellow School,HOUSTON,11612 MEMORIAL DR,77024 7207,Yellow School-MDPC,5.0,1.0,1,medium_confidence,33.3,1,0,0,0,0,6,0.667,0.222
ChIJcWKmx_THQIYRW4USRfjPpo0,1,13,10,1,0,11,1,57,2020-09-23,"School Age Care,After School Care,Skill Classes",N,NO,NO,NO,1347624,Heights Garden Montessori,HOUSTON,1505 W 25TH ST,77008 1516,Garden Montessori Schools - Heights,5.0,2.0,2,high_confidence,5.3,0,0,0,0,0,25,2.273,0.091
ChIJcWT0BOqjToYRJsvOF7LnYfA,1,2,2,0,0,10,0,51,2023-02-24,"After School Care,Snacks Provided",N,NO,NO,NO,1417127,Alphabest @ CityScape-Early Childhood Center,DALLAS,6015 LINDSLEY AVE,75223 1461,CityScape Early Childhood Center,3.7,13.0,5,high_confidence,2.9,0,0,0,0,0,5,0.5,0.1
ChIJcWm0zbXXQIYRnwgPPYEjXks,6,6,7,1,2,10,0,90,2023-06-29,"School Age Care,Before School Care,Meals Provided ,After School Care,Snacks Provided,Drop-In Care,Part Time Care,Transportation to/from School ,Field Trips",Y,NO,NO,NO,1424640,Growing Minds Academy,HOUSTON,6955 BARKER CYPRESS RD,77084 1087,Growing Minds Academy & Daycare,5.0,23.0,5,high_confidence,2.5,0,1,0,0,0,22,2.2,0.6
ChIJcXDsFKqdToYRvHtv0AkqXz4,3,4,2,0,1,7,0,58,2018-01-19,"Meals Provided ,Snacks Provided",N,NO,NO,NO,1267605,Lumin Bachman Lake Community School,DALLAS,9507 OVERLAKE DR,75220 5925,Lumin Bachman Lake Community School,5.0,1.0,1,high_confidence,8.0,0,0,0,0,0,10,1.429,0.429
ChIJcYax-uNPXIYRr7S8gasaO9s,3,8,7,0,0,16,0,44,2024-03-05,"School Age Care,Meals Provided ,After School Care,Snacks Provided,Drop-In Care,Part Time Care",Y,NO,NO,NO,1433091,LITTLE DRAGONS SOUTHWEST,SAN ANTONIO,8502 OLD PEARSALL RD,78252 2662,Little Dragons Castle Inc,,,0,medium_confidence,1.8,0,1,0,0,0,18,1.125,0.188
ChIJc_MqMjlZXIYR0vJhYA_yX7M,2,4,6,1,0,15,2,100,2022-02-11,"Meals Provided ,Snacks Provided",N,NO,NO,NO,1386104,Parent/Child Inc Midcrown Head Start ELC,SAN ANTONIO,8003 MIDCROWN DR,78218 2335,Parent/Child Inc-Headstart Center,4.5,4.0,4,medium_confidence,3.9,0,0,0,0,0,13,0.867,0.133
ChIJc_lKsmrqQIYRGOYydbOfqTQ,5,17,15,1,0,8,4,126,2003-12-29,After School Care,N,NO,NO,NO,231717,Robert M Beren Academy,HOUSTON,11333 CLIFFWOOD DR,77035 6011,Robert M. Beren Academy,,,0,high_confidence,22.0,0,0,0,0,0,38,4.75,0.625
ChIJcaaQMb2YToYRVVFRnz8J4Oc,0,0,0,0,0,9,0,190,2003-01-15,"Meals Provided ,Snacks Provided,Field Trips",N,NO,NO,NO,205096,Davids Place Head Start,DALLAS,1000 S CARROLL AVE,75223 2876,Head Start-Greater Dallas,4.4,20.0,5,medium_confidence,23.0,0,0,0,0,0,0,0.0,0.0
ChIJccyvlaBtToYRytUlQ1lkiZE,0,0,1,0,0,6,0,75,1996-02-01,"School Age Care,Before School Care,Meals Provided ,After School Care,Snacks Provided,Part Time Care",Y,NO,NO,NO,142694,J.T. Stevens Elementary-Clayton,FORT WORTH,6161 WRIGLEY WAY,76133 3544,J.T. Stevens Elementary School (FWISD),,,0,medium_confidence,29.9,0,1,0,0,0,1,0.167,0.0
ChIJcdGhhS32XIYRNdbPFiXBacA,4,3,5,0,0,10,0,55,2005-03-22,"School Age Care,Meals Provided ,After School Care,Snacks Provided,Drop-In Care,Transportation to/from School ,Field Trips",Y,NO,NO,NO,243325,Educare Child Care #7,SAN ANTONIO,246 FAIR AVE,78223 1016,Educare Childcare Inc,4.4,14.0,5,medium_confidence,20.8,0,1,0,0,0,12,1.2,0.4
ChIJcfFwyfNtToYRdiUbT54ewys,0,1,0,0,0,1,0,44,2026-02-25,"School Age Care,Before School Care,After School Care,Snacks Provided,Skill Classes,Part Time Care",N,NO,NO,NO,1523013,enCourage Preschools Hulen,FORT WORTH,7100 S HULEN ST,76133 6609,enCourage Preschool Fort Worth,5.0,7.0,5,medium_confidence,0.0,0,0,0,0,0,1,1.0,0.0
ChIJcx_WUO1fXIYRUxnGUPVy5Cs,0,7,3,1,0,18,0,94,2023-01-06,"Meals Provided ,After School Care,Snacks Provided,Part Time Care",Y,NO,NO,NO,1412759,Dulcinea Spanish Learning Center,SAN ANTONIO,9950 SAN PEDRO AVE,78216 4436,Dulcinea Spanish Learning Center,4.7,52.0,5,high_confidence,3.0,0,1,0,0,0,11,0.611,0.0
ChIJcxhgAACZToYRJ27L153ofRU,1,0,1,0,0,4,0,85,2025-12-22,"School Age Care,Before School Care,Meals Provided ,After School Care,Snacks Provided",N,NO,NO,NO,1516677,Little Aces Learning Academy,DALLAS,417 W OHIO AVE,75224 2807,Little Aces Learning Academy,5.0,5.0,5,high_confidence,0.0,0,0,0,0,0,2,0.5,0.25
ChIJd-srmPu1RIYRxEkhp7fXr6A,2,3,1,0,0,9,0,44,2024-07-12,"School Age Care,Before School Care,After School Care,Field Trips",Y,NO,NO,NO,1464843,Mi Casita Austin Montessori,AUSTIN,2900 E CESAR CHAVEZ ST,78702 4804,Mi Casita Montessori,5.0,4.0,4,high_confidence,1.5,0,1,0,0,0,6,0.667,0.222
ChIJd0b2WwliXIYRRQuV9yDS_9s,1,3,0,1,0,9,1,100,2017-03-07,"Accredited,Meals Provided ,Skill Classes,Part Time Care",Y,NO,NO,NO,1255383,DBA - International Children's Academy,SAN ANTONIO,20627 HUEBNER RD STE 103,78258 4766,International Childrens Academy,4.5,30.0,5,high_confidence,8.8,1,1,0,0,0,5,0.556,0.111
ChIJd1Mh9ufeTYYRg9LbgKOmOxE,1,8,2,0,0,10,3,80,2018-02-13,"School Age Care,After School Care,Snacks Provided,Skill Classes,Part Time Care,Field Trips",Y,NO,NO,NO,1283463,AlphaBEST @ Nance Elementary - Northwest,FORT WORTH,701 TIERRA VISTA WAY,76131 3953,Sonny & Allegra Nance Elem,,,0,medium_confidence,7.9,0,1,0,0,0,11,1.1,0.1
ChIJd1kzDR3BQIYR5yxkGqrHKAk,2,1,0,0,0,7,0,112,2011-09-07,"Drop-In Care,Part Time Care",Y,NO,NO,NO,841088,The Childhood Center,HOUSTON,3701 W ALABAMA ST STE 400,77027 5379,The Childhood Center,4.4,60.0,5,high_confidence,14.3,0,1,0,0,0,3,0.429,0.286
ChIJd2TBGH3JRIYRS1bQR-3Ckzo,0,1,0,0,0,7,0,24,2021-01-20,Part Time Care,Y,NO,NO,NO,1345605,Growing Curiosity Community School,AUSTIN,9000 GEORGIAN DR,78753 5135,Growing Curiosity Community School,5.0,10.0,5,high_confidence,4.9,0,1,0,0,0,1,0.143,0.0
ChIJd3FZtj4hTIYRurFTVXoGH-M,10,2,2,1,0,19,0,250,2013-01-18,"School Age Care,Accredited,Meals Provided ,After School Care,Snacks Provided,Part Time Care",N,NO,NO,NO,1058168,Primrose of Prestonwood,DALLAS,15237 MONTFORT RD,75248 6457,Primrose School of Prestonwood,4.7,69.0,5,high_confidence,13.0,1,0,0,0,0,15,0.789,0.526
ChIJd7Zo5Dl6ToYRbnF1Os7uoew,40,136,96,0,8,648,8,110,2009-03-02,"Before School Care,After School Care,Snacks Provided",Y,NO,NO,NO,361283,Clayton Youth Enrichment @ Caprock Elementary,FORT WORTH,12301 GREY TWIG DR,76244 5597,Clayton Youth Enrichment,4.7,168.0,5,medium_confidence,16.8,0,1,0,0,0,280,0.432,0.062
ChIJd8CZrOjRQIYRCbns9XjAbLs,1,10,2,1,0,7,1,84,2021-03-04,"School Age Care,Before School Care,Meals Provided ,After School Care,Drop-In Care,Skill Classes,Part Time Care",Y,NO,NO,NO,1361500,Happy Days Cypress,HOUSTON,10807 HUFFMEISTER RD,77065 3105,Happy Days Childcare Cypress,5.0,10.0,5,medium_confidence,4.8,0,1,0,0,0,14,2.0,0.143
ChIJd8hOJ4yVQIYR5AhUw2S8HU8,0,2,3,0,0,9,0,119,2021-09-08,"School Age Care,Before School Care,Meals Provided ,After School Care,Snacks Provided,Skill Classes,Part Time Care,Transportation to/from School ,Field Trips",Y,NO,NO,NO,1370788,Storybook Academy Inc,HOUSTON,4530 GRIGGS RD STE B,77021 2818,Storybook Academy Inc.,,,0,high_confidence,4.3,0,1,0,0,0,5,0.556,0.0
ChIJd8iCeYlZXIYRjlA8C8i-xHY,2,2,0,0,0,28,2,244,2020-03-26,"Meals Provided ,Snacks Provided,Transportation to/from School",N,NO,NO,NO,1336396,PCI Meadowood Early Learning Center,SAN ANTONIO,12652 CINCO DE MAYO,78252 1974,PCI Early Learning Academy,2.6,5.0,5,medium_confidence,5.8,0,0,0,0,0,4,0.143,0.071
ChIJd9TiuOvdQIYRiWVkqmcc7FA,0,0,1,0,0,3,0,80,2025-09-26,"Before School Care,Meals Provided ,After School Care,Snacks Provided,Drop-In Care,Part Time Care,Transportation to/from School ,Field Trips",N,NO,NO,NO,1515542,Kids Space Learning Center,HOUSTON,13900 BEECHNUT ST STE A,77083 6599,Kids Space Learning Center,4.5,28.0,5,high_confidence,0.3,0,0,0,0,0,1,0.333,0.0
ChIJdQU8plJbXIYRm78ZqsGrPMY,3,2,2,0,0,17,0,131,1985-10-17,"School Age Care,Meals Provided ,After School Care,Snacks Provided,Transportation to/from School ,Field Trips",Y,NO,NO,NO,94321,Life Church Child Development Center,SAN ANTONIO,4424 SW LOOP 410,78227 4400,Life Church Child Development Center,4.3,9.0,5,high_confidence,40.2,0,1,0,0,0,7,0.412,0.176
ChIJdSd2DZdxToYR1IR8EAnuBLE,5,14,4,0,0,19,0,131,2023-10-18,"School Age Care,Before School Care,After School Care,Snacks Provided,Part Time Care",Y,NO,NO,NO,1420045,Angel Montessori,FORT WORTH,2500 LIPSCOMB ST,76110 2625,Angel Montessori,4.8,16.0,5,high_confidence,2.2,0,1,0,0,0,23,1.211,0.263
ChIJdXG8rrS-QIYR21uNxXJ7UnI,2,5,7,1,0,12,1,59,1994-03-02,"Before School Care,Meals Provided ,After School Care,Snacks Provided,Drop-In Care,Part Time Care,Transportation to/from School ,Field Trips",Y,NO,NO,NO,129267,East Orange AME Church,HOUSTON,4415 ORANGE ST,77020 4334,East Orange African Methodist Episcopal Church,3.2,5.0,5,medium_confidence,31.8,0,1,0,0,0,15,1.25,0.167
ChIJdZW8-kHPQIYRx3-2YSFiuCY,1,5,1,0,0,3,0,76,2026-01-07,"School Age Care,Before School Care,Get Well Care,Meals Provided ,After School Care,Snacks Provided,Drop-In Care,Part Time Care,Transportation to/from School ,Field Trips",N,NO,NO,NO,1519703,Anointed Ark Academy,HOUSTON,5861 W GULF BANK RD,77088 4120,Anointed Ark Academy,4.8,33.0,5,high_confidence,-0.0,0,0,0,0,0,7,2.333,0.333
ChIJdaDOif1YXIYR6sEyEDYLmU4,1,0,0,0,0,8,1,130,1988-03-10,"Meals Provided ,After School Care,Snacks Provided,Part Time Care",Y,NO,NO,NO,104100,Y School Age Graebner Elementary,SAN ANTONIO,530 HOOVER AVE,78225 2229,Charles Graebner Elementary School,,,0,high_confidence,37.8,0,1,0,0,0,1,0.125,0.125
ChIJdaZDr5BtToYRxHYg7-TexNY,0,0,6,0,0,9,0,120,2023-03-16,"School Age Care,After School Care,Snacks Provided",N,NO,NO,NO,1414775,YMCA at Bruce Shulkey Elementary,FORT WORTH,5533 WHITMAN AVE,76133 2619,Bruce Shulkey Elementary School (FWISD),,,0,medium_confidence,2.8,0,0,0,0,0,6,0.667,0.0
ChIJdb1xL2ucQIYRnvkbJkRBv_8,2,2,2,1,0,11,0,145,1995-07-07,"Snacks Provided,Skill Classes,Part Time Care,Field Trips",N,NO,NO,NO,95496,Clear Lake Presbyterian ECP,HOUSTON,1511 EL DORADO BLVD,77062 3422,Clear Lake Presbyterian Early Childhood Program,5.0,1.0,1,medium_confidence,30.5,0,0,0,0,0,7,0.636,0.182
ChIJdwKBrIrgTYYR8m21xVZrWFU,2,7,1,0,0,9,1,80,2006-02-08,"After School Care,Snacks Provided,Drop-In Care",Y,NO,NO,NO,278622,Eagle Mountain Elementary - YMCA,FORT WORTH,9700 BOAT CLUB RD,76179 6000,Eagle Mountain Elementary School,,,0,high_confidence,19.9,0,1,0,0,0,10,1.111,0.222
ChIJdxq9j-W7QIYRXnR_4dhkSKo,4,8,1,0,0,11,0,120,2024-02-07,"School Age Care,Accredited,Meals Provided ,After School Care,Snacks Provided,Drop-In Care,Skill Classes,Part Time Care",Y,NO,NO,NO,1456758,KCE Champions LLC @ KIPP Legacy,HOUSTON,9606 MESA DR,77078 3024,Champions at KIPP Legacy Preparatory,,,0,medium_confidence,1.9,1,1,0,0,0,13,1.182,0.364
ChIJe-dblziWQIYRqwXTmUdoeJ8,3,9,2,0,0,14,0,177,2012-11-19,"School Age Care,Before School Care,Meals Provided ,After School Care,Snacks Provided,Drop-In Care,Part Time Care,Transportation to/from School ,Field Trips,Night Care",Y,NO,NO,NO,1032108,Building Blocks Academy Hobby Airport,HOUSTON,7615 MORLEY ST,77061 2920,Building Blocks Academy Hobby Airport,4.9,65.0,5,high_confidence,13.1,0,1,0,0,0,14,1.0,0.214
ChIJe-kqKmV3ToYRvYEagnqFskY,0,0,0,0,0,7,0,158,2025-09-26,"Meals Provided ,Snacks Provided",N,NO,NO,NO,1501413,The Child Care Studio at Meacham,FORT WORTH,2700 MEACHAM BLVD,76137 4601,Child Care Studio at Meacham,,,0,high_confidence,0.3,0,0,0,0,0,0,0.0,0.0
ChIJe0YosG7BQIYRLFyhXw8Cx4g,6,6,2,1,1,10,1,204,2013-07-11,"Meals Provided ,Snacks Provided,Drop-In Care,Part Time Care",N,NO,NO,NO,1104026,Primrose School at the Galleria,HOUSTON,5015 WESTHEIMER ST STE A423,77056,Primrose School at the Galleria,4.4,54.0,5,high_confidence,12.5,0,0,0,0,0,16,1.6,0.6
ChIJe0_GsjZkXIYRxOEFHyBXrNI,0,1,1,1,0,8,1,102,2005-02-10,"Skill Classes,Part Time Care",N,NO,NO,NO,254662,Oak Hills Church Preschool,SAN ANTONIO,19595 IH 10 W,78257 9520,Oak Hills Church - Crownridge Campus,4.8,507.0,5,medium_confidence,20.9,0,0,0,0,0,3,0.375,0.0
ChIJe12KdLsgTIYRt8cU6fiOFng,1,5,0,0,0,7,1,80,2005-02-18,"After School Care,Snacks Provided",N,NO,NO,NO,254559,YMCA @ The Lamplighter School,DALLAS,11611 INWOOD RD,75229 3022,The Lamplighter School,,,0,high_confidence,20.9,0,0,0,0,0,6,0.857,0.143
ChIJe2MXUUbDQIYROHjBTyYb7sE,1,3,1,0,0,11,1,61,2021-06-25,"Snacks Provided,Weekend Care,Night Care",Y,NO,NO,NO,1375890,"Kreative 4 Kidz, LLC",HOUSTON,8806 HOMESTEAD RD,77016 5550,Kreative 4 Kidz Daycare,2.8,11.0,5,medium_confidence,4.5,0,1,0,0,0,5,0.455,0.091
ChIJe3GmU9DCQIYRQ7NmxVLTHm8,3,10,10,1,1,6,4,148,2015-03-17,"School Age Care,Before School Care,Meals Provided ,Snacks Provided,Part Time Care",N,NO,NO,NO,1157006,"Tzu Chi Great Love Preschool, Houston",HOUSTON,6200 CORPORATE DR,77036 3412,Tzu Chi Great Love Preschool Houston,5.0,10.0,5,high_confidence,10.8,0,0,0,0,0,25,4.167,0.5
ChIJe4na7KHPQIYRKcTnBN63RNo,0,2,0,0,0,13,0,135,2017-02-23,"Before School Care,Meals Provided ,After School Care,Snacks Provided,Part Time Care",Y,NO,NO,NO,1252613,Laugh N' Discover Early Learning Center,HOUSTON,5750 GOLDEN FOREST DR,77092 2354,Laugh N' Discover Early Learning Center,5.0,50.0,5,high_confidence,8.9,0,1,0,0,0,2,0.154,0.0
ChIJe52luBqzRIYRW3DQG5MIpao,1,2,0,0,0,8,1,85,2020-01-16,"School Age Care,After School Care,Snacks Provided,Transportation to/from School ,Field Trips",Y,NO,NO,NO,1343513,Perez EAC YMCA,AUSTIN,7500 S PLEASANT VALLEY RD,78744 6412,Perez Elementary School,,,0,medium_confidence,6.0,0,1,0,0,0,3,0.375,0.125
ChIJe5yu3BfdQIYR7vbGLDlTTQI,2,10,3,0,0,13,0,119,2013-08-06,"School Age Care,Before School Care,Meals Provided ,After School Care,Snacks Provided,Drop-In Care,Skill Classes,Part Time Care,Transportation to/from School ,Field Trips",Y,NO,NO,NO,1087109,Computer Kids,HOUSTON,4614 BELLE PARK DR,77072 1820,Computer Kids Daycare,4.4,54.0,5,medium_confidence,12.4,0,1,0,0,0,15,1.154,0.154
ChIJe92QTNCdToYROhggjnNHcW8,0,0,0,0,0,5,0,102,1991-12-17,"Accredited,Meals Provided ,After School Care,Snacks Provided,Drop-In Care,Transportation to/from School",Y,NO,NO,NO,120983,Redeemers Child Care Center,DALLAS,8519 CRAIGHILL AVE,75209 2629,The Redeemers Child Care Center,4.7,14.0,5,high_confidence,34.0,1,1,0,0,0,0,0.0,0.0
ChIJe96cCHXcQIYRX0iWmWkAjc0,4,3,1,0,0,9,0,236,1996-12-10,"School Age Care,Accredited,Meals Provided ,After School Care,Snacks Provided,Part Time Care,Transportation to/from School ,Field Trips",N,NO,NO,NO,148823,Five Star Montessori,HOUSTON,13260 FORKLAND LN,77077 1623,Five Star Montessori West Houston,4.6,101.0,5,medium_confidence,29.1,1,0,0,0,0,8,0.889,0.444
ChIJe9a3U3i_QIYRZ79J1USbTtM,2,1,0,1,0,7,1,191,1997-04-16,"School Age Care,Meals Provided ,After School Care,Snacks Provided,Transportation to/from School ,Field Trips",Y,NO,NO,NO,145685,Nehemiah Neighborhood Center,HOUSTON,5015 FANNIN ST,77004 5707,Nehemiah Neighborhood Center,4.9,32.0,5,high_confidence,28.7,0,1,0,0,0,4,0.571,0.286
ChIJeQ74ArS_QIYRp-g61dpu1cI,0,1,1,0,0,6,0,96,2004-11-10,"School Age Care,Before School Care,Meals Provided ,After School Care,Snacks Provided,Drop-In Care,Part Time Care,Transportation to/from School",Y,NO,NO,NO,249485,Nenes Kiddie Kollege,HOUSTON,5410 SCOTT ST,77021 1516,Ne-Ne's Kiddie Kollege,4.3,24.0,5,high_confidence,21.1,0,1,0,0,0,2,0.333,0.0
ChIJeSuTl_DFQIYR5_fo2BAixM0,3,2,2,0,0,10,0,191,2025-07-08,"Meals Provided ,Snacks Provided,Drop-In Care,Part Time Care",N,NO,NO,NO,1477630,The Learning Experience Spring Branch,HOUSTON,1621 BINGLE RD,77055 3278,The Learning Experience - Spring Branch,5.0,27.0,5,high_confidence,0.5,0,0,0,0,0,7,0.7,0.3
ChIJeTKki4pxToYRzKAi6AgUJ7c,0,5,5,0,0,7,6,30,2020-03-25,"School Age Care,Meals Provided ,After School Care,Snacks Provided,Part Time Care,Field Trips",Y,NO,NO,NO,1333860,Patti Cakes Child Care,FORT WORTH,851 IRMA ST,76104 5109,My Patti Cakes Child Care,5.0,24.0,5,high_confidence,5.8,0,1,0,0,0,10,1.429,0.0
ChIJeTZeeocLToYRccQj_FJoFCA,2,7,12,0,0,9,0,50,2005-01-11,"After School Care,Part Time Care",Y,NO,NO,NO,255230,North Elementary - YMCA,FORT WORTH,9850 LEGACY DR,76108 4190,North Elementary,,,0,high_confidence,21.0,0,1,0,0,0,21,2.333,0.222
ChIJeVGyTiGZToYRCMHb84fwkwI,0,0,0,0,0,6,0,124,2009-06-25,"Meals Provided ,Snacks Provided,Drop-In Care,Part Time Care",N,NO,NO,NO,395868,Bright Horizons at Plaza of Americas,DALLAS,700 N PEARL ST STE N101,75201 7420,Bright Horizons at Plaza of the Americas,4.3,22.0,5,high_confidence,16.5,0,0,0,0,0,0,0.0,0.0
ChIJeVI5KUvHQIYROotC928uwjA,8,11,11,0,0,15,0,534,2010-07-22,"Meals Provided ,Snacks Provided,Skill Classes",N,NO,NO,NO,673608,Esperanza School,HOUSTON,1100 ROY ST BLDG A,77007 3351,Esperanza School,4.1,66.0,5,high_confidence,15.4,0,0,0,0,0,30,2.0,0.533
ChIJeWzHWcDdQIYRQpw4qZQhuVs,7,14,8,8,0,11,1,88,2023-08-17,"School Age Care,Before School Care,Meals Provided ,After School Care,Snacks Provided,Part Time Care,Transportation to/from School ,Field Trips",Y,NO,NO,NO,1434230,Soaring Eagles Academy,HOUSTON,3844 S DAIRY ASHFORD RD,77082 5609,Soaring Eagles Academy,5.0,5.0,5,high_confidence,2.4,0,1,0,0,0,37,3.364,0.636
ChIJeX4QRlvJRIYRX6NuqSLDMDo,1,4,1,0,0,11,1,102,2020-01-13,"School Age Care,After School Care,Snacks Provided,Field Trips",Y,NO,NO,NO,1343518,Austin Achieve Elementary EAC YMCA,AUSTIN,7424 E HIGHWAY 290,78723 1571,Austin Achieve Elementary School,,,0,high_confidence,6.0,0,1,0,0,0,6,0.545,0.091
ChIJeYXPdju-QIYRsKwu6QkDu1s,4,14,10,0,0,26,0,98,2018-03-26,"School Age Care,Before School Care,Meals Provided ,After School Care,Snacks Provided,Drop-In Care,Part Time Care,Transportation to/from School ,Field Trips",Y,NO,NO,NO,1293691,Right Fit Kids Academy- Palm Center,HOUSTON,5203 BROWNCROFT ST,77021 3708,Right Fit Daycare - Palm Center,4.3,6.0,5,medium_confidence,7.8,0,1,0,0,0,28,1.077,0.154
ChIJeZ2ticpNW4YRAnEEA7hKlxo,0,0,0,0,0,8,0,170,2024-02-06,"School Age Care,After School Care,Snacks Provided",Y,NO,NO,NO,1458728,Baranoff CREW,AUSTIN,12009 BUCKINGHAM GATE RD,78748 1943,Baranoff Elementary School,,,0,medium_confidence,1.9,0,1,0,0,0,0,0.0,0.0
ChIJe_Eb3H_NRIYRkKtd_qO5sR4,5,11,4,0,1,10,1,150,2013-10-14,"School Age Care,Meals Provided ,Snacks Provided,Skill Classes,Transportation to/from School ,Field Trips",N,NO,NO,NO,1104025,Life Time Fitness Camps,AUSTIN,13725 RANCH ROAD 620 N,78717 1021,Life Time,4.0,676.0,5,medium_confidence,12.2,0,0,0,0,0,21,2.1,0.5
ChIJe_KkI7ZxToYR5Xa89oehnHw,2,0,1,0,0,6,0,70,1994-10-26,"School Age Care,Meals Provided ,After School Care,Snacks Provided,Transportation to/from School ,Field Trips",Y,NO,NO,NO,135805,Like My Own Childcare Inc,FORT WORTH,2800 MISSISSIPPI AVE,76104 6910,Like My Own Childcare,4.2,10.0,5,high_confidence,31.2,0,1,0,0,0,3,0.5,0.333
ChIJe_YgoDTpQIYR1UmP0Ug8Jzc,0,0,5,0,0,8,0,135,2024-01-29,"School Age Care,Before School Care,Accredited,After School Care,Snacks Provided,Part Time Care",Y,NO,NO,NO,1454513,KCE Champions LLC @ KIPP Mosaic,HOUSTON,12751 HILLCROFT ST,77085 1361,Champions at KIPP Mosaic Primary,,,0,medium_confidence,1.9,1,1,0,0,0,5,0.625,0.0
ChIJeaXXKm9JW4YRs_iKJMr5emQ,2,2,1,0,1,10,0,93,1988-04-07,"Snacks Provided,Part Time Care",N,NO,NO,NO,104408,Oak Hill United Methodist Preschool,AUSTIN,7815 HIGHWAY 290 W,78736 3204,Oak Hill United Methodist Church,4.7,27.0,5,medium_confidence,37.7,0,0,0,0,0,6,0.6,0.2
ChIJeafy0A_ZTYYRXSWdcpvlRzA,8,13,9,4,2,23,0,85,2021-11-02,"Meals Provided ,Snacks Provided,Skill Classes",Y,NO,NO,NO,1375943,iExplore Montessori Fort Worth LLC,FORT WORTH,5350 BASSWOOD BLVD,76137 3900,iExplore Montessori School,4.2,49.0,5,medium_confidence,4.2,0,1,0,0,0,36,1.565,0.348
ChIJeayevY2bToYRCCaEj6znN1k,2,1,0,0,0,9,0,48,2024-03-08,"Before School Care,Meals Provided ,After School Care,Snacks Provided,Field Trips",N,NO,NO,NO,1461985,Bezos Academy Cockrell Hill,DALLAS,4849 W ILLINOIS AVE,75211 6503,Bezos Academy Dallas - Cockrell Hill,5.0,11.0,5,high_confidence,1.8,0,0,0,0,0,3,0.333,0.222
ChIJecPof2mMXIYRu2kVu4AtVU0,11,8,7,1,0,26,0,110,1986-02-10,"School Age Care,Accredited,Meals Provided ,After School Care,Snacks Provided,Transportation to/from School",Y,NO,NO,NO,101199,Judson at Stahl KinderCare,SAN ANTONIO,15170 JUDSON RD,78247 1355,Judson at Stahl KinderCare,4.7,39.0,5,high_confidence,39.9,1,1,0,0,0,27,1.038,0.423
ChIJed5dHqPDQIYRn-CBRQWax_A,1,1,3,0,0,6,0,90,2018-06-15,"School Age Care,After School Care,Snacks Provided,Part Time Care",N,NO,NO,NO,1309101,After 3 ASP Mark White Elementary School,HOUSTON,2515 OLD FARM RD,77063 4411,Mark White Elementary,,,0,medium_confidence,7.5,0,0,0,0,0,5,0.833,0.167
ChIJeeQTBK6RToYRb-byuR8bLEI,2,3,0,0,0,9,0,100,2025-03-13,"School Age Care,Before School Care,Accredited,After School Care,Snacks Provided,Part Time Care",N,NO,NO,NO,1482246,KCE Champions LLC @ Uplift Hampton,DALLAS,8915 S HAMPTON RD,75232 6002,Champions at Uplift Hampton,1.0,1.0,1,high_confidence,0.8,1,0,0,0,0,5,0.556,0.222
ChIJew2dJl7AQIYR7zI3l2DbyCI,3,6,2,0,0,12,0,576,2024-08-23,"School Age Care,Meals Provided ,After School Care,Snacks Provided,Transportation to/from School ,Field Trips",N,NO,NO,NO,1465410,Southampton Montessori LP,HOUSTON,5012 MORNINGSIDE DR,77005 2506,Southampton Montessori School,,,0,high_confidence,1.4,0,0,0,0,0,11,0.917,0.25
ChIJex6BLiGaQIYRZ0TWfTnHA7M,0,0,3,0,0,7,0,100,2024-06-11,"School Age Care,Accredited,After School Care,Snacks Provided,Part Time Care",Y,NO,NO,NO,1463644,KCE Champions LLC @ Burnett Elementary,HOUSTON,11825 TEANECK DR,77089 6120,Burnett Elementary School,,,0,medium_confidence,1.6,1,1,0,0,0,3,0.429,0.0
ChIJeyOp_UHdQIYRn4JMus49wi8,0,2,2,0,0,6,0,279,2010-02-24,"School Age Care,Meals Provided ,After School Care,Snacks Provided,Skill Classes,Transportation to/from School",Y,NO,NO,NO,518170,Little Scholars,HOUSTON,11596 BEECHNUT ST # 1/2,77072 4102,Little Scholars,3.1,11.0,5,high_confidence,15.9,0,1,0,0,0,4,0.667,0.0
ChIJeycSEt60RIYRzsClwqyrLrA,6,4,7,0,0,18,0,115,1986-04-08,"Accredited,Meals Provided ,Snacks Provided,Field Trips",Y,NO,NO,NO,94315,Mainspring at Live Oak,AUSTIN,1100 W LIVE OAK ST,78704 5043,Mainspring Schools,4.5,11.0,5,medium_confidence,39.7,1,1,0,0,0,17,0.944,0.333
ChIJf03YSpDEQIYR4jAzd6_rvcg,10,10,14,2,1,18,0,122,2006-01-23,Part Time Care,Y,NO,NO,NO,286030,Bunker Hill KinderCare,HOUSTON,937 BUNKER HILL RD,77024 1301,Bunker Hill KinderCare,4.2,41.0,5,high_confidence,19.9,0,1,0,0,0,37,2.056,0.556
ChIJf12lIlvJQIYRdmHkkJO3q5I,3,12,6,0,0,9,0,153,2013-06-27,"School Age Care,Before School Care,Accredited,Meals Provided ,After School Care,Snacks Provided,Drop-In Care,Part Time Care,Transportation to/from School ,Field Trips",Y,NO,NO,NO,1104169,Building Blocks Academy VTM,HOUSTON,11110 VETERANS MEMORIAL DR,77067 3760,Building Blocks Academy VTM,4.6,49.0,5,high_confidence,12.5,1,1,0,0,0,21,2.333,0.333
ChIJf15FYyPbQIYRWUemLmJ2Ysk,4,15,6,4,0,16,4,64,2004-01-22,"School Age Care,Meals Provided ,After School Care,Snacks Provided",Y,NO,NO,NO,223586,Westwood Montessori School,HOUSTON,1822 SHERWOOD FOREST ST,77043 3002,Westwood Montessori School,,,0,high_confidence,21.9,0,1,0,0,0,29,1.812,0.25
ChIJf2C97GVCXIYRrI_r9gdn0ko,3,7,7,1,1,19,2,226,2017-10-27,"School Age Care,Before School Care,Accredited,Meals Provided ,After School Care,Snacks Provided,Skill Classes,Part Time Care,Transportation to/from School ,Field Trips",N,NO,NO,NO,1274543,Primrose School at Alamo Ranch,SAN ANTONIO,11161 WESTWOOD LOOP,78253 6533,Primrose School at Alamo Ranch,4.4,50.0,5,high_confidence,8.2,1,0,0,0,0,19,1.0,0.158
ChIJf3qybNPPQIYRlPPoHVZxcqg,2,7,5,0,1,5,0,254,2004-07-06,"School Age Care,Before School Care,Meals Provided ,After School Care,Snacks Provided,Part Time Care,Transportation to/from School ,Field Trips",Y,NO,NO,NO,241257,Growing Scholars Montessori School,HOUSTON,8821 BRIDGE PARK DR,77064 8901,Growing Scholars Montessori,4.0,19.0,5,high_confidence,21.5,0,1,0,0,0,15,3.0,0.4
ChIJf4Q39ee3QIYRkBzgpcHyCtk,1,2,1,1,0,8,1,136,1987-06-26,"School Age Care,Before School Care,Meals Provided ,After School Care,Snacks Provided,Drop-In Care,Skill Classes,Part Time Care,Transportation to/from School ,Field Trips",Y,NO,NO,NO,103493,Fun Time Day Care Center  2,HOUSTON,520 GULF BANK RD TRLR 252,77037 2447,Fun Time Daycare Center,3.9,34.0,5,medium_confidence,38.5,0,1,0,0,0,5,0.625,0.125
ChIJf5ZK0ZS1RIYRsSWJLYV8NcY,1,5,2,0,0,9,0,19,2019-06-27,Part Time Care,N,NO,NO,NO,1320577,The Burrow School,AUSTIN,4328 JAMES CASEY ST,78745 1109,The Burrow School,5.0,13.0,5,high_confidence,6.5,0,0,0,0,0,8,0.889,0.111
ChIJf6JR3jpNW4YRmzTW298GxNo,1,4,4,1,0,12,0,98,2020-12-31,"Meals Provided ,Snacks Provided,Part Time Care",N,NO,NO,NO,1353399,ABCDee Learning Center LLC,AUSTIN,7202 DEE ST,78745 6318,ABCDee Learning Center,4.7,28.0,5,high_confidence,5.0,0,0,0,0,0,10,0.833,0.083
ChIJf7OBcqgzW4YRDl5RpdWkPvs,2,1,1,1,0,9,0,17,2025-02-10,"Meals Provided ,After School Care,Snacks Provided,Part Time Care,Weekend Care",N,NO,NO,NO,1484526,Think Lounge Nurture Center LLC,AUSTIN,13201 RANCH ROAD 620 N STE V,78717 1025,Think Lounge,4.8,56.0,5,medium_confidence,0.9,0,0,0,0,0,5,0.556,0.222
ChIJf7SD3V6MXIYRJV0vQquWCJg,6,25,7,4,0,21,1,175,2004-09-16,"School Age Care,Meals Provided ,After School Care,Snacks Provided,Skill Classes,Part Time Care,Transportation to/from School ,Field Trips",Y,NO,NO,NO,254415,Discovery World Learning Center,SAN ANTONIO,6020 FOUNTAINWOOD ST,78233 4416,Discovery World Learning Center,4.7,46.0,5,high_confidence,21.3,0,1,0,0,0,42,2.0,0.286
ChIJf8StYc_HQIYRHdPq4VpazRo,2,7,4,0,0,8,0,140,2023-12-19,"School Age Care,Skill Classes,Part Time Care",N,NO,NO,NO,1446532,Garden Montessori School - Oak Forest,HOUSTON,1126 W TIDWELL RD,77091 5500,Garden Montessori Schools - Oak Forest,5.0,2.0,2,high_confidence,2.0,0,0,0,0,0,13,1.625,0.25
ChIJf9_Esj_SQIYRlGT6pZ2vFKE,7,9,4,0,0,12,0,116,2010-04-09,"School Age Care,Before School Care,Meals Provided ,After School Care,Snacks Provided,Part Time Care,Transportation to/from School ,Field Trips,Night Care",Y,NO,NO,NO,554768,Angels World Childcare Center,HOUSTON,13390 JONES RD,77070 3916,Angel's World Childcare Center,4.1,37.0,5,high_confidence,15.7,0,1,0,0,0,20,1.667,0.583
ChIJfQ0ualFfXIYRW2oPE3Wr_QE,2,0,1,0,0,4,0,115,2025-03-14,"School Age Care,After School Care,Snacks Provided,Transportation to/from School ,Field Trips",N,NO,NO,NO,1490989,Y Day Camp @ D.R. Semmes,SAN ANTONIO,3233 N SAINT MARYS ST,78212 3579,YMCA - D.R. Semmes Family YMCA at TriPoint,4.7,418.0,5,medium_confidence,0.8,0,0,0,0,0,3,0.75,0.5
ChIJfRHbczMgTIYRsMLzR2BPgws,3,6,0,0,0,7,0,44,2018-05-03,"Accredited,Meals Provided ,Snacks Provided,Drop-In Care,Part Time Care",Y,NO,NO,NO,1292102,Little Scholars Academy,DALLAS,14045 WATERFALL WAY,75240 3841,Little Scholars Academy,4.0,13.0,5,high_confidence,7.7,1,1,0,0,0,9,1.286,0.429
ChIJfRQG_XxPW4YRp_XzNMQnbjg,4,2,1,0,0,8,0,61,2013-06-24,"Before School Care,Part Time Care",N,NO,NO,NO,1101329,All Stars Academy,AUSTIN,275 LOTUS CIR,78737 8737,All Stars Academy,4.9,8.0,5,high_confidence,12.5,0,0,0,0,0,7,0.875,0.5
ChIJfSsFG1UmTIYRTKsZf0lYYo0,0,0,0,0,0,3,0,120,2025-09-05,"After School Care,Snacks Provided",N,NO,NO,NO,1511151,YMCA at Blair Elementary School,DALLAS,14055 HEARTSIDE PL,75234 3543,Dave Blair Elementary School,,,0,medium_confidence,0.3,0,0,0,0,0,0,0.0,0.0
ChIJfWWGJ8HQQIYRQ7fLRl5Ahc4,3,14,5,0,0,15,0,65,2023-03-22,"School Age Care,Before School Care,Meals Provided ,After School Care,Snacks Provided,Drop-In Care,Part Time Care",Y,NO,NO,NO,1417826,Better Beginnings Academy LLC,HOUSTON,14720 FM 529 RD,77095 3242,Better Beginnings Academy,5.0,41.0,5,high_confidence,2.8,0,1,0,0,0,22,1.467,0.2
ChIJfWgquWTbQIYRD-wa36hRBZE,1,5,4,2,1,6,2,84,1987-03-31,"Before School Care,Accredited,After School Care,Field Trips",N,NO,NO,NO,100070,Yorkshire Academy,HOUSTON,710 BATESWOOD DR,77079 5702,Yorkshire Academy,,,0,high_confidence,38.8,1,0,0,0,0,13,2.167,0.167
ChIJfXUC_x-fToYRV35r_mDvZWg,6,6,2,0,0,13,0,79,2024-11-13,"Before School Care,After School Care,Snacks Provided",N,NO,NO,NO,1467909,Cathedral Montessori School,DALLAS,5100 ROSS AVE,75206 7709,Cathedral Montessori School,,,0,high_confidence,1.1,0,0,0,0,0,14,1.077,0.462
ChIJfXUdLDKeToYRXeyGyxRr57M,7,4,1,0,0,16,0,150,1986-01-03,"Meals Provided ,Snacks Provided",N,NO,NO,NO,94530,Preston Hollow Methodist CDC,DALLAS,6315 WALNUT HILL LN,75230 5116,Preston Hollow CDC,3.7,9.0,5,medium_confidence,40.0,0,0,0,0,0,12,0.75,0.438
ChIJfcsKf57XQIYRI1gb1cfYjr0,1,7,6,0,0,6,1,68,2024-10-17,"Before School Care,Meals Provided ,After School Care,Snacks Provided,Drop-In Care,Skill Classes,Part Time Care,Transportation to/from School ,Field Trips",Y,NO,NO,NO,1473663,Butterfly Academy Early Learning Center,HOUSTON,6495 BARKER CYPRESS RD STE E,77084 1000,Butterfly Academy Early Learning Center,5.0,23.0,5,high_confidence,1.2,0,1,0,0,0,14,2.333,0.167
ChIJfdw_SPBaXIYRTAujpcl02mI,4,10,5,2,0,10,0,141,1987-04-02,"Accredited,Meals Provided ,After School Care,Snacks Provided,Part Time Care,Transportation to/from School",Y,NO,NO,NO,97125,Crossroads Christian Academy,SAN ANTONIO,5834 RAY ELLISON BLVD,78242 2029,Crossroads Christian Academy,3.8,25.0,5,high_confidence,38.8,1,1,0,0,0,21,2.1,0.4
ChIJfejKfMdxToYRDlEL-GR5SMQ,1,2,1,1,0,17,0,85,2021-09-02,"School Age Care,Before School Care,Meals Provided ,After School Care,Snacks Provided,Part Time Care",Y,NO,NO,NO,1369878,Lil Hoppers Learning Center,FORT WORTH,3330 E LANCASTER AVE,76103 2913,Lil' Hoppers Learning Center,4.8,21.0,5,high_confidence,4.3,0,1,0,0,0,5,0.294,0.059
ChIJfekDZWhYXIYRtXlKey8wD_c,5,2,3,0,0,19,0,49,2009-10-15,"School Age Care,Meals Provided ,After School Care,Snacks Provided,Transportation to/from School ,Field Trips",Y,NO,NO,NO,545368,Guardian Angel Child Development Center,SAN ANTONIO,1630 PLEASANTON RD,78221 1151,Guardian Angel Child Development Center,4.2,20.0,5,high_confidence,16.2,0,1,0,0,0,10,0.526,0.263
ChIJff_yV1FcXIYRpCVv1NoRIB0,2,5,1,0,0,19,0,90,2016-07-08,"School Age Care,Before School Care,Meals Provided ,After School Care,Snacks Provided,Drop-In Care,Part Time Care,Transportation to/from School ,Field Trips",Y,NO,NO,NO,1249112,A-2-Z Learning Center #3,SAN ANTONIO,5943 CULEBRA RD,78238 5102,A-2-Z Learning Center #3,3.5,8.0,5,high_confidence,9.5,0,1,0,0,0,8,0.421,0.105
ChIJfwoz3AKLXIYR-B50hm2B3bE,3,4,5,1,0,18,0,118,2024-03-12,"School Age Care,Before School Care,Meals Provided ,After School Care,Snacks Provided,Drop-In Care,Skill Classes,Part Time Care,Transportation to/from School ,Field Trips",Y,NO,NO,NO,1460333,"Multi-Intelligence Kids College, LLC",SAN ANTONIO,"2235 THOUSAND OAKS DR STE 115,118",78232 3969,"Multi-Intelligence Kids College, LLC",5.0,7.0,5,high_confidence,1.8,0,1,0,0,0,13,0.722,0.167
ChIJfxhf3VTHQIYRNbKihp97EtU,2,8,10,0,0,12,0,75,1987-06-16,"School Age Care,Meals Provided ,Snacks Provided,Drop-In Care,Part Time Care",Y,NO,NO,NO,95135,WEST END CHILD DEVELOPMENT CENTER,HOUSTON,170 HEIGHTS BLVD,77007 3729,West End Child Development Center,3.2,18.0,5,high_confidence,38.5,0,1,0,0,0,20,1.667,0.167
ChIJg0SZmvC3QIYRNKhpmtibQcY,0,0,0,0,0,1,0,34,2026-03-17,"School Age Care,Meals Provided ,After School Care,Snacks Provided,Drop-In Care,Part Time Care,Transportation to/from School ,Field Trips",N,NO,NO,NO,1524949,Growing Greatness Academy,HOUSTON,14623 SEQUOIA BEND BLVD,77032 4617,Growing Greatness Academy,5.0,4.0,4,high_confidence,0.0,0,0,0,0,0,0,0.0,0.0
ChIJg0San5TSQIYRQu52-ax0HqA,1,5,4,1,0,5,0,465,2002-08-13,"Part Time Care,Transportation to/from School ,Field Trips",N,NO,NO,NO,211955,The Adventure School,HOUSTON,10555 SPRING CYPRESS RD,77070 6425,The Adventure Preschool,5.0,14.0,5,high_confidence,23.4,0,0,0,0,0,11,2.2,0.2
ChIJg0d2o_2IXIYR3PlSmR6cY4s,1,2,3,0,2,18,0,231,2020-01-31,"School Age Care,Before School Care,Accredited,Meals Provided ,After School Care,Snacks Provided,Skill Classes,Part Time Care,Transportation to/from School ,Field Trips",Y,NO,NO,NO,1347246,Primrose School At Cibolo Canyons,SAN ANTONIO,3330 TPC PKWY,78261 2871,Primrose School at Cibolo Canyons,4.7,27.0,5,high_confidence,5.9,1,1,0,0,0,8,0.444,0.056
ChIJg18NUCehToYRZng4TpjFZS4,0,0,0,0,0,4,0,200,2025-09-30,"Meals Provided ,Snacks Provided,Part Time Care",N,NO,NO,NO,1515411,The Goddard School of Dallas Lake Highlands,DALLAS,10622 E NORTHWEST HWY,75238 4835,The Goddard School of Dallas Lake Highlands,5.0,22.0,5,high_confidence,0.3,0,0,0,0,0,0,0.0,0.0
ChIJg241fQ1xToYRk4DsA81Pbwk,0,1,0,0,0,7,0,70,2021-03-08,"School Age Care,Before School Care,After School Care,Snacks Provided,Drop-In Care",Y,NO,NO,NO,1372257,Clayton Youth Enrichment @ Broadway Baptist,FORT WORTH,305 W BROADWAY AVE,76104 1238,Broadway Baptist Church,4.4,228.0,5,medium_confidence,4.8,0,1,0,0,0,1,0.143,0.0
ChIJg5kHWFNCXIYR0WdpHSTr7MQ,5,6,2,1,0,18,0,189,2024-10-23,"School Age Care,Before School Care,Meals Provided ,After School Care,Snacks Provided,Transportation to/from School ,Field Trips",Y,NO,NO,NO,1487211,The Pillars Christian Learning Center,SAN ANTONIO,11040 REED RD,78251 3333,The Pillars Christian Learning Centers - Reed,4.6,163.0,5,high_confidence,1.2,0,1,0,0,0,14,0.778,0.278
ChIJg73ZB5WbQIYRMLiU1JrjLqc,7,8,4,0,0,20,1,73,2020-07-16,"School Age Care,Before School Care,Meals Provided ,After School Care,Snacks Provided,Transportation to/from School ,Field Trips",Y,NO,NO,NO,1346043,Cora's Cottage Care For Kids,HOUSTON,10851 SCARSDALE BLVD STE 700,77089 5742,Cora's Cottage Care,3.7,28.0,5,high_confidence,5.5,0,1,0,0,0,19,0.95,0.35
ChIJg9F6mBqcToYRt0hUEyX3zBo,5,4,0,0,0,15,0,300,1988-10-14,"Accredited,Meals Provided ,Snacks Provided",N,NO,NO,NO,112409,Callier Child Development Program,DALLAS,1966 INWOOD RD,75235 7205,Callier Child Development,4.3,8.0,5,high_confidence,37.2,1,0,0,0,0,9,0.6,0.333
ChIJg9_-njR3ToYRnh_6GUSsY9Y,8,5,6,0,0,14,2,131,2024-06-04,"School Age Care,After School Care,Snacks Provided",N,NO,NO,NO,1464981,YMCA Rolling Hills Elementary,FORT WORTH,10351 ORCHARD WAY,76126,Rolling Hills Elementary School (FWISD),,,0,medium_confidence,1.6,0,0,0,0,0,19,1.357,0.571
ChIJgQaltIjYQIYRSN4VbnTaMFI,5,4,9,0,1,18,0,99,1986-05-14,"School Age Care,Before School Care,Accredited,Meals Provided ,After School Care,Snacks Provided,Part Time Care,Transportation to/from School ,Field Trips",Y,NO,NO,NO,99072,Fry Road KinderCare,HOUSTON,2202 FRY RD,77084 5827,Fry Road KinderCare,4.5,47.0,5,high_confidence,39.6,1,1,0,0,0,19,1.056,0.278
ChIJgS-XvrOYToYRWO9RLLNr_XE,6,10,3,0,0,15,0,66,2024-10-15,"Meals Provided ,Snacks Provided,Weekend Care",Y,NO,NO,NO,1470734,Munger Square Educational Child Care Center,DALLAS,5302 JUNIUS ST,75214 5311,Munger Square Child Care,4.1,16.0,5,medium_confidence,1.2,0,1,0,0,0,19,1.267,0.4
ChIJgSAczJghTIYRhzE-KCpkerM,0,1,0,0,0,16,0,136,2022-01-19,Snacks Provided,N,NO,NO,NO,1383724,Spanish Schoolhouse,DALLAS,5242 MEADOWCREEK DR,75248 4081,Spanish Schoolhouse,4.5,30.0,5,high_confidence,4.0,0,0,0,0,0,1,0.062,0.0
ChIJgSCiSBN9W4YRCJ5eC05b3sE,2,6,2,1,0,7,2,60,2025-02-21,"School Age Care,Meals Provided ,Snacks Provided",N,NO,NO,NO,1486521,Head Start Behlau Elementary,SAN ANTONIO,2355 CAMP LIGHT WAY,78245 4002,Bobbye Behlau Elementary School,,,0,medium_confidence,0.9,0,0,0,0,0,11,1.571,0.286
ChIJgSDAiwLHQIYRbISa2tHXfc4,4,17,12,2,0,19,1,80,2023-09-26,"School Age Care,Meals Provided ,Snacks Provided",N,NO,NO,NO,1437632,Mariner Montessori at The Heights,HOUSTON,5317 DARLING ST,77007 1915,Mariner Montessori at Heights,4.8,48.0,5,high_confidence,2.3,0,0,0,0,0,35,1.842,0.211
ChIJgSpHfc7rQIYRMlSbXJl1z30,4,2,0,0,0,11,0,92,2015-11-19,"School Age Care,Before School Care,Meals Provided ,After School Care,Snacks Provided,Drop-In Care,Part Time Care,Transportation to/from School ,Field Trips",Y,NO,NO,NO,1182506,Key Concepts Kan Learning Center,HOUSTON,14001 S POST OAK RD,77045 5137,Key Concepts Kan Learning Center,4.7,6.0,5,high_confidence,10.1,0,1,0,0,0,6,0.545,0.364
ChIJgSs9tEDTQIYRdbGAnY0a_Dw,10,16,9,1,0,25,0,149,2020-06-01,"School Age Care,Before School Care,Accredited,Meals Provided ,After School Care,Snacks Provided,Drop-In Care,Part Time Care,Transportation to/from School ,Weekend Care,Field Trips,Night Care",Y,NO,NO,NO,1342321,Whiz Kids Playhouse,HOUSTON,16610 CHARTERSTONE DR,77070 1976,Whiz Kids Playhouse,4.6,31.0,5,high_confidence,5.6,1,1,0,0,0,36,1.44,0.4
ChIJgTCsbmClQIYRbQL3lHooZds,4,17,13,0,0,27,0,117,2022-01-19,"School Age Care,Before School Care,Meals Provided ,After School Care,Snacks Provided,Drop-In Care,Part Time Care,Transportation to/from School ,Weekend Care,Field Trips,Night Care",Y,NO,NO,NO,1381934,As We Grow Learning Center - East,HOUSTON,12355 WOOD FOREST DR,77013 4944,As We Grow Learning Center,4.6,96.0,5,high_confidence,4.0,0,1,0,0,0,34,1.259,0.148
ChIJgTK_-kGXToYRjcbnEfsKhBk,1,3,3,0,0,12,0,103,1994-11-05,"School Age Care,Before School Care,Meals Provided ,After School Care,Snacks Provided,Transportation to/from School ,Field Trips",Y,NO,NO,NO,136116,Pace and Ross Learning Center,DALLAS,3922 S MARSALIS AVE,75216 6106,Pace & Ross Learning Center,4.5,26.0,5,high_confidence,31.2,0,1,0,0,0,7,0.583,0.083
ChIJgTgrhVaXQIYR7zYwr3LufSI,3,2,4,2,0,6,2,170,2002-12-05,"After School Care,Drop-In Care,Transportation to/from School",Y,NO,NO,NO,208512,Kidz Come 1st  DC & Learning Center,HOUSTON,10863 KIRKFAIR DR,77089 3037,Kidz Come 1st,4.2,11.0,5,medium_confidence,23.1,0,1,0,0,0,11,1.833,0.5
ChIJgTwqJji1RIYRfJ6tS8pi-ko,1,3,5,0,1,10,0,24,2010-09-03,"Part Time Care,Field Trips",N,NO,NO,NO,511751,Natures Way Preschool,AUSTIN,301 NATURE CENTER DR,78746 5775,Nature's Way Preschool,3.8,5.0,5,high_confidence,15.3,0,0,0,0,0,10,1.0,0.1
ChIJgU2W27-XToYRiLxJJ1c4t4U,1,9,9,0,0,9,0,99,2003-04-01,"School Age Care,Before School Care,Meals Provided ,After School Care,Snacks Provided,Drop-In Care,Part Time Care,Transportation to/from School",Y,NO,NO,NO,211610,Burning Bush Academy,DALLAS,4943 BONNIE VIEW RD,75241 1602,Burning Bush Academy,,,0,high_confidence,22.8,0,1,0,0,0,19,2.111,0.111
ChIJgX97mxuLXIYRlGssgHL3x78,6,23,22,4,0,11,0,46,2025-12-29,"School Age Care,Meals Provided ,After School Care,Snacks Provided,Part Time Care",N,NO,NO,NO,1504325,Right Path Child Development Center,SAN ANTONIO,12802 NACOGDOCHES RD,78217 1964,Right Path Child Development Center,5.0,4.0,4,high_confidence,0.0,0,0,0,0,0,55,5.0,0.545
ChIJgYGqNVBnXIYRK8H71iYLwqk,4,6,7,1,0,34,1,205,2011-01-03,"School Age Care,Meals Provided ,After School Care,Snacks Provided,Transportation to/from School ,Field Trips",Y,NO,NO,NO,776608,Mi Casa Center,SAN ANTONIO,8601 CINNAMON CREEK DR,78240 1437,Mi Casa Child Center,4.5,67.0,5,high_confidence,15.0,0,1,0,0,0,18,0.529,0.118
ChIJgZEj4PHMRIYRbVdlprVABhA,2,6,2,0,0,9,0,99,2001-07-05,"Meals Provided ,After School Care,Snacks Provided,Skill Classes,Part Time Care,Transportation to/from School",Y,NO,NO,NO,170328,Magic Dragon Multi Cultural Program,AUSTIN,11713 JOLLYVILLE RD,78759 3936,The Magic Dragon Preschool,3.8,4.0,4,medium_confidence,24.5,0,1,0,0,0,10,1.111,0.222
ChIJgZLECQ_JQIYRz55zonCDQfs,5,5,1,1,1,8,1,100,2025-05-28,"School Age Care,Before School Care,Meals Provided ,After School Care,Snacks Provided,Drop-In Care,Part Time Care,Transportation to/from School ,Weekend Care,Field Trips",N,NO,NO,NO,1470313,2 Unique Kids Learning Academy,HOUSTON,1319 W MOUNT HOUSTON RD,77038 3803,2 Unique Kids Childcare,5.0,5.0,5,medium_confidence,0.6,0,0,0,0,0,13,1.625,0.625
ChIJgZZxfQBNW4YRx2XHnYIJRRA,0,0,0,0,0,6,0,20,2025-03-07,,N,NO,NO,NO,1488475,Kidspring Bilingual Learning Center,AUSTIN,2119 FRATE BARKER RD UNIT 2102,78748 3603,KidSpring Bilingual Learning Center,5.0,3.0,3,high_confidence,0.8,0,0,0,0,0,0,0.0,0.0
ChIJgZb3QKGdQIYRRVwIgaw5EfQ,3,4,4,0,0,7,2,76,2020-07-28,"School Age Care,Before School Care,After School Care,Drop-In Care,Part Time Care,Transportation to/from School ,Field Trips",Y,NO,NO,NO,1342638,Clear Lake Child Care,HOUSTON,16020 EL CAMINO REAL,77062 4414,Clear Lake Child Care,4.9,39.0,5,high_confidence,5.4,0,1,0,0,0,11,1.571,0.429
ChIJgZmHWLzJRIYRNpepgaqHsvo,9,3,0,0,0,24,0,129,2003-04-14,"Accredited,Meals Provided ,Snacks Provided",N,NO,NO,NO,215531,Forbes Child Development Center Child Incorporated,AUSTIN,2217 FORBES DR,78754 5144,Child Inc. Forbes Child Development Center,4.0,6.0,5,high_confidence,22.7,1,0,0,0,0,12,0.5,0.375
ChIJgZoUXdpfXIYRixjmOQsap3c,1,0,0,0,0,4,0,85,2026-01-27,"School Age Care,Meals Provided ,After School Care,Snacks Provided,Drop-In Care",N,NO,NO,NO,1522797,Kiddie Corner Learning Academy 3,SAN ANTONIO,2508 BUENA VISTA ST,78207 3742,Kiddie Corner Learning Center 3,5.0,2.0,2,high_confidence,0.0,0,0,0,0,0,1,0.25,0.25
ChIJga0KG-XRQIYRxx8AkWsrs8Q,0,0,0,0,0,6,0,37,2020-02-28,"Meals Provided ,Snacks Provided,Part Time Care",Y,NO,NO,NO,1337007,Brautigam Center Day Care,HOUSTON,13102 JONES RD,77070 4438,Brautigam Center,,,0,medium_confidence,5.8,0,1,0,0,0,0,0.0,0.0
ChIJgbpegy7oQIYR_8JH5VuQswY,8,8,6,4,0,7,5,72,2014-03-25,"School Age Care,Meals Provided ,After School Care,Snacks Provided,Drop-In Care,Part Time Care,Transportation to/from School ,Field Trips",Y,NO,NO,NO,1119786,Little Angels Mercy Daycare Academy,HOUSTON,8250 CREEKBEND DR,77071 1136,Little Angels Mercy Daycare Academy,5.0,2.0,2,high_confidence,11.8,0,1,0,0,0,26,3.714,1.143
ChIJgbzDuBBmXIYRUYYkk8SvCas,9,6,4,1,0,29,0,210,2006-07-10,"School Age Care,Before School Care,Accredited,Meals Provided ,After School Care,Snacks Provided,Part Time Care,Transportation to/from School ,Field Trips",N,NO,NO,NO,287582,Primrose School at Sonoma Ranch,SAN ANTONIO,14875 KYLE SEALE PKWY,78255 2341,Primrose School at Sonoma Ranch,4.5,28.0,5,high_confidence,19.5,1,0,0,0,0,20,0.69,0.31
ChIJgeKlPuDJRIYR8IJpJU2O7BA,2,2,3,1,0,7,1,49,2019-02-26,"School Age Care,Meals Provided ,After School Care,Snacks Provided,Drop-In Care,Part Time Care",N,NO,NO,NO,1324403,Two Steps Ahead Learning Center,AUSTIN,3028 ROGGE LN,78723 4829,Two Steps Learning,3.9,10.0,5,medium_confidence,6.8,0,0,0,0,0,8,1.143,0.286
ChIJgfEin12NXIYRJ_y5PQEtyzA,0,0,0,0,0,6,0,50,2016-02-26,"Snacks Provided,Part Time Care",N,NO,NO,NO,1194291,CT Day School,SAN ANTONIO,14335 OCONNOR RD,78247 1815,ct|day school Mother's Day Out,,,0,medium_confidence,9.8,0,0,0,0,0,0,0.0,0.0
ChIJgytoJN7ZQIYR7pkwFTpV6_k,1,4,1,1,0,9,0,111,2008-01-25,"After School Care,Drop-In Care,Part Time Care,Transportation to/from School ,Field Trips,Night Care",Y,NO,NO,NO,319950,Building Blocks Academy Bear Creek,HOUSTON,17645 KIETH HARROW BLVD,77084 5710,Building Blocks Academy Bear Creek,4.7,82.0,5,high_confidence,17.9,0,1,0,0,0,7,0.778,0.111
ChIJgzPzO_JYXIYRyK7737MA0v8,2,2,1,0,0,13,0,112,2000-01-10,"Meals Provided ,After School Care,Snacks Provided,Part Time Care,Transportation to/from School ,Field Trips",Y,NO,NO,NO,151043,Little Wonderland Childcare,SAN ANTONIO,510 W THEO AVE,78214 1049,Little Wonderland Child Care & Learning Center Inc,4.6,64.0,5,medium_confidence,26.0,0,1,0,0,0,5,0.385,0.154
ChIJh-8UwZ8gTIYRIemyYH5SUoQ,0,0,2,1,0,7,0,65,1986-11-18,"Accredited,Snacks Provided,Part Time Care,Field Trips",N,NO,NO,NO,112673,Preston Royal Preschool,DALLAS,5600 ROYAL LN,75229 5533,Preston Royal Preschool,5.0,1.0,1,high_confidence,39.1,1,0,0,0,0,3,0.429,0.0
ChIJh0DnhAdoXIYRreE-MFLyxww,7,10,2,1,0,20,1,266,2023-05-18,"School Age Care,Before School Care,Meals Provided ,After School Care,Snacks Provided,Part Time Care,Transportation to/from School ,Field Trips",Y,NO,NO,NO,1425971,The Nest School San Antonio,SAN ANTONIO,7900 OLD TEZEL RD,78250 3016,The Nest Schools San Antonio,4.7,33.0,5,high_confidence,2.6,0,1,0,0,0,20,1.0,0.35
ChIJh1aKt3e-QIYREsh4XGtVIgQ,8,2,11,0,1,13,0,91,1999-02-12,"Meals Provided ,Snacks Provided",Y,NO,NO,NO,153069,AAMA Sanchez High School,HOUSTON,6001 GULF FWY,77023 5423,AAMA AAMA Sanchez Charter School,,,0,medium_confidence,26.9,0,1,0,0,0,22,1.692,0.615
ChIJh3VrswaVQIYRgq-Z35I37BA,1,4,1,1,0,8,0,89,1992-09-02,"School Age Care,Before School Care,Meals Provided ,After School Care,Snacks Provided,Drop-In Care",Y,NO,NO,NO,97094,ABC 123 A Cat A Me,HOUSTON,10914 CULLEN BLVD,77047 1154,ABC-123-A-Cat-A-Me,4.2,9.0,5,medium_confidence,33.3,0,1,0,0,0,7,0.875,0.125
ChIJh4bhOCTLRIYRp_4t6r22jnw,3,6,2,0,2,10,0,49,2019-12-02,"School Age Care,Before School Care,After School Care,Snacks Provided,Skill Classes,Part Time Care,Transportation to/from School",N,NO,NO,NO,1332380,Idea Lab - Austin,AUSTIN,8620 BURNET RD STE 500,78757 7071,IDEA Lab Kids - Central Austin,4.5,13.0,5,medium_confidence,6.1,0,0,0,0,0,13,1.3,0.3
ChIJh4zWcK_2XIYR17VpoEa-elI,6,26,7,4,1,19,6,77,2014-06-30,"School Age Care,Before School Care,Meals Provided ,After School Care,Snacks Provided,Part Time Care",Y,NO,NO,NO,1113480,Young Minds Academy,SAN ANTONIO,12000 STARCREST DR STE 108,78247 4360,Young Men's Leadership Academy at Wheatley,,,0,medium_confidence,11.5,0,1,0,0,0,44,2.316,0.316
ChIJh5k2PVTbQIYRrTPXXN4mAQ0,1,2,0,0,0,8,0,116,2024-03-06,"Drop-In Care,Part Time Care",N,NO,NO,NO,1460674,Alianza Eco International School PCA 3 LLC,HOUSTON,1102 ELDRIDGE PKWY,77077 1647,Alianza Preschool Energy Corridor,5.0,40.0,5,medium_confidence,1.8,0,0,0,0,0,3,0.375,0.125
ChIJh64LccBPW4YRb-vEDIuLiCM,2,4,3,2,0,11,0,200,2021-01-28,"Meals Provided ,Snacks Provided,Part Time Care",Y,NO,NO,NO,1355172,The Goddard School,AUSTIN,12101 ARCHELETA BLVD UNIT 1,78739,The Goddard School of Austin - Circle C Ranch,4.8,52.0,5,medium_confidence,4.9,0,1,0,0,0,11,1.0,0.182
ChIJh67roSRjXIYRXEIhYXCYJY8,4,14,7,2,0,28,1,304,2001-10-18,"Before School Care,Meals Provided ,After School Care,Snacks Provided,Field Trips",Y,NO,NO,NO,171771,Ivy Crest Academy of Early Learning,SAN ANTONIO,21780 HARDY OAK BLVD,78258 4843,Ivy Crest Academy of Stone Oak,4.6,9.0,5,medium_confidence,24.2,0,1,0,0,0,27,0.964,0.143
ChIJh7BsbVjNQIYRhZeWDvyAIFs,3,5,6,0,1,7,0,64,2026-01-27,"School Age Care,Before School Care,Meals Provided ,After School Care,Snacks Provided,Drop-In Care,Part Time Care,Transportation to/from School ,Field Trips",N,NO,NO,NO,1505174,Creating Little Scholars Academy,HOUSTON,3903 CYPRESS CREEK PKWY,77068 3505,Creating Little Scholars Academy,5.0,6.0,5,high_confidence,0.0,0,0,0,0,0,15,2.143,0.429
ChIJh81qAMq1RIYRRydsq6seCCA,0,1,5,0,0,8,0,36,2024-10-17,"Drop-In Care,Part Time Care",N,NO,NO,NO,1476097,"Xochitl Montessori and Spanish Immersion School, LLC",AUSTIN,1701 E 34TH ST,78722 1618,Xochitl Montessori,,,0,medium_confidence,1.2,0,0,0,0,0,6,0.75,0.0
ChIJh95i5rs0W4YRIVqSdDvyW7Q,13,10,2,0,0,28,0,275,1999-06-17,"Meals Provided ,After School Care,Snacks Provided,Drop-In Care,Skill Classes,Part Time Care,Transportation to/from School ,Field Trips",N,NO,NO,NO,159110,Childrens Center of Austin,AUSTIN,6507 JESTER BLVD BLDG II,78750 8368,Children's Center of Austin - Jester,4.4,25.0,5,high_confidence,26.5,0,0,0,0,0,25,0.893,0.464
ChIJh9PLFUP1XIYRGTiY6g5g4N0,1,2,3,1,0,7,1,46,2025-05-19,After School Care,N,NO,NO,NO,1492573,Immersion Montessori Academy,SAN ANTONIO,1539 E SANDALWOOD LN,78209 1729,Immersion Montessori Academy,5.0,27.0,5,high_confidence,0.6,0,0,0,0,0,7,1.0,0.143
ChIJhQ-I1BRgXIYRvoa6k-eSnI8,0,6,2,0,0,8,0,193,2004-08-03,"School Age Care,Before School Care,Meals Provided ,After School Care,Snacks Provided,Drop-In Care,Part Time Care,Transportation to/from School ,Field Trips,Night Care",Y,NO,NO,NO,236020,Castle Hills Learning Center and Day Care #6,SAN ANTONIO,4638 CENTERVIEW,78228 1201,Castle Hills Learning Center and Day Care,2.3,9.0,5,high_confidence,21.4,0,1,0,0,0,8,1.0,0.0
ChIJhTQVinK1RIYRHGXdDRP1kSw,1,2,1,1,0,11,1,47,2019-04-18,"School Age Care,After School Care,Skill Classes,Part Time Care",Y,NO,NO,NO,1318289,Yoga Peace School,AUSTIN,3418 E MARTIN LUTHER KING JR B,78721 1047,Yoga Peace School,4.3,6.0,5,high_confidence,6.7,0,1,0,0,0,5,0.455,0.091
ChIJhTiu9jilQIYREqq7fmz7zFc,11,3,4,1,0,15,2,112,2012-11-15,"School Age Care,Before School Care,Meals Provided ,After School Care,Snacks Provided,Drop-In Care,Part Time Care,Transportation to/from School ,Field Trips",Y,NO,NO,NO,1025269,Tomorrows Future Development Ctr,HOUSTON,8514 C E KING PKWY STE F,77044 2350,Tomorrow's Future Development Center,3.2,50.0,5,high_confidence,13.1,0,1,0,0,0,19,1.267,0.733
ChIJhUCa2gVtToYRrfvcGm3oX0k,1,3,8,2,0,10,0,38,2007-10-26,Part Time Care,N,NO,NO,NO,310455,Early Learning Place,FORT WORTH,7001 TRAIL LAKE DR,76133 6011,Early Learning Place,5.0,2.0,2,high_confidence,18.2,0,0,0,0,0,14,1.4,0.1
ChIJhVGB7Za_QIYRaqbVocebvgk,6,14,1,0,0,15,0,323,1989-01-17,"After School Care,Drop-In Care,Part Time Care,Transportation to/from School",N,NO,NO,NO,105313,SW YMCA Texas Medical Center C,HOUSTON,5614 H MARK CROSSWELL JR ST,77021 1079,YMCA Children's Academy at Texas Medical Center,3.6,23.0,5,medium_confidence,37.0,0,0,0,0,0,21,1.4,0.4
ChIJhW_i1aelToYRrcIcXLV27kY,1,1,0,0,0,10,0,51,2008-10-31,"School Age Care,Before School Care,Meals Provided ,After School Care,Snacks Provided,Drop-In Care,Part Time Care,Transportation to/from School ,Field Trips",Y,NO,NO,NO,372219,Gingerbread House Academy Inc.,DALLAS,1805 N GARRETT AVE,75206 7516,Gingerbread House Academy Inc.,4.1,30.0,5,high_confidence,17.2,0,1,0,0,0,2,0.2,0.1
ChIJhY3cfyC-QIYRHOdxjsRL7Qw,2,0,2,0,0,7,0,86,2015-04-10,"School Age Care,Meals Provided ,Snacks Provided",N,NO,NO,NO,1156572,Kelso Head Start Center,HOUSTON,5800 SOUTHMUND ST,77033 1832,Kelso Elementary School,,,0,medium_confidence,10.7,0,0,0,0,0,4,0.571,0.286
ChIJhY8nAMQfTIYRi6Z_7GpfKcs,2,1,0,0,0,7,0,45,2013-03-14,"After School Care,Snacks Provided",Y,NO,NO,NO,1090769,Richardson ISD - Aikin Elementary,DALLAS,12300 PLEASANT VALLEY DR,75243 4813,Aikin Elementary,,,0,medium_confidence,12.8,0,1,0,0,0,3,0.429,0.286
ChIJhYBwyt_bQIYRghsMTJyxYdQ,5,14,7,1,2,12,1,150,2006-05-10,"School Age Care,Before School Care,Meals Provided ,After School Care,Snacks Provided,Part Time Care,Transportation to/from School ,Field Trips",Y,NO,NO,NO,274019,The Alphabet Club,HOUSTON,14530 OLD KATY RD,77079 1024,The Alphabet Club,4.3,42.0,5,high_confidence,19.6,0,1,0,0,0,29,2.417,0.417
ChIJh_2nQ8_LQIYR8cHbVPRJc0o,16,18,16,1,0,19,0,80,2020-10-12,"School Age Care,Before School Care,Meals Provided ,After School Care,Snacks Provided,Part Time Care,Transportation to/from School ,Field Trips",Y,NO,NO,NO,1341214,Fundamental Learning Center,HOUSTON,829 PEAKWOOD DR,77090 2905,Fundamental Learning Center,4.3,27.0,5,high_confidence,5.2,0,1,0,0,0,51,2.684,0.842
ChIJh_5-6G7LRIYRSbzDcyxgD44,1,1,0,1,0,5,0,182,1990-05-08,"Part Time Care,Field Trips",N,NO,NO,NO,95997,ST Matthews Episcopal School,AUSTIN,8134 MESA DR,78759 8615,St Matthews Episcopal Day School,5.0,2.0,2,high_confidence,35.7,0,0,0,0,0,3,0.6,0.2
ChIJh_ilE3ltToYRk0RnxR8zeNQ,10,7,6,0,1,15,0,70,2024-02-09,"School Age Care,Before School Care,Meals Provided ,After School Care,Snacks Provided,Part Time Care,Transportation to/from School",N,NO,NO,NO,1456752,The Wynn Academy Hulen,FORT WORTH,7321 S HULEN ST,76133 6616,The Wynn Academy Hulen,4.3,11.0,5,high_confidence,1.9,0,0,0,0,0,24,1.6,0.667
ChIJhbuUgD7SQIYRWTP3KYVkiH8,1,10,7,0,0,11,1,74,2025-11-24,"School Age Care,Before School Care,Accredited,Meals Provided ,After School Care,Snacks Provided,Part Time Care,Transportation to/from School ,Field Trips",Y,NO,NO,NO,1473081,Not Just Another Daycare,HOUSTON,13229 JONES RD,77070 4439,Not Just Another Daycare,4.2,40.0,5,high_confidence,0.1,1,1,0,0,0,18,1.636,0.091
ChIJhc7DKwjcQIYR2PafxkYbv4s,6,14,1,0,1,13,0,150,1996-03-27,"After School Care,Drop-In Care,Skill Classes,Part Time Care,Transportation to/from School ,Field Trips",Y,NO,NO,NO,143568,Brimhurst KinderCare,HOUSTON,1407 PARKWAY PLAZA DR,77077 1504,Brimhurst KinderCare,4.5,71.0,5,high_confidence,29.8,0,1,0,0,0,22,1.692,0.462
ChIJhcI519PRQIYR6sVfL5wYS0Y,1,1,1,1,0,7,1,104,2011-09-30,Part Time Care,N,NO,NO,NO,852743,St. Maximilian Kolbe-Kolbe Kids' ECP,HOUSTON,10135 WEST RD,77064 5361,St Maximilian Kolbe Catholic Church,4.9,238.0,5,medium_confidence,14.3,0,0,0,0,0,4,0.571,0.143
ChIJhcUZotIyW4YRJoPjwAXXPYU,6,6,2,0,0,16,0,66,2014-07-14,"School Age Care,Before School Care,Meals Provided ,After School Care,Snacks Provided,Drop-In Care,Part Time Care,Transportation to/from School ,Weekend Care,Field Trips,Night Care",N,NO,NO,NO,1134945,Ashleys Playhouse,AUSTIN,13343 N HWY 183 STE 200,78750 7167,Ashley's Playhouse,4.4,75.0,5,high_confidence,11.5,0,0,0,0,0,14,0.875,0.375
ChIJheRHMYJxToYRy5-mfBHhG9I,0,1,0,0,0,8,0,160,2007-07-12,"Meals Provided ,Snacks Provided,Drop-In Care,Part Time Care,Field Trips",N,NO,NO,NO,317020,Baylor All Saints Child Care and Preschool,FORT WORTH,1709 ENDERLY PL,76104 4123,"Baylor Scott & White Health, All Saints Children's Campus",4.3,18.0,5,medium_confidence,18.5,0,0,0,0,0,1,0.125,0.0
ChIJheq6ZwvGQIYRX6VwLuy7RXM,3,5,1,1,2,11,1,52,2022-04-07,"School Age Care,Before School Care,Meals Provided ,After School Care,Snacks Provided,Drop-In Care,Part Time Care,Field Trips",Y,NO,NO,NO,1388726,Small World Learning Academy,HOUSTON,5018 ANTOINE DR,77092 3357,Small World Learning Academy,4.6,10.0,5,high_confidence,3.7,0,1,0,0,0,12,1.091,0.273
ChIJheyjEmHdQIYR9YLwz-Acqbo,13,20,15,0,1,21,0,96,2022-06-13,"School Age Care,Before School Care,Meals Provided ,After School Care,Snacks Provided,Drop-In Care,Part Time Care,Transportation to/from School ,Field Trips",Y,NO,NO,NO,1390307,America's Choice Child Care,HOUSTON,11855 BISSONNET ST,77099 1904,America's Choice Childcare Center - Bissonnet,4.8,47.0,5,medium_confidence,3.6,0,1,0,0,0,49,2.333,0.619
ChIJhfhRVsrrQIYRRbscwYzkm8k,9,16,6,3,0,11,0,118,1993-12-22,"School Age Care,Before School Care,Meals Provided ,After School Care,Snacks Provided,Part Time Care,Transportation to/from School ,Field Trips",Y,NO,NO,NO,134269,Jumping Jacks Learning Center,HOUSTON,5214 BOYNTON DR,77045 5014,Jumping Jacks Learning Center,4.7,22.0,5,high_confidence,32.0,0,1,0,0,0,34,3.091,0.818
ChIJhfpzQ79hXIYR7jUERJE4_r8,0,6,4,0,0,10,0,153,2009-12-04,"Accredited,Meals Provided ,Snacks Provided,Drop-In Care,Part Time Care",Y,NO,NO,NO,558088,La Petite Academy Inc.,SAN ANTONIO,1107 W BITTERS RD,78216 7808,La Petite Academy on West Bitters,4.4,32.0,5,medium_confidence,16.1,1,1,0,0,0,10,1.0,0.0
ChIJhyB6qu0zW4YRmsk_sdhl2X8,3,0,0,0,0,8,0,60,2024-10-07,"School Age Care,After School Care,Snacks Provided,Skill Classes,Part Time Care,Transportation to/from School",N,NO,NO,NO,1475083,Idea Lab NW Austin,AUSTIN,13642 RESEARCH BLVD,78750,IDEA Lab Kids - Northwest Austin,5.0,3.0,3,medium_confidence,1.2,0,0,0,0,0,3,0.375,0.375
ChIJhz1cHcKfToYRA4X65o6LIu0,6,7,0,0,0,23,0,156,2020-02-26,"Meals Provided ,Snacks Provided,Transportation to/from School",Y,NO,NO,NO,1336888,Moody Family Childcare & Youth Services Center,DALLAS,1651 MATILDA ST,75206 8880,Moody Family Childcare & Youth Services Center,3.0,6.0,5,high_confidence,5.8,0,1,0,0,0,13,0.565,0.261
ChIJhz6JBoOeToYRgLSRO8y5_5g,6,7,4,0,0,12,0,75,1991-09-12,"School Age Care,Before School Care,Meals Provided ,After School Care,Snacks Provided,Part Time Care,Transportation to/from School ,Field Trips",Y,NO,NO,NO,118171,ALC Early Care And Education Centers,DALLAS,6610 TYREE ST,75209 4517,Aisha's Learning Center,4.2,15.0,5,medium_confidence,34.3,0,1,0,0,0,17,1.417,0.5
ChIJhzbcLyhvToYRdHiMCCnlQvA,12,8,5,1,0,21,1,50,2024-04-19,"School Age Care,Before School Care,Meals Provided ,After School Care,Snacks Provided,Part Time Care,Transportation to/from School ,Weekend Care,Field Trips",Y,NO,NO,NO,1432027,Choo Choo Train Early Learning Center LLC,FORT WORTH,807 W ENON AVE,76140 3700,Choo Choo Train Early Learning Center,5.0,17.0,5,high_confidence,1.7,0,1,0,0,0,26,1.238,0.571
ChIJhzhvswq1RIYRWLNAPzM9yZo,3,3,6,0,1,11,0,85,2001-08-02,"Accredited,Part Time Care,Field Trips",Y,NO,NO,NO,96013,First United Methodist Preschool,AUSTIN,1201 LAVACA ST,78701 1831,First United Methodist Preschool,4.9,13.0,5,high_confidence,24.4,1,1,0,0,0,13,1.182,0.273
ChIJi-W_W9ZnXIYR8K2L1jdDfGw,4,1,1,1,0,19,0,169,2020-02-06,"Meals Provided ,Snacks Provided,Part Time Care,Weekend Care",N,NO,NO,NO,1336755,"CG Kids, LLC DBA The Goddard School",SAN ANTONIO,10907 BIERING RD,78249 3855,The Goddard School of San Antonio,4.6,45.0,5,medium_confidence,5.9,0,0,0,0,0,7,0.368,0.211
ChIJi-yxqk72XIYRX1_Vn5Ccb9M,1,4,2,1,0,9,0,64,2018-09-04,"School Age Care,Before School Care,Meals Provided ,After School Care,Snacks Provided,Part Time Care,Transportation to/from School ,Field Trips",Y,NO,NO,NO,1299561,Highlands Learning Academy,SAN ANTONIO,3314 S GEVERS ST,78210 5421,Highlands Learning Academy,4.2,23.0,5,high_confidence,7.3,0,1,0,0,0,8,0.889,0.111
ChIJi0ZYp0SXQIYRIyYGFvnUUdI,2,5,1,3,0,14,2,106,2022-03-04,"School Age Care,Before School Care,Meals Provided ,After School Care,Snacks Provided,Skill Classes,Transportation to/from School ,Field Trips",Y,NO,NO,NO,1386556,"Armenta's Early Childhood, LLC",HOUSTON,9910 FUQUA ST STE H,77075 5169,"Armenta's Early Childhood Development, LLC",4.6,19.0,5,high_confidence,3.8,0,1,0,0,0,11,0.786,0.143
ChIJi129uDCyRIYRzoVbRbDyWKk,0,0,0,0,0,1,0,150,2026-04-01,"School Age Care,Before School Care,After School Care,Snacks Provided,Drop-In Care,Part Time Care",N,NO,NO,NO,1524160,Right at School at Newton Collins Elementary,AUSTIN,7609 APOGEE BLVD,78744 2405,Newton Collins Elementary,,,0,medium_confidence,0.0,0,0,0,0,0,0,0.0,0.0
ChIJi3CjFbhdXIYRfW3qE5t7bDc,7,11,4,0,0,12,0,50,2007-04-25,"School Age Care,Meals Provided ,After School Care,Snacks Provided,Drop-In Care,Part Time Care,Transportation to/from School ,Field Trips",Y,NO,NO,NO,303388,Great Beginnings Child Development Center Inc.,SAN ANTONIO,4630 TIMCO W,78238 1972,Great Beginnings Child Development,3.9,11.0,5,high_confidence,18.7,0,1,0,0,0,22,1.833,0.583
ChIJi40Kt7yZToYRQhgQSHDdoRk,3,1,0,0,0,14,1,86,2003-09-16,"School Age Care,Before School Care,Meals Provided ,After School Care,Snacks Provided,Drop-In Care,Part Time Care,Transportation to/from School",Y,NO,NO,NO,214744,American Care Academy,DALLAS,530 S R L THORNTON FWY,75203 3011,American Care Academy,4.2,53.0,5,high_confidence,22.3,0,1,0,0,0,4,0.286,0.214
ChIJi43Zh7wMToYR-ajcHBD3n1c,2,4,6,0,0,9,1,85,2023-03-20,"School Age Care,After School Care,Snacks Provided",N,NO,NO,NO,1414876,YMCA at Liberty Elementary,FORT WORTH,7976 WHITNEY DR,76108 2844,Liberty Elementary School,,,0,medium_confidence,2.8,0,0,0,0,0,12,1.333,0.222
ChIJi4PUbwBLW4YRDhJePRky7Zk,0,0,3,0,0,6,0,32,2025-11-05,"School Age Care,Snacks Provided,Part Time Care",N,NO,NO,NO,1505980,Angels on Earth DLCC,AUSTIN,7402 BRODIE LN,78745 5834,ANGELS ON EARTH LHDC,5.0,4.0,4,medium_confidence,0.2,0,0,0,0,0,3,0.5,0.0
ChIJi5BqxD_LTYYR3HlisJEwBCc,2,1,1,0,0,10,0,30,2018-12-20,"Snacks Provided,Part Time Care,Field Trips",N,NO,NO,NO,1294448,Wild Earth Preschool,DALLAS,525 SHELTER PLACE,75203 3013,Wild Hearts Community School,5.0,4.0,4,medium_confidence,7.0,0,0,0,0,0,4,0.4,0.2
ChIJi5FjUjbDQIYRMMOis4b8P2c,4,5,8,3,1,12,1,155,1986-02-09,Accredited,N,NO,NO,NO,96255,Grace School Early Childhood Program,HOUSTON,10221 ELLA LEE LN,77042 2939,Grace School,,,0,medium_confidence,39.9,1,0,0,0,0,21,1.75,0.333
ChIJi5Uk7rZMW4YRft52lV6slfg,2,1,1,0,0,10,0,90,2019-03-04,"Accredited,Meals Provided ,Snacks Provided",Y,NO,NO,NO,1310277,Angels Care and Learning Center,AUSTIN,7806 S 1ST ST,78745 6543,Angels Care & Learning Center,4.6,75.0,5,high_confidence,6.8,1,1,0,0,0,4,0.4,0.2
ChIJi5d20djDQIYRpS8BmVSKcQM,6,4,2,0,0,14,0,250,1986-09-03,"School Age Care,Before School Care,Accredited,After School Care,Field Trips",N,NO,NO,NO,97700,Memorial Lutheran School,HOUSTON,5800 WESTHEIMER RD,77057 5617,Memorial Lutheran School,4.5,8.0,5,high_confidence,39.3,1,0,0,0,0,12,0.857,0.429
ChIJi7E5fKbPQIYRHKco6JXj6W4,2,0,2,2,1,7,2,99,1986-10-18,"School Age Care,Before School Care,Meals Provided ,After School Care,Snacks Provided,Drop-In Care,Part Time Care,Transportation to/from School",Y,NO,NO,NO,99724,Fairbanks KinderCare,HOUSTON,7702 FAIRBANKS N HOUSTON RD,77040 1604,Fairbanks KinderCare,4.3,26.0,5,high_confidence,39.2,0,1,0,0,0,7,1.0,0.286
ChIJi9yHu8ptToYR3RxSaGX-WqE,6,9,5,0,1,14,0,92,2022-09-20,"School Age Care,Before School Care,Meals Provided ,After School Care,Snacks Provided,Drop-In Care,Part Time Care",Y,NO,NO,NO,1403148,Heavenly Sent Daycare,FORT WORTH,1401 MEADOW LANE TER,76112 3412,Heavenly Sent Daycare,4.5,16.0,5,high_confidence,3.3,0,1,0,0,0,21,1.5,0.429
ChIJiRlcJUZtToYR5-iDDSII1RQ,9,4,2,0,0,34,0,272,2002-01-23,"After School Care,Drop-In Care,Skill Classes,Transportation to/from School ,Field Trips",Y,NO,NO,NO,172886,The Childrens Courtyard,FORT WORTH,6200 BRYANT IRVIN RD,76132 4123,The Children's Courtyard on Bryant Irvin Road,4.3,45.0,5,medium_confidence,23.9,0,1,0,0,0,15,0.441,0.265
ChIJiUAU9VFZXIYRpMKWXQtHFwg,0,1,1,0,0,6,0,40,2015-04-02,"School Age Care,Meals Provided ,After School Care,Snacks Provided,Part Time Care,Transportation to/from School",Y,NO,NO,NO,1156068,Bustos Youth Center,SAN ANTONIO,1613 CASTROVILLE RD,78237 3655,Bustos Youth Center,,,0,high_confidence,10.8,0,1,0,0,0,2,0.333,0.0
ChIJiVLFeI-3RIYRTzD4yXp-JyE,0,6,3,0,0,11,0,54,2021-10-18,"Drop-In Care,Part Time Care",N,NO,NO,NO,1378702,ITZCALI MONTESSORI SIP SCHOOL,AUSTIN,1806 SPRINGDALE RD,78721 1349,Itzcali Montessori and Spanish Immersion Preschool,4.6,11.0,5,medium_confidence,4.2,0,0,0,0,0,9,0.818,0.0
ChIJiWRRi3ahToYR7QFP-_VY7GU,2,6,4,0,0,30,0,100,2019-02-28,"School Age Care,After School Care,Snacks Provided",N,NO,NO,NO,1309259,Studio Bella Explorers at  Sanger Elementary,DALLAS,8410 SAN LEANDRO DR,75218 4319,studio bella for kids,4.3,12.0,5,medium_confidence,6.8,0,0,0,0,0,12,0.4,0.067
ChIJiWxTqKbZQIYRL9I_WsB9o8c,5,10,2,0,1,11,0,85,2023-08-30,"School Age Care,Before School Care,Meals Provided ,After School Care,Drop-In Care,Part Time Care,Transportation to/from School ,Field Trips,Night Care",Y,NO,NO,NO,1430700,Katy Learning Academy,HOUSTON,18200 S PARKVIEW DR,77084 4511,Katy Learning Academy,4.6,25.0,5,high_confidence,2.3,0,1,0,0,0,18,1.636,0.455
ChIJiXjTy2hfXIYRrlPeBooRLNw,3,6,4,0,0,12,0,125,1987-03-09,"Accredited,Snacks Provided,Part Time Care",N,NO,NO,NO,94661,Laurel Heights United Methodist Church,SAN ANTONIO,234 W MISTLETOE AVE,78212 3411,Laurel Heights Week Day School,4.4,7.0,5,medium_confidence,38.8,1,0,0,0,0,13,1.083,0.25
ChIJiZ6ve7rAQIYR6iD9AuVBEBk,1,3,0,0,0,8,0,273,2021-03-25,"Before School Care,Accredited,After School Care,Part Time Care,Field Trips",Y,NO,NO,NO,1360536,Melinda Webb School,HOUSTON,3100 SHENANDOAH ST,77021 1042,The Melinda Webb School at Texas Hearing Institute,,,0,medium_confidence,4.8,1,1,0,0,0,4,0.5,0.125
ChIJiZENGb6XToYR79nwWyYgrUs,4,0,4,0,0,14,1,85,1987-03-06,"School Age Care,Before School Care,Meals Provided ,After School Care,Snacks Provided,Transportation to/from School ,Field Trips",Y,NO,NO,NO,99677,Aishas Learning Center INC,DALLAS,2750 E LEDBETTER DR,75216 7514,Aisha's Learning Center,3.2,16.0,5,high_confidence,38.8,0,1,0,0,0,8,0.571,0.286
ChIJia1-JgDJQIYRCKg_PXtJCpI,2,9,8,3,0,8,4,46,1998-09-02,"School Age Care,Before School Care,Meals Provided ,After School Care,Snacks Provided,Transportation to/from School",Y,NO,NO,NO,154670,Academy of Little Scholars,HOUSTON,8802 W MONTGOMERY RD,77088 5930,Academy of Little Scholars,5.0,6.0,5,high_confidence,27.3,0,1,0,0,0,22,2.75,0.25
ChIJiasvrS6iToYR6Je89JJZMwU,0,1,2,0,0,6,0,18,2020-10-28,"School Age Care,Before School Care,Accredited,Meals Provided ,After School Care,Snacks Provided,Part Time Care,Transportation to/from School",N,NO,NO,NO,1359264,Destiny Learning Center,DALLAS,7620 FERGUSON RD,75228 6542,Destiny Learning Center,3.1,19.0,5,high_confidence,5.2,1,0,0,0,0,3,0.5,0.0
ChIJiavnJpzLRIYRWvQqxD8YnJQ,0,2,1,0,0,11,0,34,2021-05-11,"Skill Classes,Part Time Care",N,NO,NO,NO,1357924,Snapdragon Preschool,AUSTIN,2117 W ANDERSON LN,78757 1221,Snapdragon Preschool - North Austin,5.0,3.0,3,medium_confidence,4.6,0,0,0,0,0,3,0.273,0.0
ChIJiaxUHL9YXIYRSXke0a0yg4U,1,0,2,0,0,4,1,102,2025-09-04,"School Age Care,After School Care,Snacks Provided",N,NO,NO,NO,1510980,Y School Age @ Andrew Briscoe Elementary,SAN ANTONIO,2015 S FLORES ST,78204 1936,Andrew Briscoe Elementary School,,,0,high_confidence,0.3,0,0,0,0,0,3,0.75,0.25
ChIJibssUZaHXIYRrodmhK18n2U,3,1,1,0,0,11,0,249,2025-03-12,"School Age Care,Meals Provided ,After School Care,Snacks Provided,Drop-In Care,Part Time Care,Transportation to/from School ,Field Trips",N,NO,NO,NO,1484441,The PREP School of Kinder Ranch,SAN ANTONIO,1623 E BORGFELD DR,78260 2106,The PREP School of Kinder Ranch,4.7,26.0,5,high_confidence,0.8,0,0,0,0,0,5,0.455,0.273
ChIJidmSANjDQIYRPcB5A5RAUvI,9,11,4,0,0,11,2,59,2013-09-05,"School Age Care,Before School Care,Meals Provided ,After School Care,Snacks Provided,Drop-In Care,Part Time Care,Transportation to/from School ,Field Trips",Y,NO,NO,NO,1107511,"Angels ""R"" Wee Learning Center",HOUSTON,5621 DOLORES ST,77057 5709,Angels R Wee Learning Center,4.4,36.0,5,high_confidence,12.3,0,1,0,0,0,24,2.182,0.818
ChIJieC1i0zKQIYRJKd_AnBiaNw,11,16,16,5,1,19,0,64,2018-09-10,"School Age Care,Before School Care,Meals Provided ,After School Care,Snacks Provided,Skill Classes,Part Time Care,Transportation to/from School ,Field Trips",Y,NO,NO,NO,1310017,Elite City Kids Childcare and Learning Academy #2,HOUSTON,15002 ELLA BLVD STE 10,77090 5622,Elite City Kids Childcare,3.9,28.0,5,medium_confidence,7.3,0,1,0,0,0,49,2.579,0.579
ChIJiebwxQfLQIYRfVtrqU-JLNA,0,1,1,2,0,4,0,94,2026-01-27,"School Age Care,Meals Provided ,Snacks Provided,Skill Classes",N,NO,NO,NO,1512329,Bammel Middle School Early Head Start,HOUSTON,16711 ELLA BLVD,77090 4213,Bammel Middle School,,,0,medium_confidence,0.0,0,0,0,0,0,4,1.0,0.0
ChIJifCMYgDpQIYRSaXbZe-Xvs4,28,26,8,1,0,19,2,100,2014-03-11,"School Age Care,Before School Care,Meals Provided ,After School Care,Snacks Provided,Drop-In Care,Part Time Care,Transportation to/from School ,Weekend Care,Field Trips",Y,NO,NO,NO,1116589,Nurtureland Academy,HOUSTON,8085 W AIRPORT BLVD,77071 3034,Nurtureland Academy,1.0,2.0,2,high_confidence,11.8,0,1,0,0,0,63,3.316,1.474
ChIJiwSc0NvrQIYRYYH5Ezik0VI,9,11,2,2,0,17,0,115,2024-07-11,"School Age Care,Before School Care,Meals Provided ,After School Care,Snacks Provided,Drop-In Care,Part Time Care,Transportation to/from School ,Field Trips",Y,NO,NO,NO,1464976,DBA First Advantage Learning,HOUSTON,13202 WHITE HEATHER DR,77045 3512,First Advantage Learning,5.0,28.0,5,high_confidence,1.5,0,1,0,0,0,24,1.412,0.529
ChIJixcdE_7dQIYRpTfY_usqtBU,0,0,1,0,0,6,0,35,2024-06-28,"Before School Care,Meals Provided ,After School Care,Snacks Provided,Drop-In Care,Part Time Care,Field Trips",Y,NO,NO,NO,1467550,Dino Land Academy,HOUSTON,13515 OAK BEND FOREST DR,77083 6338,Dino Land Academy,5.0,12.0,5,high_confidence,1.5,0,1,0,0,0,1,0.167,0.0
ChIJiy6hTMylQIYRPj26tCcih0s,9,7,3,0,0,10,0,115,2021-04-22,"School Age Care,Before School Care,Meals Provided ,After School Care,Snacks Provided,Drop-In Care,Skill Classes,Part Time Care,Transportation to/from School ,Weekend Care,Field Trips",Y,NO,NO,NO,1364677,Team Tots Academy,HOUSTON,12410 TIDWELL RD,77044 2009,TEAM Tots Academy,4.1,14.0,5,high_confidence,4.7,0,1,0,0,0,19,1.9,0.9
ChIJj-VMbChxToYR9VBGdPbA36g,0,0,0,0,0,6,0,133,2025-01-31,"Meals Provided ,Snacks Provided",N,NO,NO,NO,1486295,The Child Care Studio at Riverside,FORT WORTH,2400 E 1ST ST,76111 1154,Child Care Studio at Riverside,4.6,9.0,5,high_confidence,0.9,0,0,0,0,0,0,0.0,0.0
ChIJj0SSjdFnXIYRaS1Q2UHa2SU,5,11,2,0,0,23,1,148,2024-08-15,"Meals Provided ,Snacks Provided,Drop-In Care",Y,NO,NO,NO,1457353,Dees Kids,SAN ANTONIO,5430 TIMBERHILL,78238 3534,Dees Kids,4.6,10.0,5,high_confidence,1.4,0,1,0,0,0,18,0.783,0.217
ChIJj1HwwpbPRIYRhw4kHwOg874,2,4,1,1,1,10,0,111,2016-02-08,"School Age Care,Snacks Provided,Part Time Care",N,NO,NO,NO,1208900,Little Life Preschool,AUSTIN,3200 CENTURY PARK BLVD,78727 1288,Little Life Preschool,4.4,7.0,5,high_confidence,9.9,0,0,0,0,0,9,0.9,0.2
ChIJj1SrLIT1XIYRYUaMErHrXOA,4,15,6,1,1,14,1,62,2021-07-28,"School Age Care,Before School Care,Meals Provided ,After School Care,Snacks Provided,Drop-In Care,Part Time Care",Y,NO,NO,NO,1369879,Kiddie Klub Learning Center,SAN ANTONIO,8030 CROSSCREEK,78218 1619,Kiddie Klub Learning Center,5.0,8.0,5,high_confidence,4.4,0,1,0,0,0,27,1.929,0.286
ChIJj1pBhsbpQIYRCKP7meG8O7U,4,23,10,2,3,16,1,110,2015-10-01,"School Age Care,Before School Care,Meals Provided ,After School Care,Snacks Provided,Drop-In Care,Part Time Care,Transportation to/from School ,Weekend Care,Field Trips",Y,NO,NO,NO,1176044,Prestige Academy,HOUSTON,6570 W BELLFORT ST,77035 2004,Prestige Academy Day Care,3.0,10.0,5,medium_confidence,10.3,0,1,0,0,0,42,2.625,0.25
ChIJj2t6PvHLRIYRcNjEDKWcg90,2,3,1,0,0,15,0,300,2011-10-07,"School Age Care,Meals Provided ,After School Care,Snacks Provided,Drop-In Care,Part Time Care,Transportation to/from School ,Field Trips",Y,NO,NO,NO,835288,Little Munchkins Learning Center,AUSTIN,2020 DENTON DR,78758 4504,Little Munchkins Learning Center,4.7,75.0,5,high_confidence,14.2,0,1,0,0,0,6,0.4,0.133
ChIJj4neL0rYTYYRN4_kilmMncw,0,7,7,0,0,12,0,95,2022-11-02,"School Age Care,Meals Provided ,Snacks Provided,Part Time Care,Field Trips",Y,NO,NO,NO,1403231,North Park Family YMCA,FORT WORTH,9100 N BEACH ST,76244 9034,Northpark YMCA | YMCA of Fort Worth,4.4,261.0,5,medium_confidence,3.2,0,1,0,0,0,14,1.167,0.0
ChIJj50KEjahToYR2Uvtd8svx3U,0,0,3,0,0,7,0,29,2018-10-10,"School Age Care,Before School Care,Meals Provided ,After School Care,Snacks Provided,Drop-In Care,Part Time Care,Transportation to/from School",Y,NO,NO,NO,1296844,Blessed Little Angels Academy,DALLAS,2615 GUS THOMASSON RD,75228 3018,Blessed Little Angels Academy,4.0,8.0,5,high_confidence,7.2,0,1,0,0,0,3,0.429,0.0
ChIJj5El_w2mdo4RSSxdTbW2sig,0,2,2,0,0,9,0,85,2016-02-05,"School Age Care,Accredited,After School Care,Skill Classes,Part Time Care,Field Trips",Y,NO,NO,NO,1187894,Fiorella di Reggio Emilia School,AUSTIN,8707 MOUNTAIN CREST DR,78735 8027,Fiorella Reggio Emilia School (South Campus),5.0,11.0,5,medium_confidence,9.9,1,1,0,0,0,4,0.444,0.0
ChIJj5xWcT23QIYRMB5wzQeCRCw,2,1,0,0,0,7,0,94,2025-04-16,"School Age Care,Before School Care,Meals Provided ,After School Care,Snacks Provided,Part Time Care,Transportation to/from School ,Field Trips",Y,NO,NO,NO,1486766,Academic Academy Christian Childcare Center,HOUSTON,11948 GLOGER ST,77039 6312,Academic Academy Christian Childcare Center,3.9,32.0,5,high_confidence,0.7,0,1,0,0,0,3,0.429,0.286
ChIJj6IOqo5dXIYRNaeT8v2EpF4,1,10,5,1,0,23,0,103,2023-01-06,"School Age Care,Meals Provided ,After School Care,Snacks Provided",Y,NO,NO,NO,1416247,Kiddie Corner Learning Academy,SAN ANTONIO,5002 NW LOOP 410,78229 5314,Kiddie Corner Learning Center,4.8,92.0,5,high_confidence,3.0,0,1,0,0,0,17,0.739,0.043
ChIJj6RMeHJeXIYRwETelZwo-cc,0,1,0,1,0,9,2,75,2021-03-12,"School Age Care,Meals Provided ,After School Care,Snacks Provided",Y,NO,NO,NO,1361679,Y School Age @Baskin Elementary,SAN ANTONIO,630 CRESTVIEW DR,78201 6622,Mildred Baskin Elementary School,,,0,medium_confidence,4.8,0,1,0,0,0,2,0.222,0.0
ChIJj6Zb_63LRIYRcakWf7hRFpA,0,0,0,0,0,6,0,21,2025-08-06,Snacks Provided,N,NO,NO,NO,1498134,Blessed Scholar University Austin LLC,AUSTIN,1506 W KOENIG LN,78756 1416,Blessed Scholar University Austin,5.0,2.0,2,high_confidence,0.4,0,0,0,0,0,0,0.0,0.0
ChIJjRWow7rpQIYRK6S5f3zDSXE,3,4,4,0,0,7,0,102,2013-12-12,"School Age Care,Before School Care,Meals Provided ,After School Care,Snacks Provided,Drop-In Care,Transportation to/from School ,Weekend Care,Field Trips,Night Care",Y,NO,NO,NO,1113863,The Champions Learning Center,HOUSTON,12515 FONDREN RD STE B,77035 6208,The Champions Learning Center,4.5,18.0,5,high_confidence,12.1,0,1,0,0,0,11,1.571,0.429
ChIJjRqHeWfAQIYRb9JseP52grQ,2,6,1,1,0,8,0,144,2009-03-26,"Accredited,Meals Provided ,Snacks Provided,Skill Classes",N,NO,NO,NO,366442,Rice Children's Campus,HOUSTON,5504 CHAUCER DR,77005 2632,Rice Children's Campus,,,0,high_confidence,16.8,1,0,0,0,0,10,1.25,0.25
ChIJjRvbi82HXIYRCuIeuhcifUs,0,2,1,1,0,8,1,79,2000-04-05,Part Time Care,N,NO,NO,NO,162884,Bulverde Methodist Church Child?s Morning Out,SAN ANTONIO,28300 N HWY 281,78260 1706,Bulverde Methodist Church,4.8,51.0,5,medium_confidence,25.7,0,0,0,0,0,4,0.5,0.0
ChIJjT-JCvmeToYRLylOgTY7-Dk,6,14,12,0,0,34,0,80,2022-05-10,"Accredited,Meals Provided ,Snacks Provided,Part Time Care",N,NO,NO,NO,1389473,ChildDevelopment Center at Highland Park Presbyterian Church,DALLAS,3821 UNIVERSITY BLVD,75205 1710,Highland Park Presbyterian Day School,4.8,4.0,4,medium_confidence,3.6,1,0,0,0,0,32,0.941,0.176
ChIJjTc4oArSQIYRl4PSki7jKD0,0,1,1,0,0,2,0,84,2025-12-23,"School Age Care,Before School Care,Meals Provided ,After School Care,Snacks Provided,Drop-In Care,Part Time Care,Transportation to/from School ,Field Trips",N,NO,NO,NO,1521784,The Honey Tree Preschool & Childcare Center,HOUSTON,18629A STATE HIGHWAY 249,77070 4219,The Honey Tree Preschool & Child Care Center,4.3,23.0,5,high_confidence,0.0,0,0,0,0,0,2,1.0,0.0
ChIJjU-e-TPdQIYRmrl6JYL0rUk,7,19,12,5,0,14,1,102,2018-06-05,"School Age Care,Meals Provided ,After School Care,Snacks Provided,Transportation to/from School ,Field Trips",Y,NO,NO,NO,1292702,Vanguard Academy,HOUSTON,9720 TOWN PARK DR STE 200,77036 2334,Vanguard Academy,4.7,24.0,5,high_confidence,7.6,0,1,0,0,0,43,3.071,0.5
ChIJjVQJ3FYgTIYR94YpJHZXFME,0,0,0,0,0,5,0,153,2001-02-07,"Before School Care,Accredited",N,NO,NO,NO,166671,Holy Trinity Academy,DALLAS,13555 HILLCREST RD,75240 5412,Holy Trinity Academy,,,0,high_confidence,24.9,1,0,0,0,0,0,0.0,0.0
ChIJjVR6ZyLMRIYRBVAKoqdGM0M,10,15,7,1,0,24,0,281,2001-01-30,"Accredited,Meals Provided ,After School Care,Snacks Provided,Drop-In Care,Skill Classes,Part Time Care,Transportation to/from School ,Field Trips",Y,NO,NO,NO,167262,Children's Courtyard,AUSTIN,12336 N MOPAC EXPY,78758 2404,The Children's Courtyard on North Mopac Expressway,3.9,38.0,5,medium_confidence,24.9,1,1,0,0,0,33,1.375,0.417
ChIJjWLkkdwgTIYRKJdxv7h05WQ,14,7,3,0,0,28,0,165,1997-05-16,"Meals Provided ,Snacks Provided",Y,NO,NO,NO,151112,Cadence Academy,DALLAS,13255 NOEL RD,75240 5065,Cadence Academy Preschool,4.4,65.0,5,medium_confidence,28.6,0,1,0,0,0,24,0.857,0.5
ChIJjYa_fYtYXIYRkGqWWIndGgs,7,20,11,1,0,16,0,57,2020-02-11,"Meals Provided ,After School Care,Snacks Provided,Part Time Care,Transportation to/from School ,Field Trips",Y,NO,NO,NO,1322582,Alice in Wonderland 2,SAN ANTONIO,5104 S FLORES ST,78214 1434,Alice In Wonderland Daycare,4.5,17.0,5,medium_confidence,5.9,0,1,0,0,0,39,2.438,0.438
ChIJjYgfqoMnTIYRKuHJrf9Am2M,3,6,11,1,0,6,0,48,2019-12-13,"School Age Care,Before School Care,Meals Provided ,After School Care,Snacks Provided,Transportation to/from School ,Field Trips",Y,NO,NO,NO,1331285,First Steps Academy & Daycare,DALLAS,10120 MONROE DR,75229 5705,First Steps Academy & Daycare,4.4,7.0,5,high_confidence,6.1,0,1,0,0,0,21,3.5,0.5
ChIJjZ_jjqpfXIYRUyxm5LB6bQA,7,17,4,4,0,22,2,48,2011-03-11,"School Age Care,Meals Provided ,After School Care,Snacks Provided,Drop-In Care,Part Time Care,Transportation to/from School ,Field Trips",Y,NO,NO,NO,728428,Small Steps Child Development Center,SAN ANTONIO,810 812 WEST AVE,78201,Small Steps Child Development Center,4.3,34.0,5,high_confidence,14.8,0,1,0,0,0,32,1.455,0.318
ChIJjZiLAYdLW4YRC8IZficRj-s,2,5,3,0,2,9,0,180,2025-05-22,"School Age Care,Before School Care,Accredited,After School Care,Snacks Provided",N,NO,NO,NO,1499819,Mariposa Montessori School,AUSTIN,3338 PAISANO TRL,78745 5828,Mariposa Montessori School,,,0,high_confidence,0.6,1,0,0,0,0,12,1.333,0.222
ChIJja6NyN_dQIYR0JvxEbLoP5k,9,14,7,4,0,14,2,93,2013-12-16,"School Age Care,Before School Care,Meals Provided ,After School Care,Snacks Provided,Drop-In Care,Skill Classes,Part Time Care,Transportation to/from School ,Field Trips",Y,NO,NO,NO,1114360,First Kids Learning Center,HOUSTON,7873 HIGHWAY 6 S,77083 3399,First Kids Learning Center,5.0,7.0,5,high_confidence,12.0,0,1,0,0,0,34,2.429,0.643
ChIJjaSiEFuRToYRdi6JAVv9UZc,2,4,0,0,1,11,0,77,2022-01-25,"School Age Care,Before School Care,Meals Provided ,After School Care,Snacks Provided,Drop-In Care,Transportation to/from School",Y,NO,NO,NO,1373510,A Special Love Childcare Academy Learning Center,DALLAS,4121 MARVIN D LOVE FWY STE 100,75224 4800,"A Special Love Childcare Academy Learning Center, LLC",4.6,22.0,5,high_confidence,3.9,0,1,0,0,0,7,0.636,0.182
ChIJjadyKQtfXIYRo_eGxoi3qzU,3,4,2,0,1,11,0,57,2025-01-31,"Meals Provided ,After School Care,Snacks Provided,Part Time Care",Y,NO,NO,NO,1486213,Little Learners Academy,SAN ANTONIO,605 E DEWEY PL,78212 4012,Little Learners Academy of SA LLC,5.0,6.0,5,high_confidence,0.9,0,1,0,0,0,10,0.909,0.273
ChIJjav-uMtfXIYRRsQD2bLEB5g,18,28,8,5,1,42,1,115,2018-05-04,"School Age Care,Meals Provided ,After School Care,Snacks Provided,Drop-In Care,Part Time Care,Transportation to/from School",Y,YES,NO,NO,1305863,Lil' Munchkins Child Care Center,SAN ANTONIO,4106 SAN PEDRO AVE,78212 1834,Bea's Lil' Munchkin Child Care Center,3.4,25.0,5,high_confidence,7.7,0,1,1,0,0,60,1.429,0.429
ChIJjc2ehQG2QIYR7ts2VYsC3DU,4,5,3,0,0,8,0,163,2009-08-31,"School Age Care,Before School Care,Meals Provided ,After School Care,Snacks Provided,Drop-In Care,Part Time Care,Transportation to/from School ,Field Trips",Y,NO,NO,NO,410388,All Stars Day Care & Preschool,HOUSTON,917D GREENS RD,77060 1601,All Stars Day Care & Preschool,4.8,16.0,5,high_confidence,16.3,0,1,0,0,0,12,1.5,0.5
ChIJjcyVoi5fXIYR8q8Ab17UeYE,2,6,8,1,2,10,0,125,1987-04-03,"Meals Provided ,After School Care,Snacks Provided,Transportation to/from School ,Field Trips",Y,NO,NO,NO,94933,Immaculate Conception Kindergarten and Nursery,SAN ANTONIO,2407 W TRAVIS ST,78207 3416,Immaculate Conception Kindergarten & Nursery,3.0,8.0,5,high_confidence,38.7,0,1,0,0,0,19,1.9,0.2
ChIJjdE-2By5QIYRWQlX6kksjgI,10,10,7,2,0,13,2,136,2021-01-11,"School Age Care,Before School Care,Meals Provided ,After School Care,Drop-In Care,Part Time Care,Weekend Care,Field Trips,Night Care",Y,NO,NO,NO,1350701,Kingdom Kidz Youth Academy,HOUSTON,9013 MCGALLION RD,77022 2203,Kingdom Kidz Youth Academy,,,0,high_confidence,5.0,0,1,0,0,0,29,2.231,0.769
ChIJjeI7H23LQIYR5eYKS5T3l6c,0,2,4,1,1,8,0,50,2022-06-24,"School Age Care,Before School Care,After School Care,Snacks Provided,Drop-In Care,Part Time Care",Y,NO,NO,NO,1393064,Ponderosa Elementary Koala Kare,HOUSTON,17202 BUTTE CREEK RD,77090 2322,Ponderosa Elementary School,,,0,medium_confidence,3.5,0,1,0,0,0,8,1.0,0.0
ChIJjeWfrgXHQIYRsd5E1HBOiqA,2,2,5,0,1,6,0,134,2020-01-10,"School Age Care,Meals Provided ,After School Care,Snacks Provided,Drop-In Care,Part Time Care,Transportation to/from School ,Field Trips",Y,NO,NO,NO,1330494,Miss Pattycake Childcare of Heights,HOUSTON,1532 W 25TH ST,77008 1517,Miss Pattycake Childcare,4.1,26.0,5,high_confidence,6.0,0,1,0,0,0,10,1.667,0.333
ChIJjw9YeN6_QIYReR0pxDeQXs4,0,2,5,0,0,5,0,125,2013-08-13,"School Age Care,Accredited,Meals Provided ,Snacks Provided,Drop-In Care,Skill Classes,Part Time Care",N,NO,NO,NO,1104293,JP Morgan Chase Back Up CCC-Downtown Houston,HOUSTON,1414 FANNIN ST,77002 7614,JPMorgan Chase - Downtown Houston + Back-Up Care,5.0,1.0,1,medium_confidence,12.4,1,0,0,0,0,7,1.4,0.0
ChIJjwa2yllZXIYRpsBPFIepcA4,0,1,1,0,0,4,0,33,2026-01-26,"School Age Care,Meals Provided ,After School Care,Snacks Provided,Drop-In Care,Skill Classes,Part Time Care,Field Trips",N,NO,NO,NO,1511301,"El Jardin, A Place Where Kids Grow LLC",SAN ANTONIO,502 W MITCHELL ST,78204 2726,"El Jardín, A Place Where Kids Grow LLC",5.0,2.0,2,high_confidence,0.0,0,0,0,0,0,2,0.5,0.0
ChIJjy0WzJBJW4YR6tjzOTy-6OI,8,4,4,0,0,120,0,69,1999-02-08,"Accredited,Part Time Care,Field Trips",Y,NO,NO,NO,137721,Barton Creek Child Development Center EISD,AUSTIN,1314 PATTERSON RD,78733 6501,"Barton Creek Child Development Center, Inc.",4.6,38.0,5,high_confidence,26.9,1,1,0,0,0,16,0.133,0.067
ChIJjz20-uMfTIYRBwMCM_VceMA,0,3,1,0,0,6,0,60,2013-11-20,"After School Care,Snacks Provided",Y,NO,NO,NO,1108869,Richardson ISD PACE- Skyview Elementary,DALLAS,9229 MEADOWKNOLL DR,75243 6163,Skyview Elementary School,,,0,medium_confidence,12.1,0,1,0,0,0,4,0.667,0.0
ChIJjz8ALtHCQIYRIb1kWk6OOaU,4,11,8,1,1,10,1,270,2005-12-12,"Meals Provided ,After School Care,Snacks Provided",Y,NO,NO,NO,275950,Chinese Community Center  Child Development Center,HOUSTON,9800 TOWN PARK DR,77036 2316,Chinese Community Center,4.4,282.0,5,medium_confidence,20.1,0,1,0,0,0,25,2.5,0.4
ChIJjzEp0TiRToYR4sBuWe_ZcNU,2,4,3,0,0,22,0,133,2015-01-09,"Meals Provided ,Snacks Provided,Drop-In Care,Part Time Care,Transportation to/from School",Y,NO,NO,NO,1150995,KIDS UNIVERSITY PREPARATORY LEARNING CENTER,DALLAS,2020 W WHEATLAND RD,75232 4517,Kid's University Preparatory Learning Center,4.6,45.0,5,high_confidence,11.0,0,1,0,0,0,9,0.409,0.091
ChIJjzj_qx6WQIYRuLXwKBmiEIY,2,3,2,0,1,11,1,60,2021-02-12,After School Care,Y,NO,NO,NO,1340401,J.P Cornelius Elementary School,HOUSTON,7475 WESTOVER ST,77087 6113,J. P. Cornelius Elementary School,,,0,high_confidence,4.9,0,1,0,0,0,8,0.727,0.182
ChIJk-E1QybJQIYRUQ_DP268mZI,11,10,10,0,0,22,0,160,2026-03-30,"School Age Care,Before School Care,Meals Provided ,After School Care,Snacks Provided,Drop-In Care,Part Time Care,Transportation to/from School ,Field Trips",Y,NO,NO,NO,1480747,Inwood Daycare & Learning Center,HOUSTON,8021 ANTOINE DR STE A,77088 4301,Inwood Daycare & Learning Center,5.0,33.0,5,high_confidence,0.0,0,1,0,0,0,31,1.409,0.5
ChIJk-XS-H1XXIYR0JGbyFEjJSs,2,17,13,0,0,15,0,80,2019-03-25,"School Age Care,Meals Provided ,After School Care,Snacks Provided,Drop-In Care,Part Time Care,Transportation to/from School",Y,NO,NO,NO,1315093,Poppy's Kiddie Kampus II,SAN ANTONIO,1134 GILLETTE BLVD,78224 2217,Poppy's Kiddie Kampus Inc.,5.0,4.0,4,high_confidence,6.8,0,1,0,0,0,32,2.133,0.133
ChIJk-gLm1auQIYRe33Cd7SZ320,18,26,10,0,0,17,0,118,2017-09-27,"School Age Care,Before School Care,Meals Provided ,After School Care,Drop-In Care,Transportation to/from School ,Field Trips",Y,NO,NO,NO,1270988,SJB Childcare LLC dba Growing in Graces,HOUSTON,13147 W LAKE HOUSTON PKWY,77044 5391,Growing In Graces Summerwood,4.4,39.0,5,medium_confidence,8.3,0,1,0,0,0,54,3.176,1.059
ChIJk-rImuxZXIYRlIvyYfAKb6U,0,1,0,0,0,10,0,200,1986-05-09,"School Age Care,Accredited,Meals Provided ,Snacks Provided,Transportation to/from School ,Field Trips",Y,NO,NO,NO,99390,DePaul Children's Center,SAN ANTONIO,3050 GOLDEN AVE,78211 3883,Ascension DePaul Children's Center,4.0,30.0,5,high_confidence,39.6,1,1,0,0,0,1,0.1,0.0
ChIJk0LEMyRhXIYRHQVpmTq92nQ,10,8,1,0,0,24,0,314,2002-07-15,"After School Care,Drop-In Care,Part Time Care,Transportation to/from School ,Field Trips",Y,NO,NO,NO,210070,Luv N Care Child Development Center,SAN ANTONIO,13211 HUEBNER RD,78230 4200,Luv-n-Care Child Development Centers,4.0,76.0,5,high_confidence,23.5,0,1,0,0,0,19,0.792,0.417
ChIJk2NORlfdQIYRGDAgS_Oxr-o,13,16,2,0,0,25,0,198,1997-07-16,"School Age Care,Before School Care,Meals Provided ,After School Care,Snacks Provided,Transportation to/from School ,Field Trips",Y,NO,NO,NO,149361,Creative Connections Childrens Center,HOUSTON,9302 WILCREST DR,77099 2129,Creative Connections Childrens,4.5,113.0,5,high_confidence,28.5,0,1,0,0,0,31,1.24,0.52
ChIJk4XHGaVYXIYRISlSMQxAJdw,5,9,1,1,0,10,1,70,2000-03-13,"School Age Care,Meals Provided ,After School Care,Snacks Provided,Part Time Care,Transportation to/from School ,Field Trips",Y,NO,NO,NO,165596,First Mexican Baptist Church,SAN ANTONIO,201 MEREDITH DR,78228 3231,First Mexican Baptist Church of San Antonio,4.8,17.0,5,medium_confidence,25.8,0,1,0,0,0,16,1.6,0.5
ChIJk5IdmRHKRIYRTk3zr_p-HXo,6,4,3,1,1,17,1,105,1992-02-23,"School Age Care,Accredited,Meals Provided ,Snacks Provided,Part Time Care",N,NO,NO,NO,121870,Fountain Plaza Child Incorporated,AUSTIN,825 E 53RD 1/2 ST,78751 1628,Child Inc Fountain Plaza Child Development Center,4.0,3.0,3,medium_confidence,33.9,1,0,0,0,0,15,0.882,0.353
ChIJk6CVGIsyW4YRZiKVq0_VXSc,0,1,3,0,0,7,0,200,2006-08-16,"School Age Care,Part Time Care,Field Trips",N,NO,NO,NO,299400,First Foundations Preschool,AUSTIN,11902 ANDERSON MILL RD,78726 1113,First Foundations Preschool,5.0,25.0,5,high_confidence,19.4,0,0,0,0,0,4,0.571,0.0
ChIJk8PydqHKRIYRKSR5O0yAt1s,0,1,0,0,0,13,0,85,1986-05-12,Part Time Care,Y,NO,NO,NO,99156,Tarrytown Childrens Center,AUSTIN,2614 EXPOSITION BLVD,78703 1702,Tarrytown Children's Center,3.5,4.0,4,high_confidence,39.6,0,1,0,0,0,1,0.077,0.0
ChIJk9KaDl1yToYRkbx51avnn_c,0,1,0,0,0,8,0,101,2002-01-15,"Before School Care,After School Care,Snacks Provided",Y,NO,NO,NO,191092,Clayton Youth Enrichment @ Tanglewood Elementary,FORT WORTH,3060 OVERTON PARK DR W,76109 1501,Tanglewood Elementary School (FWISD),,,0,medium_confidence,24.0,0,1,0,0,0,1,0.125,0.0
ChIJkR6lXClDXIYREsYNAIDJqj8,1,1,0,0,0,11,0,149,2020-02-21,"Meals Provided ,Snacks Provided",Y,NO,NO,NO,1335800,Evers Head Start Elementary School,SAN ANTONIO,1715 RICHLAND HILLS DR,78251 2978,Christian Evers Elementary School,,,0,medium_confidence,5.9,0,1,0,0,0,2,0.182,0.091
ChIJkRavJ4yZToYR2rUYsjlGYI0,2,10,6,2,0,18,1,157,1985-11-06,"School Age Care,Before School Care,Meals Provided ,After School Care,Snacks Provided,Drop-In Care,Transportation to/from School ,Field Trips",Y,NO,NO,NO,96021,Kiddie Korner Private School,DALLAS,328 W 12TH ST,75208 6501,Kiddie Korner Private School,3.8,17.0,5,high_confidence,40.2,0,1,0,0,0,20,1.111,0.111
ChIJkRttr6zJQIYRLyGfQWEZjWg,0,1,0,0,0,3,0,73,2026-01-27,"School Age Care,Before School Care,Meals Provided ,After School Care,Snacks Provided,Drop-In Care,Part Time Care,Transportation to/from School ,Weekend Care,Field Trips",N,NO,NO,NO,1517852,Lil Ones Daycare Emporium,HOUSTON,4646 VICTORY DR,77088 7238,Lil One's Daycare Emporium LLC,4.0,28.0,5,high_confidence,0.0,0,0,0,0,0,1,0.333,0.0
ChIJkS_Y_n-MXIYR4Dz2nYeowZc,4,4,2,0,0,22,0,107,2003-10-31,"Accredited,Meals Provided ,Snacks Provided,Drop-In Care,Part Time Care",Y,NO,NO,NO,235682,Brighton Center,SAN ANTONIO,14207 HIGGINS RD,78217 1252,Brighton Center Headquarters,,,0,medium_confidence,22.2,1,1,0,0,0,10,0.455,0.182
ChIJkTgYuQBhXIYRBdFXkPW2f74,1,10,8,1,0,13,0,113,2023-08-02,"School Age Care,Before School Care,Meals Provided ,After School Care,Snacks Provided,Part Time Care",Y,NO,NO,NO,1433070,Edquisitive Montessori Northwest,SAN ANTONIO,2829 HUNTERS GREEN ST,78231 1647,Edquisitive Montessori of NW Military,4.8,21.0,5,medium_confidence,2.4,0,1,0,0,0,20,1.538,0.077
ChIJkTseAflYXIYRwGhnL_pqzmM,4,6,3,1,0,15,1,93,2024-05-30,"School Age Care,Before School Care,Meals Provided ,After School Care,Snacks Provided,Drop-In Care,Part Time Care,Transportation to/from School",Y,NO,NO,NO,1463856,Hands N Hands Childcare,SAN ANTONIO,538 SURREY AVE,78225 2450,Hands N Hands Child Care,5.0,1.0,1,high_confidence,1.6,0,1,0,0,0,14,0.933,0.267
ChIJkUSErgbgTYYRwhIHlvhYgAU,3,2,0,0,0,11,0,170,2006-01-17,"After School Care,Snacks Provided,Part Time Care,Transportation to/from School ,Field Trips",Y,NO,NO,NO,287154,Lighthouse Christian Academy,FORT WORTH,7200 ROBERTSON RD,76135 9457,Lighthouse Christian Academy,4.0,5.0,5,high_confidence,20.0,0,1,0,0,0,5,0.455,0.273
ChIJkUkqoaiXQIYRGSyr-uYsY-M,1,4,2,0,0,6,0,262,1986-10-28,,N,NO,NO,NO,102295,Foundry Methodist Preschool,HOUSTON,8350 JONES RD,77065 4608,Foundry Pre School,5.0,5.0,5,medium_confidence,39.2,0,0,0,0,0,7,1.167,0.167
ChIJkWJLQGdLW4YRroJcIjOJkTY,6,3,2,0,0,11,0,75,1985-11-25,,Y,NO,NO,NO,95996,Berkeley Methodist Child Care Center,AUSTIN,2407 BERKELEY AVE,78745 4304,Berkeley United Methodist Church,4.5,22.0,5,medium_confidence,40.1,0,1,0,0,0,11,1.0,0.545
ChIJkXTW85m-QIYRy_qktnvfKec,0,2,1,0,0,8,0,36,2012-03-19,,Y,NO,NO,NO,926713,YMCA ASP @ Ninfa Laurenzo EC,HOUSTON,205 N DELMAR ST,77011 2309,Ninfa Laurenzo Early Childhood Center,4.3,23.0,5,medium_confidence,13.8,0,1,0,0,0,3,0.375,0.0
ChIJkYykw1rDQIYR742e-_w62BA,0,3,5,0,0,7,0,120,2024-02-02,"School Age Care,Before School Care,Accredited,After School Care,Snacks Provided,Part Time Care",Y,NO,NO,NO,1454257,KCE Champions LLC @ KIPP Connect,HOUSTON,6700 BELLAIRE BLVD,77074 4906,Champions at KIPP CONNECT Primary,,,0,medium_confidence,1.9,1,1,0,0,0,8,1.143,0.0
ChIJkZzDfmihToYRwUCJgo09H3A,0,0,0,0,0,8,0,17,1998-12-18,"Before School Care,After School Care",N,NO,NO,NO,97696,White Rock Montessori,DALLAS,1601 OATES DR,75228 4241,White Rock Montessori,,,0,high_confidence,27.0,0,0,0,0,0,0,0.0,0.0
ChIJk_3qHUo3W4YRu6VQ1lfdqYc,0,0,1,0,0,5,0,96,2004-01-21,"After School Care,Part Time Care",N,NO,NO,NO,241449,Bluebonnet Montessori School of Lakeway,AUSTIN,15099 DEBBA DR,78734 3202,Bluebonnet Montessori School of Lakeway,,,0,high_confidence,21.9,0,0,0,0,0,1,0.2,0.0
ChIJkbGwqc8yW4YRHN76CCKA0zU,2,8,5,0,0,12,0,65,2014-09-10,"School Age Care,Before School Care,After School Care,Snacks Provided,Part Time Care",Y,NO,NO,NO,1138203,Trillium Montessori,AUSTIN,9707 ANDERSON MILL RD STE 350,78750 0020,Trillium Montessori,4.9,42.0,5,high_confidence,11.3,0,1,0,0,0,15,1.25,0.167
ChIJkcaC_CDMRIYRb4jzpbLvbHI,3,3,1,1,0,8,1,44,2018-06-29,"Skill Classes,Part Time Care",Y,NO,NO,NO,1286079,Bilingual Early Learning Academy,AUSTIN,12504 TOMANET TRL,78727 4215,Bilingual Early Learning Academy,5.0,13.0,5,high_confidence,7.5,0,1,0,0,0,8,1.0,0.375
ChIJkdf5FY9cXIYRcJkS0dOGogM,0,1,0,0,0,7,0,90,2010-02-19,"Meals Provided ,Snacks Provided,Part Time Care",N,NO,NO,NO,516568,Head Start Passmore,SAN ANTONIO,570 PINN RD,78227 1234,J. B. Passmore Elementary School,,,0,medium_confidence,15.9,0,0,0,0,0,1,0.143,0.0
ChIJke78j0HbQIYRi4NHBrXeV7I,1,12,5,0,0,13,0,85,2022-05-26,"School Age Care,After School Care,Snacks Provided,Part Time Care",N,NO,NO,NO,1391015,iKids U at Wilchester Elementary School,HOUSTON,13618 SAINT MARYS LN,77079 3440,Wilchester Elementary School,,,0,high_confidence,3.6,0,0,0,0,0,18,1.385,0.077
ChIJkeQyMHaNXIYRV53LiPne0UU,15,17,7,3,1,18,1,38,2022-08-16,"Meals Provided ,Snacks Provided",Y,NO,NO,NO,1389754,Learn N Play Clubhouse LLC,SAN ANTONIO,6454 RANDOLPH BLVD,78233 5323,Learn N' Play Clubhouse,4.8,24.0,5,high_confidence,3.4,0,1,0,0,0,43,2.389,0.833
ChIJkfYlD7g2W4YR46P6g2vasZU,1,4,2,0,1,11,0,245,2009-07-27,"Meals Provided ,Snacks Provided,Skill Classes,Part Time Care,Transportation to/from School ,Field Trips",N,NO,NO,NO,359892,School in the Hills,AUSTIN,2900 N QUINLAN PARK RD # 400,78732 6083,School in the Hills Steiner Ranch,,,0,medium_confidence,16.4,0,0,0,0,0,8,0.727,0.091
ChIJkfZESibXQIYRqn_s76EqNH4,6,3,6,0,0,24,0,304,2000-12-04,"School Age Care,Before School Care,Accredited,Meals Provided ,After School Care,Snacks Provided,Drop-In Care,Skill Classes,Part Time Care,Transportation to/from School ,Field Trips",Y,NO,NO,NO,166503,Childrens Courtyard,HOUSTON,16255 LONGENBAUGH DR,77095 1715,The Children's Courtyard of Houston,4.3,42.0,5,medium_confidence,25.1,1,1,0,0,0,15,0.625,0.25
ChIJkft-1nrJQIYRM7cavzUYWBw,9,5,5,2,0,11,0,161,2011-09-28,"School Age Care,Before School Care,Meals Provided ,After School Care,Snacks Provided,Part Time Care,Transportation to/from School ,Field Trips,Night Care",Y,NO,NO,NO,856968,All Star Learning Center,HOUSTON,1517 GEARS RD STE A,77067 4139,All Star Learning Center,4.0,43.0,5,high_confidence,14.3,0,1,0,0,0,21,1.909,0.818
ChIJkwa4ZEi5QIYRQGb8mvaRmfM,3,3,2,1,0,6,0,94,2013-08-20,"Meals Provided ,Snacks Provided",N,NO,NO,NO,1119475,Dogan Head Start,HOUSTON,4202 LIBERTY RD,77026 5824,Dogan Elementary School,,,0,medium_confidence,12.4,0,0,0,0,0,9,1.5,0.5
ChIJkxaEklmXToYR68E3s8SkKDg,4,0,2,0,0,14,0,36,2014-09-03,"School Age Care,Before School Care,Meals Provided ,After School Care,Snacks Provided,Part Time Care,Weekend Care",Y,NO,NO,NO,1134514,Annette's Day Care Center Too!,DALLAS,3034 S BECKLEY AVE,75224 3502,Annette's Daycare Center Too!,1.2,17.0,5,high_confidence,11.3,0,1,0,0,0,6,0.429,0.286
ChIJl-Ar4wKKXIYRG3vXUpFA-sk,0,1,0,0,0,1,0,115,2025-11-07,"Meals Provided ,Snacks Provided,Part Time Care",N,NO,NO,NO,1517150,BCA Hollywood Park LLC,SAN ANTONIO,92 TRAILCREST ST,78232 1333,Bilingual Child Academy Hollywood Park,4.4,26.0,5,medium_confidence,0.2,0,0,0,0,0,1,1.0,0.0
ChIJl0SJ3WpeXIYR8_5m4F2dsxE,1,1,1,1,0,11,1,82,2018-10-19,"School Age Care,Meals Provided ,After School Care,Snacks Provided,Skill Classes,Part Time Care",Y,NO,NO,NO,1317231,Over the Rainbow Christian Learning Center LLC,SAN ANTONIO,1222 FREDERICKSBURG RD,78201 5553,-Over the Rainbow Christian Learning Center.LLC,4.3,40.0,5,medium_confidence,7.2,0,1,0,0,0,4,0.364,0.091
ChIJl1BiQSSjToYR9ITzT9DsuoQ,0,5,1,1,0,6,1,49,2004-12-21,"School Age Care,Before School Care,Meals Provided ,After School Care,Snacks Provided,Drop-In Care,Part Time Care",Y,NO,NO,NO,250107,Little Steps Learning Center #2,DALLAS,7121 LAKE JUNE RD,75217 1520,Little Steps Learning Center,4.3,12.0,5,high_confidence,21.0,0,1,0,0,0,7,1.167,0.0
ChIJl3wZkd63RIYR6OH2yfqWHus,0,2,0,1,0,11,0,16,2024-07-03,"Meals Provided ,Snacks Provided",N,NO,NO,NO,1463515,Overton Elementary Early Head Start,AUSTIN,7201 COLONY LOOP DR,78724 5348,Overton Elementary School,,,0,medium_confidence,1.5,0,0,0,0,0,3,0.273,0.0
ChIJl4r-oWyVQIYRj615k6W7DqQ,1,5,1,0,0,8,0,272,2002-08-08,"School Age Care,Before School Care,Meals Provided ,After School Care,Snacks Provided,Drop-In Care,Part Time Care,Transportation to/from School ,Field Trips,Night Care",Y,NO,NO,NO,211633,Teeter Totter Village,HOUSTON,9133 SCOTT ST,77051 2763,Teeter Totter Village Child Development Center,3.6,22.0,5,medium_confidence,23.4,0,1,0,0,0,7,0.875,0.125
ChIJl5N-JvwzW4YR007yxaRjRLA,3,3,1,0,0,7,0,140,1987-04-24,Part Time Care,N,NO,NO,NO,100564,Bethany School,AUSTIN,10010 ANDERSON MILL RD,78750 2127,Bethany Preschool,4.2,5.0,5,high_confidence,38.7,0,0,0,0,0,7,1.0,0.429
ChIJl5Pk7BKiToYRXziLgQGpNM4,1,11,6,0,0,10,0,49,2010-07-19,"School Age Care,Meals Provided ,After School Care,Snacks Provided,Part Time Care,Transportation to/from School ,Field Trips",Y,NO,NO,NO,514253,Hopewell Development Center,DALLAS,5144 DOLPHIN RD,75223 2421,Hopewell Development & Achievement Center,4.4,27.0,5,medium_confidence,15.5,0,1,0,0,0,18,1.8,0.1
ChIJl65DALZpXIYR5NxUCKqigs8,4,7,6,1,2,12,1,120,2023-11-15,"Meals Provided ,After School Care,Snacks Provided,Transportation to/from School ,Field Trips",N,NO,NO,NO,1449826,The Kindness Academy,SAN ANTONIO,9480 BRAUN RD,78254 6701,The Kindness Academy,5.0,17.0,5,high_confidence,2.1,0,0,0,0,0,20,1.667,0.333
ChIJl6dSw67JQIYRdAe8nDTJpsQ,16,31,12,0,4,19,0,75,2019-01-23,"School Age Care,Before School Care,Meals Provided ,After School Care,Snacks Provided,Drop-In Care,Part Time Care,Transportation to/from School ,Field Trips,Night Care",Y,NO,NO,NO,1310291,LBJ Creative Ideas Learning Academy,HOUSTON,11243 VETERANS MEMORIAL DR STE A,77067 3838,LBJ Creative Ideas Learning Academy,4.0,23.0,5,high_confidence,6.9,0,1,0,0,0,63,3.316,0.842
ChIJl6v-VaZcXIYRDjWhP7kSNck,3,2,4,0,0,12,0,119,1985-12-09,"School Age Care,Before School Care,Meals Provided ,After School Care,Snacks Provided,Transportation to/from School",Y,NO,NO,NO,94291,Marbach Christian Church DCC,SAN ANTONIO,8023 MARBACH RD,78227 1615,Marbach Christian Church,4.5,50.0,5,high_confidence,40.1,0,1,0,0,0,9,0.75,0.25
ChIJl6xcBWtCXIYRdZaiFralPMQ,2,6,3,0,0,27,0,249,2009-10-14,"School Age Care,Before School Care,Meals Provided ,After School Care,Snacks Provided,Part Time Care,Transportation to/from School ,Field Trips",N,NO,NO,NO,458188,Childrens Lighthouse Learning Center at Alamo Ranch,SAN ANTONIO,5610 LONE STAR PKWY,78253 5888,Children's Lighthouse of Alamo Ranch,4.4,171.0,5,medium_confidence,16.2,0,0,0,0,0,11,0.407,0.074
ChIJl9mjKABLW4YRLMzEDc8jvr8,4,10,9,0,1,14,0,36,2014-03-26,"School Age Care,Meals Provided ,After School Care,Snacks Provided,Part Time Care",Y,NO,NO,NO,1108499,Tiny Feet Daycare #2,AUSTIN,1408 W STASSNEY LN,78745 2948,Tiny Feet Daycare,5.0,1.0,1,high_confidence,11.8,0,1,0,0,0,24,1.714,0.286
ChIJl9zNEtKHXIYRU4geVLQL9_A,0,3,1,0,0,7,0,156,1986-09-17,"School Age Care,Before School Care,Accredited,Meals Provided ,After School Care,Snacks Provided,Drop-In Care,Part Time Care,Transportation to/from School ,Field Trips",N,NO,NO,NO,97797,Kiddie Koop Day Care Center Inc,SAN ANTONIO,28190 US HIGHWAY 281 N,78260 1704,Kiddie Koop Children's Enrichment Center,5.0,3.0,3,medium_confidence,39.3,1,0,0,0,0,4,0.571,0.0
ChIJlRPIiRNlXIYRFl1ZKFKTrXo,5,5,0,0,0,30,0,511,2009-02-20,"School Age Care,Before School Care,Accredited,Meals Provided ,After School Care,Snacks Provided,Drop-In Care,Skill Classes,Part Time Care,Transportation to/from School ,Field Trips",Y,NO,NO,NO,361451,Country Home Learning Center #10 LTD.,SAN ANTONIO,23907 CIELO VIS,78255 9503,Country Home Learning Center at Leon Springs,4.2,72.0,5,medium_confidence,16.9,1,1,0,0,0,10,0.333,0.167
ChIJlSdZ6JJ7ToYR52jGzH2-nl0,12,10,11,1,0,34,2,135,2007-04-05,"School Age Care,Before School Care,Meals Provided ,After School Care,Snacks Provided,Drop-In Care,Part Time Care,Transportation to/from School ,Field Trips",Y,NO,NO,NO,310154,Childtime Learning Center,FORT WORTH,1408 MORRISON DR,76112 3711,Childtime on Morrison,4.2,33.0,5,medium_confidence,18.7,0,1,0,0,0,34,1.0,0.353
ChIJlT1_4GhfXIYR0zKs4fxg-_w,4,5,2,0,0,14,0,114,2001-01-31,"Meals Provided ,Snacks Provided,Part Time Care",Y,NO,NO,NO,167419,Respite Care of San Antonio Incorported,SAN ANTONIO,303 W FRENCH PL,78212,Respite Care of San Antonio,4.4,49.0,5,high_confidence,24.9,0,1,0,0,0,11,0.786,0.286
ChIJlTC9JnKLXIYR1snkUXpqzm0,20,36,18,2,4,90,4,108,2018-06-05,"School Age Care,Before School Care,Meals Provided ,After School Care,Snacks Provided,Drop-In Care,Part Time Care,Transportation to/from School ,Field Trips",Y,NO,NO,NO,1293179,Bright Kids Daycare & Learning Center #3,SAN ANTONIO,4503 THOUSAND OAKS DR,78233 6834,Bright Kids Daycare & Learning Center,2.8,19.0,5,high_confidence,7.6,0,1,0,0,0,80,0.889,0.222
ChIJlTbH2-o1W4YRBQRDJQgNWB0,9,9,3,1,0,15,0,327,2006-01-10,"After School Care,Part Time Care,Transportation to/from School ,Field Trips",N,NO,NO,NO,276915,Childrens Center of Austin,AUSTIN,8100 BEE CAVE RD,78746 4944,Children's Center of Austin,4.4,16.0,5,high_confidence,20.0,0,0,0,0,0,22,1.467,0.6
ChIJlTqLkuzRQIYR6l4qx00zaTM,0,3,2,0,0,9,0,162,2024-11-12,"School Age Care,Meals Provided ,After School Care,Snacks Provided,Drop-In Care,Part Time Care",Y,NO,NO,NO,1474176,The Learning Experience,HOUSTON,8630 JONES RD,77065 5394,The Learning Experience - Jersey Village,4.5,30.0,5,medium_confidence,1.1,0,1,0,0,0,5,0.556,0.0
ChIJlU0y37lDXIYRFII328GeW8s,3,7,1,0,0,24,0,280,2021-12-15,"School Age Care,Before School Care,Meals Provided ,After School Care,Snacks Provided,Drop-In Care,Skill Classes,Part Time Care,Transportation to/from School ,Field Trips",N,NO,NO,NO,1377913,Ivy Kids of Alamo Ranch,SAN ANTONIO,5325 LONE STAR PKWY,78253,Ivy Kids of Alamo Ranch,4.5,77.0,5,high_confidence,4.0,0,0,0,0,0,11,0.458,0.125
ChIJlUJnH2KjToYRlSeAsT3KErM,1,9,2,0,0,10,0,162,2001-09-14,"After School Care,Transportation to/from School ,Weekend Care,Field Trips,Night Care",Y,NO,NO,NO,171311,Sherandas Playhouse II,DALLAS,2124 N PRAIRIE CREEK RD,75227 8112,Sheranda's Play House,2.7,20.0,5,medium_confidence,24.3,0,1,0,0,0,12,1.2,0.1
ChIJlWKPj5zNRIYRpeo4k0Jq86A,0,1,3,0,0,8,0,75,1988-04-06,Part Time Care,N,NO,NO,NO,104339,Triumphant Love Lutheran Child Development Center,AUSTIN,9508 GREAT HILLS TRL,78759 6321,Triumphant Love Lutheran Child Development Center,,,0,high_confidence,37.7,0,0,0,0,0,4,0.5,0.0
ChIJlWirmEh3ToYRU-sTclXeJ3o,0,0,3,0,0,6,0,99,1986-01-22,"Accredited,Meals Provided ,Snacks Provided",Y,NO,NO,NO,95439,Happy Time Day School,FORT WORTH,1813 LAYTON AVE,76117 5438,Happy Time Dayschool,4.5,26.0,5,medium_confidence,39.9,1,1,0,0,0,3,0.5,0.0
ChIJlXdkK2jGQIYR23FnDGbegVw,2,0,2,1,0,11,0,141,1998-11-13,Part Time Care,N,NO,NO,NO,154584,Gethsemane Lutheran MDO,HOUSTON,4040 WATONGA BLVD,77092 5321,Gethsemane Lutheran Church,5.0,20.0,5,medium_confidence,27.1,0,0,0,0,0,5,0.455,0.182
ChIJlY4lnIFxToYRXCz_HnHhYD0,0,2,0,0,0,10,0,120,1986-08-20,"School Age Care,Before School Care,After School Care,Snacks Provided",Y,NO,NO,NO,94883,Clayton Youth Enrichment @ Lily B Clayton Elementary,FORT WORTH,2000 PARK PLACE AVE,76110 1230,Lily B. Clayton Elementary School (FWISD),,,0,medium_confidence,39.4,0,1,0,0,0,2,0.2,0.0
ChIJlYvmb2wMToYRAxsTMedji5M,8,6,4,0,0,23,0,191,2022-01-06,"School Age Care,Before School Care,Meals Provided ,After School Care,Snacks Provided,Part Time Care,Transportation to/from School ,Field Trips",Y,NO,NO,NO,1382468,Northstar Preschool,FORT WORTH,10332 WESTPOINT BLVD,76108 4081,Northstar Preschool at Westpoint,4.3,93.0,5,medium_confidence,4.0,0,1,0,0,0,18,0.783,0.348
ChIJl_FzeBDHQIYRR_zmN7eePqA,14,17,17,1,2,27,2,270,2024-04-11,"School Age Care,Before School Care,Meals Provided ,After School Care,Snacks Provided,Skill Classes,Part Time Care",N,NO,NO,NO,1458603,Village Montessori,HOUSTON,1629 W 34TH ST,77018 6215,Village in the loop Preschool,5.0,21.0,5,medium_confidence,1.7,0,0,0,0,0,51,1.889,0.519
ChIJla_NSmCXQIYRx9t15l9E0Ro,0,1,0,1,0,2,1,64,2025-11-18,"School Age Care,Before School Care,Meals Provided ,After School Care,Snacks Provided,Part Time Care",N,NO,NO,NO,1516311,Kings Kids Houston Childcare LLC,HOUSTON,9702 WILLOW ST,77088 4637,Kings Kids Academy,3.7,11.0,5,medium_confidence,0.1,0,0,0,0,0,2,1.0,0.0
ChIJlazKNDH6XIYROiNeGWJ9UZA,5,11,9,0,0,21,0,113,2024-04-25,"School Age Care,Before School Care,Meals Provided ,After School Care,Snacks Provided",Y,YES,NO,NO,1469132,Kid Kountry Early Learning Center LLC,SAN ANTONIO,11708 DONOP RD,78223 4242,Kid Kountry Early Learning,3.4,38.0,5,high_confidence,1.7,0,1,1,0,0,25,1.19,0.238
ChIJlczfknbMQIYRyq4tjDW8Ly8,0,0,4,0,0,5,0,100,2017-03-01,"School Age Care,Before School Care,After School Care",N,NO,NO,NO,1253387,Koala Kare @ Beneke Elementary,HOUSTON,3840 BRIARCHASE DR,77014 2755,Beneke Elementary School,,,0,medium_confidence,8.8,0,0,0,0,0,4,0.8,0.0
ChIJldCEpX5fXIYRsYh1BNM7vR4,3,5,2,1,0,10,0,58,2015-02-26,"Accredited,Snacks Provided,Drop-In Care",Y,NO,NO,NO,1152889,Brighton Center,SAN ANTONIO,265 E LULLWOOD AVE,78212 5268,Brighton Preschool,4.3,14.0,5,medium_confidence,10.8,1,1,0,0,0,11,1.1,0.3
ChIJldKLJsfZQIYR-B_h4MBjXPI,2,4,14,2,3,10,0,112,2021-11-22,"School Age Care,Before School Care,After School Care,Snacks Provided,Part Time Care,Field Trips",Y,NO,NO,NO,1373828,Montessori Pathways,HOUSTON,19115 SPANISH NEEDLE DR,77084 4341,Montessori Pathways,,,0,high_confidence,4.1,0,1,0,0,0,25,2.5,0.2
ChIJldQCp8ajToYRf1RVgVHVK5w,0,2,4,0,0,10,0,30,2008-07-10,"Accredited,After School Care,Drop-In Care,Transportation to/from School ,Field Trips",Y,NO,NO,NO,336659,Sharons Playground Learning Center,DALLAS,3949 SAINT FRANCIS AVE STE B,75228 6175,Sharon's Playground Learning,4.3,11.0,5,high_confidence,17.5,1,1,0,0,0,6,0.6,0.0
ChIJldSw9aGhToYR2fedvH0H9nk,1,1,2,0,0,10,0,96,2024-11-22,"Skill Classes,Part Time Care,Field Trips",N,NO,NO,NO,1474406,Petite Lumiere Preparatory School,DALLAS,10805 WALNUT HILL LN,75238 2331,Petite Lumière Preparatory School,,,0,high_confidence,1.1,0,0,0,0,0,4,0.4,0.1
ChIJldno2wfCQIYRkpKPdapCOLs,0,0,0,0,0,9,0,175,1986-11-10,"Accredited,Skill Classes,Field Trips",N,NO,NO,NO,96194,The Shlenker School,HOUSTON,5600 N BRAESWOOD BLVD,77096 2908,The Shlenker School,,,0,high_confidence,39.1,1,0,0,0,0,0,0.0,0.0
ChIJldqf9EqVQIYRwmC_9u9Lubk,1,4,4,2,0,9,1,272,2018-04-16,"School Age Care,Accredited,Meals Provided ,After School Care,Snacks Provided,Skill Classes,Transportation to/from School ,Field Trips",N,NO,NO,NO,1287902,Star of Hope Child Development Center,HOUSTON,2575 REED RD,77051 2216,Star of Hope Mission - Women and Family Development Center at Star of Hope's Cornerstone Community,3.7,410.0,5,medium_confidence,7.7,1,0,0,0,0,11,1.222,0.111
ChIJleLcKVwjTIYR07VmZ1TOVzY,2,4,0,0,0,18,0,206,2022-09-15,"School Age Care,Before School Care,After School Care,Snacks Provided,Part Time Care,Transportation to/from School ,Field Trips",Y,NO,NO,NO,1396589,The Nest School Plano,DALLAS,18303 DAVENPORT RD,75252 5454,The Nest Schools Plano,5.0,41.0,5,high_confidence,3.3,0,1,0,0,0,6,0.333,0.111
ChIJlehrnp1hXIYRuaP5-PKcXBo,4,12,12,3,3,11,2,93,2000-12-21,,N,NO,NO,NO,164820,Heintz Preschool,SAN ANTONIO,16550 HUEBNER RD,78248 1695,Heintz Preschool,5.0,11.0,5,high_confidence,25.0,0,0,0,0,0,34,3.091,0.364
ChIJlfveeJKLXIYRxCPQqAp_lZw,0,8,2,0,0,16,0,157,2013-07-29,"School Age Care,Meals Provided ,After School Care,Snacks Provided,Drop-In Care,Part Time Care,Transportation to/from School ,Field Trips",Y,NO,NO,NO,1102411,Pinnacle Kids Academy,SAN ANTONIO,15706 CLASSEN RD,78247 2100,Pinnacle Kids Academy,4.2,41.0,5,high_confidence,12.4,0,1,0,0,0,10,0.625,0.0
ChIJlw9lYa5OW4YRsyAC8QuxYDo,0,3,0,0,0,8,0,27,2018-11-12,Part Time Care,N,NO,NO,NO,1313211,Cadets Childcare Inc DBA Clubhouse Cadets @ Kiker Elementary,AUSTIN,5913 LA CROSSE AVE,78739 1747,Clubhouse Cadets at Kiker,,,0,medium_confidence,7.1,0,0,0,0,0,3,0.375,0.0
ChIJlyg_1YB6ToYRzreH-gLpMDM,2,0,1,0,0,15,0,80,2004-04-12,"Meals Provided ,Snacks Provided",N,NO,NO,NO,235003,Rosedale V Head Start & Child Development Center,FORT WORTH,4244 E ROSEDALE ST,76105 1825,Rosedale V Child Development Center,5.0,2.0,2,high_confidence,21.7,0,0,0,0,0,3,0.2,0.133
ChIJlyyCwSzKRIYRy5RKR3yOYQQ,2,4,2,0,0,10,0,132,1987-07-13,"Meals Provided ,Snacks Provided",N,NO,NO,NO,100719,Gethsemane Lutheran Childrens,AUSTIN,200 W ANDERSON LN,78752 1106,Gethsemane Lutheran Children's,5.0,6.0,5,high_confidence,38.5,0,0,0,0,0,8,0.8,0.2
ChIJm07JT1jcQIYRZ1hRbD_slFw,10,5,7,2,0,12,1,70,2005-01-31,"School Age Care,Before School Care,Meals Provided ,After School Care,Snacks Provided,Drop-In Care,Transportation to/from School ,Field Trips",Y,NO,NO,NO,254912,Ashford Montessori,HOUSTON,3138 S DAIRY ASHFORD RD,77082 2302,Ashford Montessori,,,0,high_confidence,20.9,0,1,0,0,0,24,2.0,0.833
ChIJm0KPj05dXIYR0Wcf5GC7RQg,3,9,3,0,0,9,0,156,2021-08-20,"Meals Provided ,After School Care,Snacks Provided,Drop-In Care,Part Time Care,Transportation to/from School",Y,NO,NO,NO,1385987,Marc Landon Christian Academy,SAN ANTONIO,5300 HEATH RD BLDG 1,78250 4685,Marc Landon Christian Academy K-12,,,0,high_confidence,4.4,0,1,0,0,0,15,1.667,0.333
ChIJm0XYfonCQIYRyT8RVnZB2D4,4,8,7,3,0,14,1,148,2022-03-21,"School Age Care,Before School Care,Meals Provided ,After School Care,Snacks Provided,Drop-In Care,Part Time Care,Transportation to/from School ,Weekend Care,Field Trips",Y,NO,NO,NO,1387199,Shining Stars Academy,HOUSTON,7711 BEECHNUT ST,77074 3101,The Shining Stars Academy,4.6,26.0,5,high_confidence,3.8,0,1,0,0,0,22,1.571,0.286
ChIJm3T-_Kp3ToYRFAD1-ThvsxU,0,1,0,0,0,7,0,80,2014-05-05,"School Age Care,After School Care,Snacks Provided,Part Time Care,Transportation to/from School ,Field Trips",Y,NO,NO,NO,1120072,Camp Fire First Texas at Westcliff,FORT WORTH,4300 CLAY AVE,76109 5224,Camp Fire First Texas,3.4,9.0,5,medium_confidence,11.7,0,1,0,0,0,1,0.143,0.0
ChIJm4yFxh_DQIYRUPngMv4JfYg,2,8,6,0,0,7,1,52,2025-02-05,"School Age Care,Before School Care,Meals Provided ,After School Care,Snacks Provided,Drop-In Care,Skill Classes,Part Time Care,Transportation to/from School ,Weekend Care,Field Trips",N,NO,NO,NO,1479546,Westpark Star Kids Academy,HOUSTON,3969 S GESSNER RD,77063 5135,Westpark Star Kids Academy,5.0,11.0,5,high_confidence,0.9,0,0,0,0,0,16,2.286,0.286
ChIJm5tVWVvHQIYRYdNU0tyQ9O8,6,7,1,1,0,11,1,277,1987-03-11,Accredited,N,NO,NO,NO,100135,Immanuel Lutheran Church And School,HOUSTON,306 E 15TH ST,77008 4239,Immanuel Lutheran Church (LCMS),5.0,8.0,5,medium_confidence,38.8,1,0,0,0,0,15,1.364,0.545
ChIJm7Fo5a2QToYRHGL9y391wtA,1,1,1,0,0,14,0,86,2025-01-23,"School Age Care,Before School Care,Meals Provided ,After School Care,Snacks Provided,Drop-In Care,Skill Classes,Transportation to/from School ,Field Trips",Y,NO,NO,NO,1467075,Metropolitan Christian Academy,DALLAS,3430 S POLK ST,75224 3804,Metropolitan Christian Academy,4.0,8.0,5,high_confidence,0.9,0,1,0,0,0,3,0.214,0.071
ChIJm7OzCBS4QIYRapQyD5Ny0iE,0,1,1,0,0,5,0,85,2016-02-25,"School Age Care,Before School Care,Meals Provided ,After School Care,Snacks Provided",Y,NO,NO,NO,1194459,Something Special Children's Center,HOUSTON,9602 FULTON ST,77076 4915,Something Special Child Care,3.3,19.0,5,high_confidence,9.9,0,1,0,0,0,2,0.4,0.0
ChIJm85KlPjXTYYR7OYkRGwHqZ8,1,6,3,0,0,8,0,190,2017-04-26,"School Age Care,Before School Care,Accredited,Meals Provided ,After School Care,Snacks Provided,Part Time Care,Transportation to/from School ,Field Trips",N,NO,NO,NO,1270375,Primrose School of Parkwood Hill,FORT WORTH,7451 PARKWOOD HILL BLVD,76137 3745,Primrose School of Parkwood Hill,4.8,44.0,5,high_confidence,8.7,1,0,0,0,0,10,1.25,0.125
ChIJm8Dhb8SfToYRS9hgfVfVsaI,0,2,0,0,0,11,0,218,1987-03-06,"Accredited,Snacks Provided",N,NO,NO,NO,98304,University Park UMC Weekday School,DALLAS,4024 CARUTH BLVD,75225 5403,The Weekday School at UPUMC,,,0,medium_confidence,38.8,1,0,0,0,0,2,0.182,0.0
ChIJm8GigAAgTIYRKaYYRSdINRc,1,2,0,0,0,7,0,99,2013-12-09,"Snacks Provided,Part Time Care",N,NO,NO,NO,1116900,Ascension Day School,DALLAS,8787 GREENVILLE AVE,75243 7140,Ascension Day School,5.0,1.0,1,high_confidence,12.1,0,0,0,0,0,3,0.429,0.143
ChIJm8lJFQfKRIYRYEiZa2tWwTU,0,0,0,0,0,3,0,88,2025-10-17,"School Age Care,Before School Care,Meals Provided ,After School Care,Snacks Provided,Drop-In Care,Part Time Care,Transportation to/from School ,Field Trips",N,NO,NO,NO,1515476,Stepping Stone School XVII,AUSTIN,1007 E 40TH ST,78751 4805,Stepping Stone School - Hyde Park,4.4,29.0,5,medium_confidence,0.2,0,0,0,0,0,0,0.0,0.0
ChIJm9B78gLNRIYR_c0TQ4AbM3k,2,5,3,0,0,6,0,34,2010-02-11,"Part Time Care,Transportation to/from School ,Field Trips",N,NO,NO,NO,478929,The Discovery School,AUSTIN,8600 WHITE CLIFF DR STE 3,78759 7717,Discovery School (Explorers),5.0,13.0,5,medium_confidence,15.9,0,0,0,0,0,10,1.667,0.333
ChIJmQsPCfe6QIYR51ZWvAPY5Xc,4,18,8,0,0,15,0,33,2018-01-23,"School Age Care,Before School Care,Meals Provided ,After School Care,Snacks Provided,Drop-In Care,Part Time Care,Transportation to/from School ,Field Trips,Night Care",N,NO,NO,NO,1281973,Lil One's Daycare Emporium 2,HOUSTON,8151 E HOUSTON RD,77028 2000,Lil One’s Daycare Emporium LLC,4.2,5.0,5,high_confidence,7.9,0,0,0,0,0,30,2.0,0.267
ChIJmRd5TX6_QIYRjUqOOUsqO4I,5,4,4,0,0,15,0,124,2022-03-01,"School Age Care,Meals Provided ,Snacks Provided",Y,NO,NO,NO,1384323,Community Preschools at Eastex,HOUSTON,5052 SCOTT ST,77004 7904,Community Preschools at Lawson,5.0,29.0,5,high_confidence,3.8,0,1,0,0,0,13,0.867,0.333
ChIJmT9brVSXQIYRGdRpKrp5kNc,0,2,0,0,0,6,0,43,2025-01-24,"School Age Care,Meals Provided ,Snacks Provided,Drop-In Care,Transportation to/from School",Y,NO,NO,NO,1484813,Sandra's Little Learners,HOUSTON,11403 HALL RD,77089 3038,Sandra's Little Learners,5.0,6.0,5,high_confidence,0.9,0,1,0,0,0,2,0.333,0.0
ChIJmTmpupbcQIYRogIqq6u4o8o,14,35,15,1,0,33,3,110,1985-11-14,,Y,NO,NO,NO,96449,La Petite Briar Forest,HOUSTON,11803 BRIAR FOREST DR,77077 4130,La Petite Academy on Briar Forest Dr,3.7,58.0,5,medium_confidence,40.1,0,1,0,0,0,65,1.97,0.424
ChIJmV6zG-SaToYRFC_CDN8ubyk,0,5,5,2,0,11,0,17,2021-08-27,"Snacks Provided,Part Time Care",N,NO,NO,NO,1354493,Mount St. Michael Catholic School,DALLAS,4500 W DAVIS ST,75211 3419,Mount St. Michael Catholic School,,,0,high_confidence,4.3,0,0,0,0,0,12,1.091,0.0
ChIJmVgv9E16ToYRDJNhm_gZfTU,2,2,4,0,0,10,0,189,2004-05-07,"Accredited,Meals Provided ,After School Care,Snacks Provided,Part Time Care,Transportation to/from School ,Field Trips",Y,NO,NO,NO,245248,Saintsville Baptist Church Academy,FORT WORTH,2200 OAK HILL RD,76112 4011,Saintsville Baptist Church,4.3,32.0,5,high_confidence,21.7,1,1,0,0,0,8,0.8,0.2
ChIJmW-glq72XIYR3Op0SuS9rZs,9,7,16,1,0,13,0,48,2013-04-04,"School Age Care,Meals Provided ,After School Care,Snacks Provided,Part Time Care,Transportation to/from School",Y,NO,NO,NO,1107012,K n K Development and Learning Center,SAN ANTONIO,4542 E HOUSTON ST,78220 1716,K n K Development and Learning Center,3.0,4.0,4,high_confidence,12.7,0,1,0,0,0,33,2.538,0.692
ChIJmX-YnUebToYR0UrbwbNki38,0,0,0,0,0,8,0,289,2014-12-08,"School Age Care,Meals Provided ,After School Care,Snacks Provided,Transportation to/from School ,Field Trips",N,NO,NO,NO,1146736,Cardinal Farrell Community Center,DALLAS,321 CALUMET AVE,75211 3547,Cardinal Farrell Community Center,4.2,5.0,5,high_confidence,11.1,0,0,0,0,0,0,0.0,0.0
ChIJmXMqdgC1RIYR1wsL3CcygoM,0,2,0,0,0,7,0,154,2025-02-03,"Snacks Provided,Part Time Care",N,NO,NO,NO,1482585,Kido International Preschool,AUSTIN,1924 S 1ST ST,78704 4254,Kido International Preschool & Daycare Bouldin Creek,4.9,26.0,5,medium_confidence,0.9,0,0,0,0,0,2,0.286,0.0
ChIJmXN6HAhoXIYR6h6SXYu11Es,5,10,11,0,0,37,0,111,1987-02-05,"Meals Provided ,Snacks Provided,Drop-In Care,Part Time Care",Y,NO,NO,NO,99619,Guilbeau KinderCare,SAN ANTONIO,8980 GUILBEAU RD,78250 2650,Guilbeau KinderCare,4.6,42.0,5,high_confidence,38.9,0,1,0,0,0,26,0.703,0.135
ChIJmXO-tuCdToYRihOkQHzuzs4,2,4,0,1,0,11,1,48,2020-01-28,"Accredited,Part Time Care",N,NO,NO,NO,1333855,Willow Montessori Academy,DALLAS,2404 EMPIRE CENTRAL,75235 4344,Willow Montessori Academy,,,0,high_confidence,5.9,1,0,0,0,0,7,0.636,0.182
ChIJmXtd1_GRToYRKcg2obnWPKE,2,5,5,1,0,8,1,48,2022-11-09,"School Age Care,Before School Care,Meals Provided ,After School Care,Snacks Provided,Drop-In Care,Part Time Care,Transportation to/from School",Y,NO,NO,NO,1396502,"Aunt Tammy's Early Learning Academy, LLC",DALLAS,4909 S COCKRELL HILL RD,75236 2019,Aunt tammys daycare,4.7,9.0,5,medium_confidence,3.1,0,1,0,0,0,13,1.625,0.25
ChIJmZu4wiK1RIYR8c_XqCgiE_A,1,1,0,1,0,12,1,100,2018-07-13,,Y,NO,NO,NO,1294447,Hillside Early Childhood Center,AUSTIN,1700 WOODLAND AVE,78741 2534,Hillside Early Childhood Center,4.4,19.0,5,high_confidence,7.5,0,1,0,0,0,3,0.25,0.083
ChIJmcfKSUTBQIYRrmJ8eSSeQeU,0,1,1,0,0,9,0,225,2019-01-02,"Accredited,Part Time Care",N,NO,NO,NO,1310922,Kipling School on Floyd,HOUSTON,4704 FLOYD ST,77007 5512,Kipling School Floyd,,,0,high_confidence,7.0,1,0,0,0,0,2,0.222,0.0
ChIJmch1RxzNRIYRZcYD7mKwvz8,0,0,0,0,0,3,0,240,2025-10-07,"School Age Care,Before School Care,Meals Provided ,After School Care,Snacks Provided,Drop-In Care,Part Time Care,Transportation to/from School ,Field Trips",N,NO,NO,NO,1515419,Stepping Stone School III,AUSTIN,6616 MCNEIL DR,78729 7767,Stepping Stone School - McNeil,3.9,39.0,5,high_confidence,0.2,0,0,0,0,0,0,0.0,0.0
ChIJmclORZqLXIYRh72cVkmNcFc,5,2,3,0,0,19,0,120,2021-12-02,"School Age Care,Before School Care,Accredited,After School Care,Snacks Provided,Part Time Care",Y,NO,NO,NO,1376254,San Antonio Country Day Montessori,SAN ANTONIO,4194 JUNG RD,78247 2711,Country Day Montessori,,,0,medium_confidence,4.1,1,1,0,0,0,10,0.526,0.263
ChIJmd69Z2zGQIYRVbaR_Spd98c,6,9,3,0,0,15,1,368,2011-07-11,"Meals Provided ,Snacks Provided",N,NO,NO,NO,734528,AVANCE Mangum Center,HOUSTON,4503 MANGUM RD,77092 4325,Avance Mangum Education Center,4.0,24.0,5,high_confidence,14.5,0,0,0,0,0,18,1.2,0.4
ChIJmdxXmiLXQIYR92I4yGuIstk,3,27,9,0,0,78,0,102,2023-09-07,"School Age Care,Before School Care,Meals Provided ,After School Care,Snacks Provided,Drop-In Care,Part Time Care",Y,NO,NO,NO,1442078,"Daniehl LLC, DBA: First Steps Learning Center",HOUSTON,5431 BARKER CYPRESS RD STE 1500,77084 1995,First Steps Learning Center- Barker Cypress,4.5,36.0,5,medium_confidence,2.3,0,1,0,0,0,39,0.5,0.038
ChIJmxNLH3CiToYRJcU611HWOhw,2,0,1,0,0,9,0,206,2008-02-20,"Meals Provided ,Snacks Provided,Field Trips",N,NO,NO,NO,318303,Margaret H Cone Head Start Center,DALLAS,2919 TROY ST,75210 1364,Margaret H Cone Head Start Center,3.6,11.0,5,high_confidence,17.9,0,0,0,0,0,3,0.333,0.222
ChIJmxTi5GjHQIYR8GexV9CJ0mg,0,7,3,2,1,7,0,50,1986-02-14,"School Age Care,Meals Provided",N,NO,NO,NO,101437,Three R's Plus,HOUSTON,1501 HERKIMER ST,77008 3843,Three R's Plus Montessori,,,0,medium_confidence,39.9,0,0,0,0,0,13,1.857,0.0
ChIJmxXHiT7MQIYRzeW6DAZdr7s,4,10,2,0,0,5,0,94,2026-02-17,"School Age Care,After School Care,Snacks Provided,Part Time Care",N,NO,NO,NO,1500976,The Greenwood Preschool,HOUSTON,12135 MIGHTY OAK DR,77066 2859,The Greenwood Preschool,4.5,32.0,5,high_confidence,0.0,0,0,0,0,0,16,3.2,0.8
ChIJmymy0pGZToYRERjmbPuSXDE,1,1,1,1,1,11,1,150,1987-04-10,Field Trips,Y,NO,NO,NO,94094,Cliff Temple Child Development,DALLAS,125 SUNSET AVE,75208 4516,Cliff Temple Child Development,4.2,10.0,5,high_confidence,38.7,0,1,0,0,0,5,0.455,0.091
ChIJmzSr53zNQIYRu-A8mrgV2mo,12,14,7,6,0,11,2,80,2021-05-18,"School Age Care,Before School Care,Meals Provided ,After School Care,Snacks Provided,Drop-In Care,Part Time Care,Transportation to/from School ,Weekend Care,Field Trips",Y,NO,NO,NO,1350938,Golden Star Learning Academy,HOUSTON,12010 BAMMEL NORTH HOUSTON RD,77066 4791,Golden Star Learning Academy,4.1,9.0,5,high_confidence,4.6,0,1,0,0,0,39,3.545,1.091
ChIJn0JIUJ5fXIYRV60SgUejuhI,0,0,1,0,0,11,0,130,2021-11-30,"School Age Care,Meals Provided ,After School Care,Snacks Provided",N,NO,NO,NO,1385563,Y School Age @ Rogers,SAN ANTONIO,620 MCILVAINE,78212 1817,Will Rogers Academy,,,0,medium_confidence,4.1,0,0,0,0,0,1,0.091,0.0
ChIJn0JUUVlNW4YRs6RavGpz9tk,2,3,1,0,0,15,0,34,2021-09-23,Snacks Provided,N,NO,NO,NO,1374029,Kidspring Bilingual Learning Center,AUSTIN,7002 MENCHACA RD STE 200,78745 5352,KidSpring Bilingual Learning Center,5.0,29.0,5,high_confidence,4.3,0,0,0,0,0,6,0.4,0.133
ChIJn0MDxI2YToYRrypNLC3a3No,2,1,1,0,0,12,0,114,1986-08-18,"Accredited,Meals Provided ,Snacks Provided",N,NO,NO,NO,94770,ChildCareGroup Martin Luther King Jr Center,DALLAS,2922 MARTIN LUTHER KING JR BL,75215 2321,"ChildCareGroup Martin Luther King, Jr Center",4.0,5.0,5,high_confidence,39.4,1,0,0,0,0,4,0.333,0.167
ChIJn2SI4m7GQIYRSA99OIjRxMM,1,2,3,0,0,6,0,44,2003-12-12,"Skill Classes,Part Time Care",N,NO,NO,NO,230682,St Ambrose Early Childhood Center,HOUSTON,4213 MANGUM RD,77092 5515,St Ambrose Catholic School,,,0,medium_confidence,22.1,0,0,0,0,0,6,1.0,0.167
ChIJn3UZrB2gToYRUE0Hmd-Xh8Y,2,1,1,0,0,14,0,165,2021-08-10,"Transportation to/from School ,Field Trips",Y,NO,NO,NO,1382283,Northstar Preschool at Fair Oaks,DALLAS,7825 FAIR OAKS AVE,75231 4603,Northstar Preschool at Fair Oaks,4.6,48.0,5,high_confidence,4.4,0,1,0,0,0,4,0.286,0.143
ChIJn44lX6j2XIYRGWp4Maq1328,9,10,12,1,1,13,3,72,2019-01-11,"School Age Care,Before School Care,Meals Provided ,After School Care,Snacks Provided,Drop-In Care,Part Time Care,Transportation to/from School",Y,NO,NO,NO,1309561,Rollings Academy Learning Center,SAN ANTONIO,223 S WW WHITE RD,78219 4221,Rollings Learning Academy,5.0,4.0,4,high_confidence,7.0,0,1,0,0,0,33,2.538,0.692
ChIJn4VWzNFmXIYR3OX1nDaTckY,2,3,3,0,0,10,0,112,2011-01-20,"Meals Provided ,After School Care,Snacks Provided,Part Time Care,Transportation to/from School ,Field Trips",Y,NO,NO,NO,776328,Mi Casa Center,SAN ANTONIO,4820 BRANDEIS ST,78249 1730,Mi Casa Child Center,4.8,59.0,5,high_confidence,14.9,0,1,0,0,0,8,0.8,0.2
ChIJn4iXq27ZQIYRVwCZGEGxUDA,0,3,3,0,1,6,0,26,2020-01-27,"Meals Provided ,Snacks Provided,Part Time Care",N,NO,NO,NO,1333260,Stars Rising LLC DBA Lycee International De Houston,HOUSTON,15950 PARK ROW,77084 5102,Lycée International de Houston - LIH,,,0,medium_confidence,5.9,0,0,0,0,0,7,1.167,0.0
ChIJn5Mtebu3RIYRptVDXpwlrYE,5,6,0,1,0,15,0,68,2020-01-06,"School Age Care,After School Care,Snacks Provided,Field Trips",Y,NO,NO,NO,1343306,KIPP Austin North EAC YMCA,AUSTIN,8004 CAMERON RD,78754 3808,KIPP Austin Comunidad,4.6,24.0,5,medium_confidence,6.0,0,1,0,0,0,12,0.8,0.333
ChIJn5vwYNPNRIYR2tUJwxbQi0g,0,3,2,0,0,6,0,34,2024-10-03,"School Age Care,Before School Care,After School Care,Snacks Provided,Drop-In Care,Part Time Care",Y,NO,NO,NO,1477153,Joyful Journeys Montessori,AUSTIN,12702 SHERBOURNE ST,78729 4541,Joyful Journeys Montessori,5.0,30.0,5,high_confidence,1.2,0,1,0,0,0,5,0.833,0.0
ChIJn8Ywf_lyToYRjUgX4fgcUbE,3,5,3,1,0,9,0,50,2000-03-16,"School Age Care,Before School Care,Accredited,Meals Provided ,After School Care,Snacks Provided,Drop-In Care,Part Time Care,Transportation to/from School ,Field Trips",N,NO,NO,NO,162346,Tots Haven Christian Academy,FORT WORTH,5216 HELMICK AVE,76107 7514,Tot's Haven Christian Academy,5.0,21.0,5,high_confidence,25.8,1,0,0,0,0,12,1.333,0.333
ChIJn8j4F4hdXIYRECIMbFvDfr0,10,11,5,1,1,24,0,83,2022-11-14,"School Age Care,Before School Care,After School Care,Snacks Provided,Drop-In Care,Skill Classes,Part Time Care,Transportation to/from School ,Field Trips",Y,NO,NO,NO,1408103,Legacy Christian Learning Center,SAN ANTONIO,4151 CULEBRA RD,78228 4557,"Legacy Christian Learning Center, LLC",4.1,37.0,5,high_confidence,3.1,0,1,0,0,0,28,1.167,0.417
ChIJn96e1SNvToYR3jwjir-hQpk,0,0,0,0,0,8,0,120,2022-12-16,"School Age Care,Before School Care,After School Care,Snacks Provided",Y,NO,NO,NO,1414626,KCE Champions LLC @ IDEA Edgecliff,FORT WORTH,1640 ALTAMESA BLVD,76134,Champions at IDEA Edgecliff,5.0,2.0,2,high_confidence,3.0,0,1,0,0,0,0,0.0,0.0
ChIJn9BU62PKQIYRRTnoX3jMHiA,8,13,9,4,0,18,1,104,2016-04-12,"School Age Care,Before School Care,Meals Provided ,After School Care,Snacks Provided,Drop-In Care,Part Time Care,Transportation to/from School ,Field Trips",Y,NO,NO,NO,1219121,Fundamental Beginnings Day Care Center,HOUSTON,607 E RICHEY RD STE D,77073 6149,"Fundamental Beginnings Daycare, LLC",4.3,28.0,5,medium_confidence,9.7,0,1,0,0,0,34,1.889,0.444
ChIJn9DbDXqKXIYRRi6vwKMdIyo,0,1,2,0,0,5,0,102,2004-08-27,"Accredited,Part Time Care",N,NO,NO,NO,255719,Abiding Presence Lutheran Day School,SAN ANTONIO,14700 SAN PEDRO AVE,78232 4352,Abiding Presence Lutheran Church and Day School,5.0,17.0,5,high_confidence,21.3,1,0,0,0,0,3,0.6,0.0
ChIJn9EVNdvIQIYRIbwW26lz77w,0,0,3,0,0,6,0,50,2015-02-18,"School Age Care,After School Care,Snacks Provided",N,NO,NO,NO,1153956,Campus Kids@Nitsch Elementary School SAP,HOUSTON,4702 W MOUNT HOUSTON RD,77088 3053,Nitsch Elementary School,,,0,medium_confidence,10.9,0,0,0,0,0,3,0.5,0.0
ChIJn9KnApmkQIYRdQUmrqT5zFg,3,14,5,1,0,13,0,132,2011-10-26,"School Age Care,Before School Care,Meals Provided ,After School Care,Snacks Provided,Transportation to/from School ,Field Trips",Y,NO,NO,NO,939968,Apple of My Eye Academy,HOUSTON,690 NORMANDY ST,77015 3411,Apple of My Eye Academy,4.3,30.0,5,high_confidence,14.2,0,1,0,0,0,23,1.769,0.231
ChIJnQaGYrRPW4YR1_VnOh2p9Gk,0,0,0,0,0,6,0,81,2019-02-25,Snacks Provided,N,NO,NO,NO,1313917,Friendship Kids,AUSTIN,14455 FM 1826,78737 9629,Friendship Kids,5.0,1.0,1,high_confidence,6.9,0,0,0,0,0,0,0.0,0.0
ChIJnROVmePDQIYR91oEDx-HU2s,8,9,0,0,1,15,3,350,1986-07-07,"After School Care,Transportation to/from School ,Field Trips",Y,NO,NO,NO,94602,Trotter YMCA Child Care Center,HOUSTON,1331 AUGUSTA DR,77057 2415,Trotter Family YMCA,4.5,449.0,5,medium_confidence,39.5,0,1,0,0,0,18,1.2,0.533
ChIJnRnyA3fKRIYRfq8RJmGUZyw,1,3,2,0,0,6,0,60,2016-02-16,"Snacks Provided,Skill Classes,Part Time Care,Field Trips",N,NO,NO,NO,1188658,Hyde Park Montessori,AUSTIN,4108 AVENUE H,78751 4725,Hyde Park Montessori,,,0,high_confidence,9.9,0,0,0,0,0,6,1.0,0.167
ChIJnS4RIkCjToYRxHnrDBUst80,1,4,2,1,0,9,2,27,2002-08-19,"After School Care,Transportation to/from School ,Field Trips",Y,NO,NO,NO,200017,Scribbles Learning Center Inc,DALLAS,8025 UMPHRESS RD,75217 1841,Scribbles Learning Center,3.6,7.0,5,high_confidence,23.4,0,1,0,0,0,8,0.889,0.111
ChIJnSNtrqLKRIYRX-QDLe5OtNg,0,0,0,0,1,5,0,65,1987-04-24,"Accredited,Part Time Care",N,NO,NO,NO,98563,Westminster Presbyterian Day School,AUSTIN,3208 EXPOSITION BLVD,78703 1200,Westminster Presbyterian Day School,3.0,2.0,2,high_confidence,38.7,1,0,0,0,0,1,0.2,0.0
ChIJnTkYzSXZTYYRHMRapojbK1w,12,3,5,0,1,27,1,216,2021-12-14,"School Age Care,Before School Care,Meals Provided ,After School Care,Snacks Provided,Part Time Care",Y,NO,NO,NO,1377024,The Learning Experience,FORT WORTH,9056 TEHAMA RIDGE PKWY,76177 2094,The Learning Experience - Fort Worth-Heritage,4.7,74.0,5,medium_confidence,4.0,0,1,0,0,0,21,0.778,0.444
ChIJnV7hu4WvQIYRIEC6XoRa6X4,2,4,0,0,0,10,1,102,2021-01-29,"School Age Care,Meals Provided ,After School Care,Snacks Provided",N,NO,NO,NO,1358317,YMCA @ Centennial Elementary,HOUSTON,15130 TIMBER FOREST DRIVE,77044,Centennial Elementary,,,0,high_confidence,4.9,0,0,0,0,0,6,0.6,0.2
ChIJnWQ38YS6ToYR0xQ_nc7x0x0,5,7,4,1,0,17,1,114,2018-02-13,"School Age Care,Before School Care,Meals Provided ,After School Care,Snacks Provided,Part Time Care,Transportation to/from School ,Field Trips",Y,NO,NO,NO,1279194,Cornerstone Learning Center 2,DALLAS,814 S BELT LINE RD,75253 3109,Cornerstone Learning Center 2,4.8,27.0,5,high_confidence,7.9,0,1,0,0,0,17,1.0,0.294
ChIJnXQ9VlWVQIYR32gEC2v2akg,11,10,5,0,0,13,0,71,2024-09-03,"Before School Care,Meals Provided ,After School Care,Snacks Provided,Transportation to/from School",Y,NO,NO,NO,1470564,Mary's Little Lamb Academy,HOUSTON,13450 CULLEN BLVD,77047 3826,Mary's Little Lamb Academy,3.4,7.0,5,high_confidence,1.3,0,1,0,0,0,26,2.0,0.846
ChIJnXtHUcvIQIYR2GMV_4KLeP8,9,17,10,3,1,13,2,105,2012-09-28,"School Age Care,Before School Care,Meals Provided ,After School Care,Snacks Provided,Transportation to/from School ,Field Trips",Y,NO,NO,NO,998928,ABC Children's Learning Center,HOUSTON,8385 ANTOINE DR,77088 2503,ABC Children's Learning Center,4.9,68.0,5,high_confidence,13.3,0,1,0,0,0,40,3.077,0.692
ChIJnaalecSZToYRYSOCXDSIdHA,5,12,2,0,0,14,0,152,2024-08-28,"Before School Care,Accredited,After School Care,Snacks Provided,Skill Classes",N,NO,NO,NO,1453453,"Liberated Montessori ,Oak Cliff",DALLAS,813 N ZANG BLVD,75208 4234,Liberated Montessori at Oak Cliff,4.9,9.0,5,high_confidence,1.3,1,0,0,0,0,19,1.357,0.357
ChIJnb1HceWAToYRAxUiuDGnex8,5,0,3,0,0,16,0,199,1999-02-12,"School Age Care,Before School Care,Meals Provided ,After School Care,Snacks Provided,Drop-In Care,Part Time Care,Transportation to/from School ,Field Trips",Y,NO,NO,NO,156330,Childrens Courtyard,FORT WORTH,3955 REGGIS CT,76155 3950,The Children's Courtyard on Reggis Court,4.6,70.0,5,medium_confidence,26.9,0,1,0,0,0,8,0.5,0.312
ChIJncWicBV6ToYRpuyyAHPUpzU,7,29,8,2,0,17,2,47,2016-12-21,"School Age Care,Before School Care,Meals Provided ,After School Care,Snacks Provided,Drop-In Care,Part Time Care,Transportation to/from School ,Field Trips",Y,NO,NO,NO,1244721,Little Steps Academy,FORT WORTH,3121 FOREST AVE,76112 7001,Little Steps Academy,3.5,13.0,5,high_confidence,9.0,0,1,0,0,0,46,2.706,0.412
ChIJnd9fmV1sToYR3VpR-t3wDHw,10,9,6,0,0,26,0,322,2007-01-25,"Before School Care,Meals Provided ,After School Care,Snacks Provided,Drop-In Care,Part Time Care,Transportation to/from School ,Field Trips",Y,NO,NO,NO,296116,Childrens Courtyard,FORT WORTH,8701 S HULEN ST,76123 2700,The Children's Courtyard on S. Hulen Street,4.6,63.0,5,medium_confidence,18.9,0,1,0,0,0,25,0.962,0.385
ChIJndq6zAJnXIYRAdg-uCZ9Fog,2,2,2,0,0,5,0,34,2025-05-12,"After School Care,Drop-In Care,Part Time Care",N,NO,NO,NO,1493053,Brighter Minds Learning Center,SAN ANTONIO,5221 CASA BELLA,78249 1758,Brighter Minds Learning Center & Academy,,,0,high_confidence,0.6,0,0,0,0,0,6,1.2,0.4
ChIJnfd95ypiXIYRJhZK6Y2nEvU,1,3,3,0,0,10,0,275,1998-07-20,"School Age Care,Meals Provided ,Snacks Provided",N,NO,NO,NO,94330,Concordia Lutheran Child Care Center,SAN ANTONIO,16801 HUEBNER RD,78258 4456,Concordia Lutheran Church,4.7,42.0,5,medium_confidence,27.5,0,0,0,0,0,7,0.7,0.1
ChIJnwcmjTKiToYR097K-EcjqAc,3,11,8,1,0,28,0,239,2021-09-13,"School Age Care,Before School Care,Meals Provided ,After School Care,Snacks Provided,Transportation to/from School ,Field Trips,Night Care",Y,NO,NO,NO,1372695,Angels on Earth Learning & Adventure Center,DALLAS,2805 PEAVY RD,75228 4772,Angel's On Earth Learning & Adventure Center,4.7,15.0,5,high_confidence,4.3,0,1,0,0,0,23,0.821,0.107
ChIJnwiFd34MToYRJXgCPSQFMV8,1,3,4,0,0,3,0,208,2026-01-21,"School Age Care,Before School Care,Meals Provided ,After School Care,Drop-In Care,Part Time Care,Transportation to/from School ,Field Trips",N,NO,NO,NO,1521630,Childcare Network #307,FORT WORTH,140 EXPEDITION DR,76108 4448,Childcare Network,4.1,56.0,5,high_confidence,0.0,0,0,0,0,0,8,2.667,0.333
ChIJnwiwcfBhXIYRc-E2dfZZOPM,3,6,4,2,0,15,1,134,2023-02-22,"School Age Care,Meals Provided ,Snacks Provided",Y,NO,NO,NO,1419888,Mi Casa Child Center,SAN ANTONIO,4331 MEDICAL DR BLDG 1,78229 3307,Mi Casa Child Center,4.4,45.0,5,high_confidence,2.9,0,1,0,0,0,15,1.0,0.2
ChIJnyTuwAtuToYRixXw-2cEUMY,0,1,0,0,0,9,0,38,2007-02-20,"Part Time Care,Field Trips",N,NO,NO,NO,309832,Edge Park United Methodist Preschool,FORT WORTH,5616 CROWLEY RD,76134 1002,Edge Park United Methodist Preschool,4.2,5.0,5,high_confidence,18.9,0,0,0,0,0,1,0.111,0.0
ChIJnzl2wCK_QIYR_Gg4wQfbuL0,2,5,3,0,0,9,0,151,2024-02-08,"School Age Care,Before School Care,Accredited,After School Care,Snacks Provided,Part Time Care",Y,NO,NO,NO,1457536,KCE Champions LLC @ KIPP Explore,HOUSTON,5402 LAWNDALE ST,77023 3743,Champions at KIPP Explore Academy,,,0,medium_confidence,1.9,1,1,0,0,0,10,1.111,0.222
ChIJo0VRBzLPRIYRFLB1bYeF49I,1,1,1,0,0,8,0,108,2016-08-29,"School Age Care,After School Care,Snacks Provided,Field Trips",Y,NO,NO,NO,1255568,PISD Dessau Elementary Extended Day Program,AUSTIN,1501 DESSAU RIDGE LN,78754 1827,Dessau Elementary School,,,0,medium_confidence,9.3,0,1,0,0,0,3,0.375,0.125
ChIJo1ZdirPNRIYRNwb23zZA3yU,3,1,0,0,0,10,0,94,2006-02-15,Field Trips,N,NO,NO,NO,287165,Corner School,AUSTIN,12007 RESEARCH BLVD,78759 2429,The Corner School,,,0,high_confidence,19.9,0,0,0,0,0,4,0.4,0.3
ChIJo229mIUSToYRMVLOfSBL7Rg,4,14,6,0,1,16,3,140,2021-11-12,"School Age Care,Snacks Provided,Part Time Care,Transportation to/from School ,Field Trips",Y,NO,NO,NO,1377592,Benbrook Community Center YMCA,FORT WORTH,1899 WINSCOTT RD,76126 4337,Benbrook Community Center YMCA | YMCA of Fort Worth,4.6,293.0,5,medium_confidence,4.1,0,1,0,0,0,25,1.562,0.25
ChIJo2d25uKZToYROTzobaYRBb0,9,3,9,1,0,14,0,54,1986-03-03,"After School Care,Part Time Care,Transportation to/from School ,Field Trips",Y,NO,NO,NO,96579,Aunt Faye Early Learning Academy,DALLAS,2638 S BECKLEY AVE,75224 2936,Aunt Faye Early Learning Academy,5.0,2.0,2,high_confidence,39.8,0,1,0,0,0,22,1.571,0.643
ChIJo2mvQBOOToYReBskzvik2f8,2,8,1,0,0,15,0,85,2020-07-30,"School Age Care,Before School Care,Meals Provided ,After School Care,Snacks Provided,Drop-In Care,Part Time Care,Transportation to/from School ,Field Trips",Y,NO,NO,NO,1354272,Childcare Paradise Learning Center,DALLAS,2146 E OVERTON RD,75216 5713,Childcare Paradise Learning Center,4.1,9.0,5,high_confidence,5.4,0,1,0,0,0,11,0.733,0.133
ChIJo3lA2hxfXIYR5cwJ0ujWVPs,0,1,1,0,0,8,0,68,2010-03-29,"School Age Care,Meals Provided ,After School Care,Snacks Provided,Part Time Care",Y,NO,NO,NO,550028,Little Learning Center,SAN ANTONIO,1730 W HUISACHE AVE,78201 5411,Little Learning Center,4.0,21.0,5,high_confidence,15.8,0,1,0,0,0,2,0.25,0.0
ChIJo4IyMcddXIYRRCu7OjWh8V0,7,15,4,2,0,26,2,84,2019-10-11,"School Age Care,Before School Care,Meals Provided ,After School Care,Snacks Provided,Drop-In Care,Transportation to/from School ,Field Trips",Y,NO,NO,NO,1329517,Betty's Babies Child Care and Learning Center,SAN ANTONIO,6231 VIVA MAX DR,78238 5163,Betty's Babies Child Care LLC,4.4,29.0,5,medium_confidence,6.2,0,1,0,0,0,28,1.077,0.269
ChIJo5GlQAAfTIYRFxAyO660Ezk,0,2,0,0,0,2,0,78,2026-02-11,"School Age Care,Before School Care,Meals Provided ,After School Care,Snacks Provided,Skill Classes,Part Time Care,Transportation to/from School ,Field Trips",N,NO,NO,NO,1521461,Mini Scholars Academy LLC,DALLAS,1825 W CLARENDON DR,75208 7629,Mini scholars academy,5.0,1.0,1,high_confidence,0.0,0,0,0,0,0,2,1.0,0.0
ChIJo7JFqKDrQIYR4rcDmCx0wjg,1,3,4,1,0,7,0,53,2005-04-19,"After School Care,Snacks Provided",Y,NO,NO,NO,258590,Martin Luther King Pre-Kindergarten ASP,HOUSTON,3930 W FUQUA ST,77045 6302,Martin Luther King Early Child,4.7,30.0,5,medium_confidence,20.7,0,1,0,0,0,9,1.286,0.143
ChIJo7tsRfxhXIYRqs4XcdpCqsg,1,4,0,0,0,7,1,120,2024-06-07,"School Age Care,Before School Care,Accredited,After School Care,Snacks Provided,Part Time Care",Y,NO,NO,NO,1469010,KCE Champions LLC @ KIPP Somos,SAN ANTONIO,8915 CALLAGHAN RD,78230 4510,Champions at KIPP Somos Primary,5.0,2.0,2,medium_confidence,1.6,1,1,0,0,0,5,0.714,0.143
ChIJo8YOrKj3XIYRLsQhYUheqYQ,3,9,9,0,0,10,0,56,2010-04-16,"School Age Care,Meals Provided ,After School Care,Snacks Provided,Drop-In Care",Y,NO,NO,NO,554172,"The Children's Garden, A Place to Bloom",SAN ANTONIO,1575 GOLIAD RD,78223 2719,The Children's Garden,3.9,7.0,5,medium_confidence,15.7,0,1,0,0,0,21,2.1,0.3
ChIJoQGozCqzOqIRPkXp3vynXKc,1,7,2,0,0,9,0,92,2025-01-07,Snacks Provided,N,NO,NO,NO,1479290,"The Heights Christian School, LLC",HOUSTON,1331 STUDEWOOD ST BLDG A,77008 4575,"The Heights Christian School, LLC",5.0,20.0,5,high_confidence,1.0,0,0,0,0,0,10,1.111,0.111
ChIJoRA5NFJYXIYRuz-slKDG-Dc,1,5,7,0,0,12,0,152,1988-07-21,After School Care,Y,NO,NO,NO,104739,Y Early Learning Center,SAN ANTONIO,835 W SOUTHCROSS BLVD,78211 2744,Y Living Center,4.9,14.0,5,medium_confidence,37.4,0,1,0,0,0,13,1.083,0.083
ChIJoRMtt3hoXIYROYWi8wiZa_s,0,5,3,0,0,7,0,95,2025-01-07,"Meals Provided ,Snacks Provided,Part Time Care",Y,NO,NO,NO,1482747,Little Wonder Academy,SAN ANTONIO,11093 BANDERA RD,78250 6814,Little Wonder Academy,4.7,23.0,5,high_confidence,1.0,0,1,0,0,0,8,1.143,0.0
ChIJoRTzrii-QIYRuPhAhu7e49Y,2,4,8,0,0,24,0,76,2015-10-22,"School Age Care,Before School Care,Meals Provided ,After School Care,Snacks Provided,Drop-In Care,Part Time Care,Field Trips",Y,NO,NO,NO,1183305,Unique Childcare III,HOUSTON,6362 MARTIN LUTHER KING BLVD STE E-C,77021 4437,Unique Childcare lll,5.0,13.0,5,high_confidence,10.2,0,1,0,0,0,14,0.583,0.083
ChIJoRfrrnTHQIYR2cXx8iV1y9E,8,14,10,0,0,15,0,280,2022-10-05,"Meals Provided ,Snacks Provided,Skill Classes",Y,NO,NO,NO,1401115,The Kenworthy School,HOUSTON,880 W 28TH ST,77008 1710,The Kenworthy School,4.5,21.0,5,high_confidence,3.2,0,1,0,0,0,32,2.133,0.533
ChIJoTH15x3KRIYR9wEDZb7DQHo,0,0,2,0,0,6,0,44,1998-12-03,"Meals Provided ,Snacks Provided",Y,NO,NO,NO,155575,Lil Angels Day Care Center,AUSTIN,6006 CAMERON RD,78723 1845,Lil' Angels Daycare Center,4.9,45.0,5,high_confidence,27.1,0,1,0,0,0,2,0.333,0.0
ChIJoTkbaH1ZXIYRUGLBmOsYUc4,2,1,2,0,0,13,0,30,2020-01-31,"Meals Provided ,Snacks Provided,Drop-In Care,Part Time Care",Y,NO,NO,NO,1334011,Play 2 Learn Child Development Center,SAN ANTONIO,1507 NOGALITOS ST,78204 2504,Play 2 Learn Child Development Center,4.6,9.0,5,high_confidence,5.9,0,1,0,0,0,5,0.385,0.154
ChIJoUDn43IhTIYRbiNNPUOt8Xc,0,0,0,0,0,2,0,103,2026-01-23,"Snacks Provided,Part Time Care",N,NO,NO,NO,1521386,The Day School at Grace Church Lake Highlands,DALLAS,10101 WALNUT HILL LN,75238 2166,Grace Church Lake Highlands,5.0,9.0,5,medium_confidence,0.0,0,0,0,0,0,0,0.0,0.0
ChIJoUPVn7ofTIYRx5g1j-_n21w,3,5,3,0,0,12,0,170,2017-05-22,"School Age Care,Before School Care,Meals Provided ,After School Care,Snacks Provided,Drop-In Care,Part Time Care,Transportation to/from School ,Field Trips",Y,NO,NO,NO,1273298,Richland Academy,DALLAS,9850 WALNUT ST,75243 2829,Richland Academy Learning Center,3.8,24.0,5,medium_confidence,8.6,0,1,0,0,0,11,0.917,0.25
ChIJoV7orp-XToYRw3QXK3cdtOE,0,5,4,0,0,6,1,80,2014-01-14,"School Age Care,Meals Provided ,Snacks Provided,Drop-In Care,Part Time Care",Y,NO,NO,NO,1116468,Carousel Academy,DALLAS,4500 S LANCASTER RD # 75,75216 7167,Carousel Academy,5.0,9.0,5,high_confidence,12.0,0,1,0,0,0,9,1.5,0.0
ChIJoXAADkXHQIYRP2LIcjLohtw,4,16,5,1,0,9,1,150,2000-09-22,"School Age Care,Accredited,After School Care,Transportation to/from School ,Field Trips",N,NO,NO,NO,162616,Houston Heights DC Center,HOUSTON,902 W 8TH ST,77007 1408,Houston Heights Daycare and Learning Center,4.4,48.0,5,medium_confidence,25.3,1,0,0,0,0,26,2.889,0.444
ChIJoYiCaeJLW4YRl46XJ05YvJs,2,4,3,0,0,17,1,41,2021-07-02,"School Age Care,Part Time Care",Y,NO,NO,NO,1368570,Amiguitos Spanish Immersion Academy,AUSTIN,9912 VIKKI TER,78736 7840,Amiguitos Spanish Immersion Academy,4.7,29.0,5,high_confidence,4.5,0,1,0,0,0,9,0.529,0.118
ChIJo_vaZkDcQIYRrbnU5gUi-vY,7,3,2,0,1,17,0,200,2016-11-09,"School Age Care,Before School Care,Meals Provided ,After School Care,Snacks Provided,Part Time Care,Transportation to/from School ,Field Trips",Y,NO,NO,NO,1242694,The Learning Experience,HOUSTON,2435 ELDRIDGE PKWY S,77077 5255,The Learning Experience - Eldridge,4.5,112.0,5,high_confidence,9.1,0,1,0,0,0,13,0.765,0.412
ChIJoa3VKrqVQIYR_o5gzpEkFK0,2,10,1,0,0,14,0,33,2017-02-07,"School Age Care,Before School Care,Meals Provided ,After School Care,Snacks Provided,Drop-In Care,Skill Classes,Part Time Care,Transportation to/from School ,Field Trips",Y,NO,NO,NO,1251597,Right Fit Kids Academy,HOUSTON,5703 RICKY ST,77033 2417,Right Fit Day Care,4.5,8.0,5,medium_confidence,8.9,0,1,0,0,0,13,0.929,0.143
ChIJoawPS2hMW4YRMrV3p5mjETM,4,3,2,0,0,8,0,100,2018-11-30,"School Age Care,After School Care,Snacks Provided,Drop-In Care,Skill Classes,Part Time Care,Transportation to/from School ,Field Trips",N,NO,NO,NO,1305328,Star Center Gymnastics,AUSTIN,3100 W SLAUGHTER LN STE B,78748 5738,Star Center Gymnastics,3.9,23.0,5,high_confidence,7.1,0,0,0,0,0,9,1.125,0.5
ChIJob4ga2JnXIYRs02m8-Q2nTo,3,9,13,0,0,18,0,40,2020-02-21,"Meals Provided ,Snacks Provided",N,NO,NO,NO,1335809,Rhodes Elementary School,SAN ANTONIO,5714 N KNOLL,78240 2238,Frances M. Rhodes Elementary School,,,0,high_confidence,5.9,0,0,0,0,0,25,1.389,0.167
ChIJobJh8oXKRIYRSjmf0lPYmkk,9,10,6,0,1,29,2,139,1990-03-01,"Accredited,Skill Classes,Part Time Care",N,NO,NO,NO,108571,Child Development Center at Temple Beth Israel,AUSTIN,3901 SHOAL CREEK BLVD,78756 3815,Child Development Center at Congregation Beth Israel,5.0,6.0,5,medium_confidence,35.8,1,0,0,0,0,26,0.897,0.31
ChIJobc3GifzXIYRMykC52qdjRQ,1,2,0,0,0,11,0,92,2021-07-06,"School Age Care,Before School Care,Meals Provided ,After School Care,Snacks Provided,Part Time Care",Y,NO,NO,NO,1369556,Books & Bibs Childcare and Learning,SAN ANTONIO,6756 MONTGOMERY,78239 3245,Books & Bibs Child Care And Learning Academy,4.6,18.0,5,medium_confidence,4.5,0,1,0,0,0,3,0.273,0.091
ChIJoca5EPaLXIYR6fBFUGP5PcQ,4,15,6,1,0,15,0,113,2022-10-06,"School Age Care,Before School Care,Meals Provided ,After School Care,Snacks Provided,Drop-In Care,Part Time Care",Y,NO,NO,NO,1403182,"We Luv Kids Learning Center, LLC",SAN ANTONIO,11220 PERRIN BEITEL RD STE 114,78217 2506,"We Luv Kids Learning Center, LLC",5.0,26.0,5,high_confidence,3.2,0,1,0,0,0,26,1.733,0.267
ChIJocdsssofTIYRwH2r2FPBy6U,0,0,0,0,0,6,0,65,2013-10-28,"After School Care,Snacks Provided",Y,NO,NO,NO,1107567,Richardson ISD-Forest Ridge Elementary,DALLAS,10330 BUNCHBERRY DR,75243 2604,Forestridge Elementary School,,,0,medium_confidence,12.2,0,1,0,0,0,0,0.0,0.0
ChIJod3HCEdnXIYRGh0VHFSXS4s,0,3,1,1,0,7,0,75,2024-06-19,"Skill Classes,Part Time Care",Y,NO,NO,NO,1468852,Montessori Children?s House & School,SAN ANTONIO,4911 GOLDEN QUAIL,78240 1541,Montessori Children's House & School,4.5,32.0,5,high_confidence,1.5,0,1,0,0,0,5,0.714,0.0
ChIJoejJ4kVYXIYRcWxsKy3V99o,0,3,2,0,0,9,0,99,2017-03-31,"School Age Care,Meals Provided ,After School Care,Snacks Provided,Drop-In Care,Part Time Care,Transportation to/from School ,Field Trips",Y,NO,NO,NO,1241022,Foundation In Christ LLC,SAN ANTONIO,1739 COMMERCIAL AVE,78221 1009,Foundation In Christ,4.1,15.0,5,high_confidence,8.8,0,1,0,0,0,5,0.556,0.0
ChIJoxGhXq2RToYRE3gN3Z-wihI,0,0,0,0,0,6,0,89,2025-08-20,"Meals Provided ,Snacks Provided,Drop-In Care,Transportation to/from School",N,NO,NO,NO,1494133,Momma Bear Child Care,DALLAS,1201 W CAMP WISDOM RD STE 320,75232 3446,Momma Bear Child Care,5.0,15.0,5,high_confidence,0.4,0,0,0,0,0,0,0.0,0.0
ChIJoxvs_JaZToYR_7ByZH1NDQ0,0,1,0,0,0,8,0,170,2020-12-14,Part Time Care,N,NO,NO,NO,1355146,Spanish World School - Haskell,DALLAS,550 N HASKELL AVE,75246,Spanish World School,,,0,high_confidence,5.0,0,0,0,0,0,1,0.125,0.0
ChIJoz8OwgrNQIYRfDrhsZRqJOw,7,5,4,1,1,9,0,59,2025-05-28,"School Age Care,Before School Care,Meals Provided ,After School Care,Snacks Provided,Part Time Care,Transportation to/from School ,Field Trips",N,NO,NO,NO,1494310,Brainy Kidz Academy,HOUSTON,3648 CYPRESS CREEK PKWY STE 139,77068 3630,Brainy Kidz Academy,5.0,2.0,2,high_confidence,0.6,0,0,0,0,0,18,2.0,0.778
ChIJp-a7I_OdToYRIm3QxpWB0mY,0,0,0,0,0,6,0,110,2020-09-02,Part Time Care,N,NO,NO,NO,1357248,Lovers Lane UMC Creative School,DALLAS,10066 MARSH LN,75229 6065,The Creative School,4.5,2.0,2,medium_confidence,5.3,0,0,0,0,0,0,0.0,0.0
ChIJp1YIrn8zW4YRd324L6Yy1ZM,5,6,8,1,1,12,0,12,2023-02-02,"Part Time Care,Field Trips",N,NO,NO,NO,1416764,Brilliant Bee Preschool Academy,AUSTIN,15501 RANCH ROAD 620 N STE 1000,78717 5272,Brilliant Bee Preschool Academy,4.8,24.0,5,high_confidence,2.9,0,0,0,0,0,21,1.75,0.417
ChIJp1mt6hDAQIYRc6avKRNp50s,0,0,0,0,0,5,0,153,2012-02-07,"Accredited,Snacks Provided,Field Trips",N,NO,NO,NO,915992,Brenda & John H. Duncan Rise School Of Houston,HOUSTON,5618 H. Mark Crosswell  Street Jr,77021,Rise School of Houston,5.0,11.0,5,medium_confidence,13.9,1,0,0,0,0,0,0.0,0.0
ChIJp4zM76zXQIYRgJR2QRex0d4,0,2,0,0,0,8,0,79,2024-05-02,"School Age Care,Before School Care,Meals Provided ,After School Care,Snacks Provided,Part Time Care,Weekend Care,Field Trips",Y,NO,NO,NO,1461531,Weathersby Learning Center LLC,HOUSTON,15703 LONGENBAUGH DR STE H,77095 1649,Weathersby Learning Center,5.0,11.0,5,high_confidence,1.7,0,1,0,0,0,2,0.25,0.0
ChIJp5U9FIV2ToYRrHtBx97sXzw,3,3,3,1,0,9,0,100,2015-11-09,"School Age Care,Meals Provided ,After School Care,Snacks Provided,Transportation to/from School ,Field Trips",N,NO,NO,NO,1188881,"Wesley United Community Center, Inc.",FORT WORTH,3600 N CRUMP ST,76106 4422,UCC Wesley Center,4.4,85.0,5,medium_confidence,10.1,0,0,0,0,0,10,1.111,0.333
ChIJp8MWkCHHQIYR6MwyOY6Pwfg,4,10,4,0,0,26,0,471,2025-09-25,"Snacks Provided,Skill Classes",N,NO,NO,NO,1514090,Principrin School 2,HOUSTON,3640 W 12TH ST,77008 6050,Principrin School,4.9,72.0,5,high_confidence,0.3,0,0,0,0,0,18,0.692,0.154
ChIJp8qxDaa7QIYRpE6oQ8mHjjA,1,8,3,3,0,16,0,195,2014-01-31,"School Age Care,Before School Care,Meals Provided ,After School Care,Snacks Provided,Drop-In Care,Part Time Care,Transportation to/from School ,Weekend Care,Field Trips,Night Care",Y,NO,NO,NO,1118562,Precious Moments Learning Center,HOUSTON,6113 LANGLEY RD,77016 3323,Precious Moments Learning Center,5.0,3.0,3,high_confidence,11.9,0,1,0,0,0,15,0.938,0.062
ChIJp9VE1hR1ToYR_yR9Ag3YMBU,0,11,8,0,0,10,4,80,2006-12-27,"School Age Care,After School Care,Snacks Provided",Y,NO,NO,NO,300087,Greenfield Elementary-YMCA NW,FORT WORTH,6020 TEN MILE BRIDGE RD,76135 1349,Greenfield Elementary School,,,0,medium_confidence,19.0,0,1,0,0,0,19,1.9,0.0
ChIJpRWnCrG_QIYRt320ny96Bp0,0,0,0,0,0,8,0,49,2001-08-22,"Meals Provided ,Snacks Provided",N,NO,NO,NO,96696,Montessori Country Day School,HOUSTON,1606 ROSEDALE ST,77004 5627,Montessori Country Day School - Rosedale Campus,,,0,medium_confidence,24.4,0,0,0,0,0,0,0.0,0.0
ChIJpRfTh63NQIYRm2EDWbGeNKg,1,0,1,1,0,7,0,156,1991-02-11,Accredited,N,NO,NO,NO,117940,John Wesley United Methodist,HOUSTON,5830 BERMUDA DUNES DR,77069 1806,John Wesley Methodist Church,4.8,57.0,5,medium_confidence,34.9,1,0,0,0,0,3,0.429,0.143
ChIJpTDMX5CZToYRq4699MYdqn8,1,1,0,1,0,6,1,56,2000-09-21,"Accredited,Field Trips",N,NO,NO,NO,168934,Momentous Institute,DALLAS,106 E 10TH ST,75203 2236,Momentous Institute - Oak Cliff Campus,4.7,84.0,5,medium_confidence,25.3,1,0,0,0,0,3,0.5,0.167
ChIJpU50ZlZZXIYR5z39L0iKpQg,0,3,2,0,0,6,0,40,2008-01-16,"Meals Provided ,After School Care,Snacks Provided,Part Time Care,Transportation to/from School",Y,NO,NO,NO,318555,Bustos Daycare and Learning Center,SAN ANTONIO,959 SW 34TH ST,78237 3536,Bustos Daycare & Learning Center,3.8,16.0,5,high_confidence,18.0,0,1,0,0,0,5,0.833,0.0
ChIJpU87aQCVQIYRlvqU30k9qv0,4,11,9,1,0,13,0,136,2020-02-06,"School Age Care,Before School Care,Meals Provided ,After School Care,Snacks Provided,Transportation to/from School ,Field Trips",Y,NO,NO,NO,1334981,"Growth Academy, LLC",HOUSTON,11503 MARTIN LUTHER KING BLVD,77048 1867,Growth Academy,5.0,76.0,5,high_confidence,5.9,0,1,0,0,0,25,1.923,0.308
ChIJpUjg-H3IRIYRfjrW6C5CsfM,3,0,1,0,0,12,0,102,2022-07-06,"School Age Care,After School Care,Snacks Provided,Field Trips",Y,NO,NO,NO,1392316,Bluebonnet Trail EAC YMCA,AUSTIN,11316 FARMHAVEN RD,78754 5744,Bluebonnet Trail Elementary,,,0,medium_confidence,3.5,0,1,0,0,0,4,0.333,0.25
ChIJpVMaOHfeQIYRJ9O3XTm-x7E,0,5,1,0,0,5,0,35,2017-04-12,"School Age Care,Before School Care,Meals Provided ,After School Care,Snacks Provided,Skill Classes,Part Time Care,Transportation to/from School ,Field Trips",Y,NO,NO,NO,1256056,Kappi Kids Academy,HOUSTON,14923 BELLAIRE BLVD,77083 2510,Kappi Kids Academy,4.8,50.0,5,high_confidence,8.7,0,1,0,0,0,6,1.2,0.0
ChIJp_GjoiDCQIYRkjnJ2b1mR8g,0,0,0,0,0,1,0,58,2026-03-30,"School Age Care,Before School Care,Meals Provided ,After School Care,Snacks Provided,Skill Classes,Part Time Care,Transportation to/from School ,Field Trips",N,NO,NO,NO,1525193,Kindercity Champions,HOUSTON,7022 CHETWOOD DR STE G,77081 6107,Kindercity Champions Childcare Center,3.2,30.0,5,medium_confidence,0.0,0,0,0,0,0,0,0.0,0.0
ChIJpePsb0RgXIYRhkPlTfweLC8,5,20,5,4,0,5,0,52,2025-09-04,School Age Care,N,NO,NO,NO,1510339,Tohui School Language Immersion,SAN ANTONIO,16320 HUEBNER RD,78248 1690,Tohui School Language Immersion,,,0,high_confidence,0.3,0,0,0,0,0,34,6.8,1.0
ChIJpfBAfQCZToYRGNQqOYdH5e0,3,2,2,0,0,5,0,36,2024-01-08,"School Age Care,Before School Care,Meals Provided ,After School Care,Snacks Provided",Y,NO,NO,NO,1461674,Rainbow Land Child Care Center,DALLAS,5739 WORTH ST,75214 4612,Rainbow Land,5.0,7.0,5,medium_confidence,2.0,0,1,0,0,0,7,1.4,0.6
ChIJpwdG7FBfXIYR6j92XchRj6w,5,8,3,1,1,27,0,85,1985-11-04,"School Age Care,Meals Provided ,Snacks Provided,Drop-In Care,Part Time Care,Field Trips",Y,NO,NO,NO,94723,Madison Square Child Development Center,SAN ANTONIO,319 CAMDEN ST,78215 2002,Madison Square Child Development Center,4.6,25.0,5,high_confidence,40.2,0,1,0,0,0,18,0.667,0.185
ChIJpxJiXwVxToYRMVmQ5VH3QLc,0,0,0,0,0,2,0,80,2026-03-02,"Before School Care,Meals Provided ,After School Care,Part Time Care",N,NO,NO,NO,1525108,Near Southside Montessori,FORT WORTH,305 W BROADWAY AVE,76104 1238,Near Southside Montessori,5.0,3.0,3,high_confidence,0.0,0,0,0,0,0,0,0.0,0.0
ChIJpxeCh4MMToYRQLFXFwwJNGo,0,2,1,0,0,9,0,214,2012-09-24,"School Age Care,Before School Care,Meals Provided ,After School Care,Snacks Provided,Skill Classes,Part Time Care,Transportation to/from School ,Field Trips",Y,NO,NO,NO,1089218,Discovery Early Learning Center,FORT WORTH,9130 WHITE SETTLEMENT RD,76108 2026,Discovery Early Learning Center,4.0,22.0,5,high_confidence,13.3,0,1,0,0,0,3,0.333,0.0
ChIJpyS_JyBzToYRrP2ML4jS6wE,5,3,1,0,1,14,0,187,2021-08-11,"Snacks Provided,Part Time Care",N,NO,NO,NO,1384527,Spanish Schoolhouse Fort Worth,FORT WORTH,6789 CAMP BOWIE BLVD,76116 7112,Spanish Schoolhouse Fort Worth,4.9,65.0,5,high_confidence,4.4,0,0,0,0,0,10,0.714,0.357
ChIJq-GSOdfdQIYR3QfpKXd88hw,7,24,11,3,1,11,3,100,2020-07-13,"School Age Care,Before School Care,Meals Provided ,After School Care,Snacks Provided,Drop-In Care,Part Time Care,Field Trips",Y,NO,NO,NO,1342058,Urban School Solution Learning Center,HOUSTON,1100 WILCREST DR STE 112,77042 1642,Urban School Solutions,3.5,8.0,5,medium_confidence,5.5,0,1,0,0,0,46,4.182,0.636
ChIJq0M_mQ4kTIYRyd4V73hSd4s,2,3,4,1,0,16,0,153,1994-08-01,"School Age Care,Meals Provided ,After School Care,Snacks Provided,Part Time Care,Transportation to/from School ,Field Trips",Y,NO,NO,NO,136712,Skyrise School of Bent Tree,DALLAS,4025 FRANKFORD RD,75287 6607,Skyrise School of Bent Tree,4.1,62.0,5,high_confidence,31.4,0,1,0,0,0,10,0.625,0.125
ChIJq0_VuUpPW4YRlwHohsYJLCg,0,1,0,0,0,10,0,170,2021-03-05,"School Age Care,After School Care,Snacks Provided",Y,NO,NO,NO,1362840,Bear Creek Crew,AUSTIN,12801 ESCARPMENT BLVD,78739,Bear Creek Elementary School,,,0,medium_confidence,4.8,0,1,0,0,0,1,0.1,0.0
ChIJq1sf67DHQIYRfMki5P-wUFw,1,0,0,0,0,1,0,104,2026-04-08,"Meals Provided ,Snacks Provided,Skill Classes,Part Time Care",N,NO,NO,NO,1526906,Tierra Encantada Garden Oaks,HOUSTON,900 W 34TH ST STE 100,77018 6319,Tierra Encantada - Garden Oaks,5.0,1.0,1,high_confidence,0.0,0,0,0,0,0,1,1.0,1.0
ChIJq2Q9FtxdXIYRSgArGRtdlZE,3,5,6,0,0,17,0,122,1986-01-09,"School Age Care,Before School Care,Meals Provided ,After School Care,Snacks Provided,Part Time Care,Transportation to/from School ,Field Trips",Y,NO,NO,NO,95434,Hope Lutheran Day Care Center,SAN ANTONIO,5714 CALLAGHAN RD,78228 1101,Hope Lutheran Learning Center,4.4,27.0,5,medium_confidence,40.0,0,1,0,0,0,14,0.824,0.176
ChIJq2bW13ZdXIYRjF04xDxQwWE,7,1,1,0,0,32,0,465,1995-05-09,"School Age Care,Before School Care,Meals Provided ,After School Care,Snacks Provided,Drop-In Care,Skill Classes,Part Time Care,Transportation to/from School ,Field Trips",Y,NO,NO,NO,104931,"Country Home Learning Center #3, LTD.",SAN ANTONIO,6750 POSS RD,78238 2258,Country Home Learning Center at Leon Valley,4.1,172.0,5,medium_confidence,30.7,0,1,0,0,0,9,0.281,0.219
ChIJq2dPWPHbQIYRcYUZX8CBKno,1,5,3,0,1,5,1,161,2016-02-29,"Drop-In Care,Part Time Care",N,NO,NO,NO,1193564,BridgePoint Early Learning Academy,HOUSTON,13277 KATY FWY,77079 1409,BridgePoint Early Learning Academy,,,0,high_confidence,9.8,0,0,0,0,0,10,2.0,0.2
ChIJq3H9h-xLW4YRl74l15Bd6Jc,0,0,2,0,0,7,0,36,2021-03-12,"Snacks Provided,Skill Classes,Part Time Care",N,NO,NO,NO,1357917,Snapdragon Preschool,AUSTIN,6800 W GATE BLVD STE 111,78745 4868,Snapdragon Preschool - South Austin,5.0,7.0,5,medium_confidence,4.8,0,0,0,0,0,2,0.286,0.0
ChIJq3sgmPhtToYR22P-sq8Gn3s,9,3,0,0,0,17,0,160,2024-06-18,"School Age Care,Before School Care,Meals Provided ,After School Care,Snacks Provided,Part Time Care,Transportation to/from School ,Field Trips",Y,NO,NO,NO,1469003,Arka Montessori Academy of Risinger,FORT WORTH,5801 W. RISINGER RD.,76123,Arka Montessori Academy of Risinger,4.3,39.0,5,high_confidence,1.5,0,1,0,0,0,12,0.706,0.529
ChIJq40CqiPEQIYRNB4ngkEXyQk,0,2,3,0,0,6,0,61,1985-10-29,"Snacks Provided,Part Time Care",N,NO,NO,NO,95071,Holy Cross Lutheran Early Learning,HOUSTON,7901 WESTVIEW DR,77055 6729,Holy Cross Early Learning Center,4.1,10.0,5,medium_confidence,40.2,0,0,0,0,0,5,0.833,0.0
ChIJq48mDE6hToYRAqH5V_sJ6uc,1,6,5,1,0,7,1,68,2019-10-24,Part Time Care,N,NO,NO,NO,1337717,Northridge Child Development Center,DALLAS,6920 BOB O LINK DR,75214 3236,NCDC -- Northridge Child Development Center,,,0,high_confidence,6.2,0,0,0,0,0,13,1.857,0.143
ChIJq5SWn6vfQIYREbc18VCzGpU,5,18,12,4,0,11,1,102,2020-09-25,"School Age Care,Before School Care,Meals Provided ,After School Care,Snacks Provided,Drop-In Care,Part Time Care,Transportation to/from School ,Field Trips",Y,NO,NO,NO,1350969,Brainy Bees Childcare Center,HOUSTON,15633 WESTPARK DR STE 100,77082 3951,Brainy Bees Childcare Center,4.5,23.0,5,high_confidence,5.3,0,1,0,0,0,39,3.545,0.455
ChIJq5q1sT7EQIYRpSO0BRAMO0k,1,0,0,0,0,6,0,136,2025-09-10,"After School Care,Skill Classes",N,NO,NO,NO,1509449,iKids Valley Oaks,HOUSTON,8390 WESTVIEW DR,77055 6738,Valley Oaks Elementary School,,,0,medium_confidence,0.3,0,0,0,0,0,1,0.167,0.167
ChIJq6ou3P6SQIYR_FMcZ8Vv734,2,1,0,0,0,7,0,47,2025-02-21,"School Age Care,Before School Care,Accredited,After School Care,Snacks Provided,Part Time Care",Y,NO,NO,NO,1483868,KCE Champions LLC @ Bloom Academy,HOUSTON,3420 ALMEDA GENOA RD,77047 3612,Bloom Academy Charter School,,,0,medium_confidence,0.9,1,1,0,0,0,3,0.429,0.286
ChIJq6qatqHKRIYROrU7d4ZI5io,0,1,5,1,0,6,0,92,1989-06-26,Part Time Care,N,NO,NO,NO,106914,Tarrytown UMC Childrens Day,AUSTIN,2601 EXPOSITION BLVD,78703 1701,tarrytown united methodist church children's day out,,,0,medium_confidence,36.5,0,0,0,0,0,7,1.167,0.0
ChIJq6qq741mXIYRPP8rm5jSdp4,5,5,0,0,0,18,0,232,2009-07-01,"Meals Provided ,Snacks Provided,Drop-In Care",Y,NO,NO,NO,406988,Valero Family Center,SAN ANTONIO,1 VALERO WAY,78249 1616,Valero Family Wellness Center - Health By Design,5.0,2.0,2,medium_confidence,16.5,0,1,0,0,0,10,0.556,0.278
ChIJq6qqqpGeToYRqbmACC2XvKY,4,3,4,0,2,8,0,80,2016-09-02,"Meals Provided ,Snacks Provided,Part Time Care",N,NO,NO,NO,1249055,Park Cities Day School,DALLAS,5923 ROYAL LN,75230 3841,Park Cities Day School,,,0,high_confidence,9.3,0,0,0,0,0,13,1.625,0.5
ChIJq6qqqtZYXIYR3BquLoKgCBY,1,7,3,0,0,9,0,95,1985-11-07,"Snacks Provided,Part Time Care",Y,NO,NO,NO,94521,Good Samaritan Center,SAN ANTONIO,1600 SALTILLO ST,78207 6842,Good Samaritan Center,4.6,252.0,5,high_confidence,40.2,0,1,0,0,0,11,1.222,0.111
ChIJq6reXHd6ToYRgjURotbGyt4,0,6,3,0,0,10,1,54,2018-09-19,"School Age Care,Before School Care,Meals Provided ,After School Care,Snacks Provided,Part Time Care,Transportation to/from School ,Field Trips",Y,NO,NO,NO,1287786,Shining Scholars Preparatory Academy,FORT WORTH,4210 MEADOWBROOK DR,76103 2709,Shining Scholars Academy,,,0,high_confidence,7.3,0,1,0,0,0,9,0.9,0.0
ChIJq7HHNgfDQIYRQVdkBR505to,14,27,14,0,0,15,0,112,2025-01-29,"School Age Care,Before School Care,Accredited,Meals Provided ,After School Care,Snacks Provided,Part Time Care,Transportation to/from School ,Weekend Care,Field Trips",Y,NO,NO,NO,1469479,Panda Bear Academy,HOUSTON,3416 FONDREN RD,77063 5666,"Panda Bear Academy - Houston, Texas",4.2,55.0,5,medium_confidence,0.9,1,1,0,0,0,55,3.667,0.933
ChIJq7T_jHfJQIYRvRIBJPIsqgY,10,22,14,5,3,18,2,112,2009-04-03,"School Age Care,Before School Care,Meals Provided ,After School Care,Snacks Provided,Drop-In Care,Part Time Care,Transportation to/from School ,Field Trips",Y,NO,NO,NO,367437,"EC Learning Academy, INC",HOUSTON,1106 GREENS PKWY,77067 4244,E C Learning Academy,4.6,24.0,5,high_confidence,16.7,0,1,0,0,0,54,3.0,0.556
ChIJq8Htsc6nToYRYwknhK2oH-0,0,1,2,0,0,11,0,42,2019-02-12,"Before School Care,Accredited,Meals Provided ,After School Care,Snacks Provided",Y,NO,NO,NO,1311371,Mi Escuelita Preschool at Casa View,DALLAS,11540 FERGUSON RD,75228 1825,Mi Escuelita Preschool,3.7,7.0,5,medium_confidence,6.9,1,1,0,0,0,3,0.273,0.0
ChIJq8RaImq1RIYRqT5ZBvVxbvQ,4,0,3,0,0,11,0,85,1987-06-23,"Accredited,Snacks Provided,Transportation to/from School ,Field Trips",N,NO,NO,NO,94920,Open Door Central,AUSTIN,1717 W 10TH ST,78703 3907,Open Door Preschool,5.0,23.0,5,medium_confidence,38.5,1,0,0,0,0,7,0.636,0.364
ChIJq8oaNQzJRIYR7EZVXu5WpBQ,1,1,1,0,0,10,0,46,2024-11-12,"School Age Care,Snacks Provided",Y,NO,NO,NO,1479504,Todays Child Learning Center,AUSTIN,9908 DESSAU RD,78754 3943,Today's Child,4.4,7.0,5,medium_confidence,1.1,0,1,0,0,0,3,0.3,0.1
ChIJq8su8VInTIYRC3AfgpDMLP0,2,3,1,0,0,8,0,90,2004-05-04,"Snacks Provided,Part Time Care",N,NO,NO,NO,232346,Good Shepherd Ep Church Parents Day Out,DALLAS,11122 MIDWAY RD,75229 4118,Episcopal Church of the Good Shepherd,5.0,23.0,5,medium_confidence,21.7,0,0,0,0,0,6,0.75,0.25
ChIJq9mJ1jxkXIYRJEgFSQHPryk,1,5,2,0,2,7,0,150,2013-11-26,"School Age Care,Snacks Provided,Drop-In Care,Field Trips",N,NO,NO,NO,1102989,Life Time Fitness Camps,SAN ANTONIO,5639 WORTH PKWY,78257 5067,Life Time,3.9,554.0,5,medium_confidence,12.1,0,0,0,0,0,10,1.429,0.143
ChIJqRG0bNnHQIYRXRfL7pA-ueU,1,2,4,0,1,7,0,220,2024-04-11,"Snacks Provided,Part Time Care",N,NO,NO,NO,1460752,Kido International Preschool,HOUSTON,1307 YALE ST,77008 4287,Kido International Preschool & Daycare Heights,4.6,18.0,5,medium_confidence,1.7,0,0,0,0,0,8,1.143,0.143
ChIJqTfMnX_JRIYRfoDWmI1kgp0,6,12,14,1,0,13,0,150,2025-10-24,"School Age Care,Before School Care,Meals Provided ,After School Care,Snacks Provided,Skill Classes",N,NO,NO,NO,1480171,Cedars International Academy,AUSTIN,8416 N INTERSTATE 35,78753 6438,Cedars International Academy: Public Charter School | PK-12 | Austin,,,0,medium_confidence,0.2,0,0,0,0,0,33,2.538,0.462
ChIJqTx9p0CaToYRBgcBJ--FQAg,1,10,3,0,0,10,1,322,2012-05-30,"School Age Care,Before School Care,Meals Provided ,After School Care,Snacks Provided,Drop-In Care,Part Time Care,Transportation to/from School ,Field Trips",Y,NO,NO,NO,960968,Handprints Academy,DALLAS,702 S HAMPTON RD,75208 7817,Handprints Academy,4.0,46.0,5,high_confidence,13.6,0,1,0,0,0,14,1.4,0.1
ChIJqUWzu8HZQIYRTFCQ1m1hYfg,14,5,3,0,1,16,0,333,2023-07-14,"School Age Care,Before School Care,Meals Provided ,After School Care,Snacks Provided,Drop-In Care,Part Time Care,Transportation to/from School ,Field Trips",Y,NO,NO,NO,1429880,The Nest School Park Cypress,HOUSTON,18150 PARK CYPRESS ST,77094 1321,The Nest Schools Park Cypress,4.5,46.0,5,high_confidence,2.5,0,1,0,0,0,23,1.438,0.875
ChIJqUt0nDvPQIYRMejyh8YMxi0,0,0,2,0,1,6,0,35,2009-01-15,,N,NO,NO,NO,364782,Campus Kids LLC @ Eiland Elementary School,HOUSTON,6700 N KLEIN CIRCLE DR,77088 1500,Eiland Elementary School,,,0,medium_confidence,17.0,0,0,0,0,0,3,0.5,0.0
ChIJqV47Uz3dQIYRqu192dyklgo,4,5,3,1,0,6,0,49,2012-01-26,"School Age Care,Meals Provided ,After School Care,Snacks Provided,Part Time Care,Transportation to/from School ,Field Trips",Y,NO,NO,NO,910495,Amviet Learning Center LLC,HOUSTON,7419 S KIRKWOOD RD STE D,77072 3350,Alief Learning Center,2.9,24.0,5,high_confidence,13.9,0,1,0,0,0,13,2.167,0.667
ChIJqVjgzH3AQIYRuwpxzQ-rdEQ,13,22,4,0,1,16,6,217,2005-04-28,"School Age Care,Snacks Provided,Field Trips",N,NO,NO,NO,270444,First Christian School,HOUSTON,1601 SUNSET BLVD,77005 1754,First Christian Church & School,,,0,high_confidence,20.7,0,0,0,0,0,40,2.5,0.812
ChIJqWAR8kFxToYRpCb9zW9NAzQ,1,0,0,0,0,5,0,182,2025-10-03,"Accredited,Meals Provided ,Snacks Provided",N,NO,NO,NO,1499888,Center For Transforming Lives Riverside CDC,FORT WORTH,3001 S RIVERSIDE DR,76119 2621,Center for Transforming Lives,4.0,83.0,5,high_confidence,0.2,1,0,0,0,0,1,0.2,0.2
ChIJqWgPexTMQIYRh3EjigaB1Mw,1,0,5,0,1,5,0,60,2015-02-11,"School Age Care,After School Care,Snacks Provided",N,NO,NO,NO,1154008,Campus Kids @Kaiser Elementary School SAP,HOUSTON,13430 BAMMEL NORTH HOUSTON RD,77066 2924,Kaiser Elementary School,,,0,medium_confidence,10.9,0,0,0,0,0,7,1.4,0.2
ChIJqZ1csgXNRIYRz69Y48DO5-c,4,1,0,0,0,12,0,102,1993-09-16,"School Age Care,After School Care,Snacks Provided",Y,NO,NO,NO,128251,YMCA-Jollyville Elementary,AUSTIN,6720 CORPUS CHRISTI DR,78729 7508,Jollyville Elementary School,,,0,medium_confidence,32.3,0,1,0,0,0,5,0.417,0.333
ChIJqZDaCjfDQIYRaU8zKQiiSEY,3,4,4,1,0,7,1,94,1986-03-24,"Skill Classes,Part Time Care",N,NO,NO,NO,97539,Ascension Child Development Center,HOUSTON,2525 SEAGLER RD,77042 3119,Ascension Episcopal School,4.6,10.0,5,medium_confidence,39.8,0,0,0,0,0,12,1.714,0.429
ChIJqZO1P5neQIYRZ-a4CgvCZPo,1,3,2,0,0,5,0,67,2025-11-25,"School Age Care,Before School Care,Meals Provided ,After School Care,Snacks Provided,Transportation to/from School",N,NO,NO,NO,1502164,Kidz Rocket 1,HOUSTON,15015 WESTHEIMER PKWY STE O,77082 1677,Kidz Rocket Learning Center,4.3,57.0,5,medium_confidence,0.1,0,0,0,0,0,6,1.2,0.2
ChIJq_WYh5f1XIYRESZU9lSXAO4,5,16,12,2,0,15,2,85,1985-12-13,"Skill Classes,Part Time Care,Field Trips",Y,NO,NO,NO,94227,Circle School,SAN ANTONIO,217 PERSHING AVE,78209 6601,Circle School,,,0,high_confidence,40.1,0,1,0,0,0,35,2.333,0.333
ChIJqa7ALf8K7EMRM3ilL3pfM9g,0,0,0,0,0,2,0,74,2025-12-03,"School Age Care,Before School Care,Accredited,Meals Provided ,After School Care,Snacks Provided,Drop-In Care,Part Time Care,Field Trips",N,NO,NO,NO,1515149,Nurture & Grow Learning Center LLC,HOUSTON,3609 DREYFUS ST,77021 5553,Nurture & Grow Learning Center LLC,5.0,8.0,5,high_confidence,0.1,1,0,0,0,0,0,0.0,0.0
ChIJqbg2zYiJXIYRyD5KJtHJQ2o,4,2,3,2,0,17,1,218,2021-08-12,"School Age Care,Meals Provided ,After School Care,Snacks Provided,Part Time Care",N,NO,NO,NO,1380261,The Lilypad Garden School,SAN ANTONIO,18952 REDLAND RD,78259 3572,The Lilypad Garden School,4.1,63.0,5,high_confidence,4.4,0,0,0,0,0,11,0.647,0.235
ChIJqcffpK_2XIYRvKw08p5iJkg,5,5,8,0,0,13,0,93,2010-11-04,"School Age Care,Before School Care,Meals Provided ,After School Care,Snacks Provided,Part Time Care,Transportation to/from School ,Field Trips",Y,NO,NO,NO,614588,New Kids on the Block Learning Center  No. 2,SAN ANTONIO,623 S WW WHITE RD,78220 1732,New Kids On The Block Learning Center,4.6,11.0,5,high_confidence,15.2,0,1,0,0,0,18,1.385,0.385
ChIJqdhdBo0yW4YRTF6w8htLj4c,0,2,0,0,0,6,0,170,2024-04-23,"Before School Care,After School Care,Snacks Provided",Y,NO,NO,NO,1473672,Purple Sage YMCA of Central Texas,AUSTIN,11801 TANGLEBRIAR TRL,78750 1501,Purple Sage Elementary School,,,0,medium_confidence,1.7,0,1,0,0,0,2,0.333,0.0
ChIJqy-w5ZhdXIYReEe32SrQk_c,4,10,5,1,0,11,1,76,2023-10-19,"School Age Care,Meals Provided ,After School Care,Snacks Provided,Transportation to/from School ,Field Trips",Y,NO,NO,NO,1439699,Reach for the Stars Daycare,SAN ANTONIO,7604 W MILITARY DR,78227 1928,Reach For The Stars Daycare Center,4.7,12.0,5,high_confidence,2.2,0,1,0,0,0,20,1.818,0.364
ChIJqyX-iGqXToYRuc2bNot_EDY,0,0,0,0,0,6,0,38,1986-10-07,"School Age Care,Meals Provided ,After School Care,Snacks Provided,Transportation to/from School ,Field Trips",Y,NO,NO,NO,97816,Kiddie Kare,DALLAS,4126 MARYLAND AVE,75216 6122,Kiddie Kare Daycare Center,1.8,15.0,5,medium_confidence,39.2,0,1,0,0,0,0,0.0,0.0
ChIJqzmHtdWKXIYRnv_lQUhKoxs,1,4,2,1,0,6,0,102,1985-11-11,"School Age Care,Snacks Provided,Part Time Care",Y,NO,NO,NO,97340,Macarthur Park Lutheran School,SAN ANTONIO,2903 NACOGDOCHES RD,78217 4522,MacArthur Park Lutheran School,5.0,5.0,5,high_confidence,40.1,0,1,0,0,0,8,1.333,0.167
ChIJr-NH6eHpQIYRhyaxbEuivEM,4,4,0,2,0,6,2,323,2015-03-10,,N,NO,NO,NO,1155790,Yeshiva Torat Emet,HOUSTON,11330 BRAESRIDGE DR,77071 2300,YTE - Yeshiva Torat Emet,4.8,10.0,5,high_confidence,10.8,0,0,0,0,0,10,1.667,0.667
ChIJr-ppKOHEQIYRvWyO0OCKDiI,3,17,12,0,0,11,0,60,2013-06-04,"School Age Care,After School Care,Snacks Provided",N,NO,NO,NO,1093717,YMCA After School @ Pine Shadows,HOUSTON,9900 NEUENS RD,77080 6418,Pine Shadows Elementary School,,,0,medium_confidence,12.6,0,0,0,0,0,32,2.909,0.273
ChIJr1fYhpnpQIYRnQdLM4q9C_U,11,16,7,2,0,15,1,164,2015-11-05,"School Age Care,Before School Care,Meals Provided ,After School Care,Snacks Provided,Drop-In Care,Part Time Care,Transportation to/from School ,Weekend Care,Field Trips,Night Care",Y,NO,NO,NO,1170329,Oxford Academy,HOUSTON,12602 HILLCROFT ST,77035 5428,Oxford Academy,4.6,11.0,5,high_confidence,10.2,0,1,0,0,0,36,2.4,0.733
ChIJr3G5mr6vQIYRS4MvQHnnrPg,2,0,0,0,0,9,0,160,2012-08-17,"School Age Care,Meals Provided ,After School Care,Snacks Provided,Part Time Care",Y,NO,NO,NO,974270,Crossroads Early Learning  Center,HOUSTON,12110 E SAM HOUSTON PKWY N,77044 5135,Crossroads Early learning Center,4.6,47.0,5,high_confidence,13.4,0,1,0,0,0,2,0.222,0.222
ChIJr3OxSqLKRIYRR-_YiFBMhyY,2,10,10,2,0,42,2,102,2020-01-24,"School Age Care,After School Care,Snacks Provided",Y,NO,NO,NO,1343481,Casis EAC YMCA,AUSTIN,2710 EXPOSITION BLVD,78703 1762,Casis Elementary School,,,0,medium_confidence,5.9,0,1,0,0,0,24,0.571,0.048
ChIJr3PJoObHQIYRQf0s4_NFGeg,0,14,2,4,4,38,2,153,2021-04-01,"School Age Care,Meals Provided ,Snacks Provided",N,NO,NO,NO,1338404,AVANCE Bammel Head Start,HOUSTON,17309 RED OAK DR,77090 1243,Acres Homes AVANCE Head Start,5.0,2.0,2,medium_confidence,4.8,0,0,0,0,0,24,0.632,0.0
ChIJr5YB5h3dQIYR2-dWAmZoiQc,5,14,2,1,0,15,0,85,2022-03-23,"School Age Care,Before School Care,Meals Provided ,After School Care,Snacks Provided,Drop-In Care,Part Time Care,Transportation to/from School",Y,NO,NO,NO,1387169,Tree House Early Learning Academy,HOUSTON,1476 WILCREST DR,77042 2229,Tree House Early Learning Academy,4.4,49.0,5,high_confidence,3.8,0,1,0,0,0,22,1.467,0.333
ChIJr5ZMPJVzToYRqVJ2zAZSJXw,0,2,1,0,0,8,1,85,2015-02-24,"School Age Care,Snacks Provided,Drop-In Care",Y,NO,NO,NO,1155318,Clayton Youth Enrichment @ North HI Mount Elementary,FORT WORTH,3801 W 7TH ST,76107 2537,North Hi Mount Elementary School,,,0,medium_confidence,10.9,0,1,0,0,0,3,0.375,0.0
ChIJr6T8sfrZTYYRwxNq3zAvVGA,0,1,0,0,0,12,0,110,2007-02-12,"After School Care,Drop-In Care",Y,NO,NO,NO,297347,Clayton Youth Enrichment @ Independence Elementary,FORT WORTH,11773 BRAY BIRCH LN,76244 6780,Independence Elementary School,,,0,medium_confidence,18.9,0,1,0,0,0,1,0.083,0.0
ChIJr9l6j9LOQIYRrthgR13-yC4,0,2,1,0,0,5,0,78,1999-02-17,"Before School Care,After School Care,Night Care",N,NO,NO,NO,157220,Aldine ISD West Transportation Nursery,HOUSTON,9900 ANTOINE DR,77086 2900,Aldine ISD Transportation,2.7,97.0,5,medium_confidence,26.9,0,0,0,0,0,3,0.6,0.0
ChIJrROGDdHRQIYRenTpMzpOn2c,1,6,2,0,1,8,0,144,2012-08-24,"School Age Care,Before School Care,Meals Provided ,After School Care,Snacks Provided,Part Time Care,Transportation to/from School ,Field Trips",Y,NO,NO,NO,997728,ABC Children's Academy #2,HOUSTON,9450 ROUND UP LN,77064 5364,ABC Children's Academy,4.6,47.0,5,high_confidence,13.4,0,1,0,0,0,10,1.25,0.125
ChIJrRmmaMC9QIYR2_ej9I5N7yw,8,25,5,0,0,28,0,115,2009-08-07,"Before School Care,Meals Provided ,After School Care,Snacks Provided,Transportation to/from School ,Field Trips",Y,NO,NO,NO,417808,Building Blocks Academy-Evergreen,HOUSTON,1920 EVERGREEN DR,77087 2806,Building Blocks Academy Evergreen,4.6,80.0,5,medium_confidence,16.4,0,1,0,0,0,38,1.357,0.286
ChIJrRqqBdjpQIYRAz4u8ons11w,3,10,3,0,2,17,0,90,2014-02-21,"School Age Care,Before School Care,Meals Provided ,After School Care,Snacks Provided,Drop-In Care,Part Time Care,Transportation to/from School ,Field Trips",Y,NO,NO,NO,1121158,Lil Learners Academy,HOUSTON,9712 FONDREN RD,77096 3616,Lil' Learners Academy,4.9,62.0,5,high_confidence,11.9,0,1,0,0,0,18,1.059,0.176
ChIJrTLELqzDQIYRMvJqgFxcOl4,1,5,3,0,0,9,0,102,2009-02-25,After School Care,N,NO,NO,NO,363120,YMCA Briarmeadow Afterschool Program,HOUSTON,3601 DUNVALE RD,77063 5707,Briarmeadow Afterschool Program Child Care,5.0,1.0,1,medium_confidence,16.8,0,0,0,0,0,9,1.0,0.111
ChIJrUeISenNQIYRU8SYbFI5MAY,1,17,8,1,0,7,0,120,2013-08-29,"Snacks Provided,Drop-In Care,Skill Classes,Part Time Care,Weekend Care",N,NO,NO,NO,1104292,Life Time Fitness Camps,HOUSTON,7717 WILLOW CHASE BLVD,77070 5870,Life Time,3.9,731.0,5,medium_confidence,12.3,0,0,0,0,0,27,3.857,0.143
ChIJrVug8OhvToYRSAc_udlRp84,4,6,3,0,1,17,0,85,2024-01-17,"School Age Care,Before School Care,Meals Provided ,After School Care,Snacks Provided,Skill Classes,Part Time Care,Transportation to/from School ,Field Trips",Y,NO,NO,NO,1451136,Super Kids Academy,FORT WORTH,1908 EVERMAN PKWY,76140 5118,Super Kids,4.2,42.0,5,medium_confidence,2.0,0,1,0,0,0,14,0.824,0.235
ChIJrWCKWV5rXIYRuuFVPsJIG5M,5,6,0,0,1,20,0,203,2025-03-27,"School Age Care,Before School Care,Meals Provided ,After School Care,Snacks Provided,Transportation to/from School ,Field Trips",Y,NO,NO,NO,1487383,The Pillars Christian Learning Center,SAN ANTONIO,7852 RIMROCK SPRINGS,78253,The Pillars Christian Learning Centers - Talley,4.4,23.0,5,high_confidence,0.8,0,1,0,0,0,12,0.6,0.25
ChIJrXk8lqbORIYR_6eBBRUbTRI,9,6,3,0,0,18,0,100,2015-02-25,"School Age Care,Meals Provided ,Field Trips",N,NO,NO,NO,1157371,Cedar Bend Child INC,AUSTIN,1808 CEDAR BEND DR,78758 2600,Child Inc. Cedar Bend Child Development Center,3.8,8.0,5,medium_confidence,10.9,0,0,0,0,0,18,1.0,0.5
ChIJrZTeOgGzRIYRcrkufFZ93Tk,1,1,3,0,0,8,0,126,2024-05-14,"School Age Care,Meals Provided ,Snacks Provided,Part Time Care,Transportation to/from School",Y,NO,NO,NO,1467593,Angels Care and Learning Center #2,AUSTIN,4905 MAUFRAIS LN,78744 2031,Angels Care & Learning Center - Maufrais,5.0,32.0,5,medium_confidence,1.6,0,1,0,0,0,5,0.625,0.125
ChIJrcQ37tq1RIYR41nQ1HRU62s,1,0,1,0,1,11,0,50,1999-05-17,"School Age Care,Accredited,Snacks Provided,Field Trips,Night Care",Y,NO,NO,NO,102877,ACC Children's Lab School,AUSTIN,3401 WEBBERVILLE RD # 5000,78702 3004,Austin Community College Children's Lab School,5.0,7.0,5,medium_confidence,26.6,1,1,0,0,0,3,0.273,0.091
ChIJrdPE5S7DQIYRP6FU8KMCmbo,1,9,4,1,1,10,0,241,2019-10-03,"Meals Provided ,After School Care,Snacks Provided",Y,NO,NO,NO,1326690,Mariner Montessori,HOUSTON,6018 FAIRDALE LN,77057 6102,Mariner Montessori School,4.7,75.0,5,high_confidence,6.2,0,1,0,0,0,16,1.6,0.1
ChIJrebdAKBhXIYRoB7MvkSG3rQ,5,19,12,1,1,23,0,45,2021-10-22,"School Age Care,Meals Provided ,After School Care,Snacks Provided,Part Time Care,Transportation to/from School",Y,NO,NO,NO,1375077,My Little College 2,SAN ANTONIO,8600 WURZBACH RD STE 602,78240 4332,My Little College 2,5.0,13.0,5,high_confidence,4.2,0,1,0,0,0,38,1.652,0.217
ChIJrejqYul6ToYR5mZbljoHmT8,0,2,0,1,0,6,1,70,2007-02-09,"Before School Care,Accredited,Meals Provided ,After School Care,Snacks Provided,Drop-In Care,Part Time Care,Transportation to/from School ,Field Trips",Y,NO,NO,NO,299562,Sunrise Early Learning And Development Center,FORT WORTH,3108 STALCUP RD,76119 1550,Sunrise Early Learning & Dev,3.5,13.0,5,medium_confidence,18.9,1,1,0,0,0,3,0.5,0.0
ChIJrw6LG6dcXIYRT6s0GCs2mkw,1,2,0,0,0,7,0,148,1990-04-02,"Meals Provided ,After School Care,Snacks Provided,Transportation to/from School",Y,NO,NO,NO,105238,Silver Spoons Preschool,SAN ANTONIO,1627 MEADOW WAY DR,78227 1663,Silver Spoons Pre-School,4.4,18.0,5,high_confidence,35.8,0,1,0,0,0,3,0.429,0.143
ChIJrwyUQd81W4YRS4ztYncLpiI,0,0,2,0,0,6,0,100,1998-04-30,Part Time Care,N,NO,NO,NO,135558,Sonshine School,AUSTIN,9300 BEE CAVE RD,78733 6207,SonShine School,5.0,2.0,2,high_confidence,27.7,0,0,0,0,0,2,0.333,0.0
ChIJrx1qDMHEQIYRI-MPkjDmTC0,1,2,1,0,0,11,0,220,1988-02-02,"School Age Care,Part Time Care,Transportation to/from School",N,NO,NO,NO,95700,Fair Haven Day School,HOUSTON,1330 GESSNER RD,77055 4005,Fair Haven Day School,4.6,63.0,5,high_confidence,37.9,0,0,0,0,0,4,0.364,0.091
ChIJrx7eML_QQIYRAbl-cs_OZIs,1,0,2,1,0,2,1,106,2025-09-19,"School Age Care,Before School Care,Meals Provided ,After School Care,Snacks Provided,Drop-In Care,Part Time Care,Transportation to/from School ,Field Trips",N,NO,NO,NO,1509937,Kinder Bloom Academy,HOUSTON,6903 HUFFMEISTER RD,77084 1558,Kinder Bloom Academy,4.2,28.0,5,high_confidence,0.3,0,0,0,0,0,4,2.0,0.5
ChIJry17Uz9xToYRAd76jRrJN6I,1,4,2,0,0,12,0,221,2006-09-15,Part Time Care,N,NO,NO,NO,302607,Montessori at Sundance Square,FORT WORTH,201 JONES ST,76102 7214,Bright Horizons at Sundance Square,4.7,61.0,5,medium_confidence,19.3,0,0,0,0,0,7,0.583,0.083
ChIJrz15bThnXIYRoncKdZj6xos,7,9,4,1,0,24,2,146,2021-07-23,"School Age Care,Before School Care,Meals Provided ,After School Care,Snacks Provided",N,NO,NO,NO,1370702,Montessori Kids Universe Shavano,SAN ANTONIO,13807 RED MAPLE WOOD,78249 3995,Montessori Kids Universe Shavano,4.6,47.0,5,high_confidence,4.4,0,0,0,0,0,21,0.875,0.292
ChIJrziF4jVLW4YR3Gq6QBdWmno,3,2,0,0,0,14,0,68,2020-01-03,"School Age Care,After School Care,Snacks Provided,Field Trips",Y,NO,NO,NO,1343866,Joslin EAC YMCA,AUSTIN,4500 MENCHACA RD,78745 1606,Joslin Elementary School,,,0,medium_confidence,6.0,0,1,0,0,0,5,0.357,0.214
ChIJs-O_KQWmQIYRnCdmpRHzpkE,4,5,3,2,0,7,0,103,2010-01-20,,Y,NO,NO,NO,505330,Sheldon ISD-Early Learning Center,HOUSTON,17010 BEAUMONT HWY,77049 1045,Sheldon Early Childhood Academy,,,0,medium_confidence,15.9,0,1,0,0,0,14,2.0,0.571
ChIJs-QE97-bToYRTeD3YT0s07o,18,29,6,0,0,22,0,71,2024-05-31,"School Age Care,Before School Care,Accredited,Meals Provided ,After School Care,Snacks Provided,Drop-In Care,Part Time Care,Transportation to/from School ,Field Trips",Y,NO,NO,NO,1474886,My Little Rascals New Start CDC,DALLAS,2907 N HAMPTON RD,75212 5032,Little Rascals 2 Daycare,4.1,16.0,5,medium_confidence,1.6,1,1,0,0,0,53,2.409,0.818
ChIJs-iUsqPORIYReYvydrNQ5tA,0,3,0,0,0,6,0,108,2013-03-11,"After School Care,Snacks Provided,Field Trips",Y,NO,NO,NO,1091292,PISD Parmer Lane Elementary Extended Day Program,AUSTIN,1806 W PARMER LN,78727 4507,Parmer Lane Elementary School,,,0,medium_confidence,12.8,0,1,0,0,0,3,0.5,0.0
ChIJs1YoSK-eToYRfHTw7o6UgOU,0,2,0,0,0,6,0,65,2003-05-01,"Meals Provided ,Snacks Provided",Y,NO,NO,NO,210526,Center Of Hope Crystal CDC,DALLAS,4815 CASS ST,75235 8011,Union Gospel Mission - Center of Hope,3.4,86.0,5,medium_confidence,22.7,0,1,0,0,0,2,0.333,0.0
ChIJs1kCWXS1RIYRJdsGeCHk8sw,3,5,1,0,0,16,0,176,1986-01-23,"Accredited,Meals Provided ,After School Care,Snacks Provided,Part Time Care",N,NO,NO,NO,94158,St. Martin's Lutheran Day School,AUSTIN,606 W 15TH ST,78701 1514,St. Martin's EV. Lutheran Church & Preschool,4.8,60.0,5,medium_confidence,39.9,1,0,0,0,0,9,0.562,0.188
ChIJs2cJCyN0ToYR-z4M-6Z-e-I,6,3,0,0,0,13,0,83,1987-06-05,,Y,NO,NO,NO,94581,North Fort Worth Head Start and CDC,FORT WORTH,901 NW 30TH ST,76106,North Fort Worth Head Start And Cdc,3.0,6.0,5,high_confidence,38.6,0,1,0,0,0,9,0.692,0.462
ChIJs2zBx7qaToYRaTNuFZfm6zQ,0,0,1,0,0,5,0,200,2001-04-02,"Accredited,Meals Provided ,After School Care,Snacks Provided",Y,NO,NO,NO,168712,Lighthouse Learning Center,DALLAS,5525 W ILLINOIS AVE,75211 6612,Lighthouse Learning Center,4.8,26.0,5,high_confidence,24.8,1,1,0,0,0,1,0.2,0.0
ChIJs3ZM_TBfXIYRfvU8Yc0vFpc,0,2,0,0,0,7,0,100,2012-11-30,"Meals Provided ,After School Care,Snacks Provided",N,NO,NO,NO,940691,Y School Age @ Margil Elementary,SAN ANTONIO,1000 PEREZ ST,78207 2334,Antonio Margil Elementary School,,,0,high_confidence,13.1,0,0,0,0,0,2,0.286,0.0
ChIJs3xUuQbJQIYRara4ijyFP3I,1,1,3,0,1,6,0,144,1999-08-22,"School Age Care,Before School Care,Accredited,Meals Provided ,After School Care,Snacks Provided,Part Time Care,Transportation to/from School ,Field Trips",Y,NO,NO,NO,156129,Eternity Christian Childcare,HOUSTON,1122 WEST RD,77038 2140,Eternity Christian School,,,0,medium_confidence,26.4,1,1,0,0,0,6,1.0,0.167
ChIJs5ZIiDSfToYRhQWyVsh1C6o,0,3,4,0,1,5,0,34,2000-01-04,,Y,NO,NO,NO,160874,Comunidad Child Care Center,DALLAS,1721 N GARRETT AVE,75206 7514,Communidad Child Care Center,4.0,8.0,5,high_confidence,26.0,0,1,0,0,0,8,1.6,0.0
ChIJs5keE00hQYYRBHZr2ZBddBM,4,12,10,2,2,26,4,60,2019-04-22,"School Age Care,Before School Care,After School Care,Snacks Provided,Drop-In Care,Skill Classes",Y,NO,NO,NO,1316789,Club Busy Bee - Mayde Creek,HOUSTON,2698 GREENHOUSE RD,77084 4408,Club Busy Bee,4.5,39.0,5,medium_confidence,6.7,0,1,0,0,0,30,1.154,0.154
ChIJs6CptGJdXIYRK2fC5GXixvw,5,22,24,2,0,21,0,82,2016-09-28,"School Age Care,Before School Care,Meals Provided ,After School Care,Snacks Provided,Drop-In Care,Part Time Care",Y,NO,NO,NO,1238503,The Precinct Academy and Daycare,SAN ANTONIO,7500 ECKHERT RD STE 140,78240 3067,The Precinct Academy & Daycare,4.5,26.0,5,high_confidence,9.3,0,1,0,0,0,53,2.524,0.238
ChIJs8DLZXfeQIYRjXKd0ftrqYg,3,4,0,0,0,13,0,175,1992-01-28,"Snacks Provided,Field Trips",N,NO,NO,NO,120131,Southwest Christian Academy and Day Care,HOUSTON,14880 BELLAIRE BLVD,77083 2509,Southwest Community Christian,,,0,medium_confidence,33.9,0,0,0,0,0,7,0.538,0.231
ChIJs8JP5lVfXIYRJqSrQrhn3o8,4,4,2,1,0,8,1,81,2024-07-16,"School Age Care,Meals Provided ,After School Care,Snacks Provided,Transportation to/from School ,Field Trips",Y,NO,NO,NO,1469620,Baby Boss Learning Center,SAN ANTONIO,4704 SAN PEDRO AVE,78212 1438,Baby Boss Learning Center,4.6,98.0,5,high_confidence,1.5,0,1,0,0,0,11,1.375,0.5
ChIJs8vwIALYTYYR0-7RVH9juCw,9,8,13,2,1,32,1,140,1990-08-09,"School Age Care,Before School Care,Accredited,Meals Provided ,After School Care,Snacks Provided,Skill Classes,Part Time Care,Transportation to/from School ,Field Trips",Y,NO,NO,NO,116984,La Petite Academy,FORT WORTH,5432 BASSWOOD BLVD,76137 4400,La Petite Academy on Basswood Blvd,4.2,65.0,5,medium_confidence,35.4,1,1,0,0,0,33,1.031,0.281
ChIJs9BuIUKOToYRwR4P2eoLlnU,0,0,1,0,0,1,0,50,2026-04-10,"School Age Care,Before School Care,After School Care,Snacks Provided,Part Time Care",N,NO,NO,NO,1522560,Right at School at Acton Elementary,DALLAS,7095 W WHEATLAND RD,75249 1067,Acton Elementary School,,,0,medium_confidence,0.0,0,0,0,0,0,1,1.0,0.0
ChIJsRJ7ISHDQIYRU-KZpJASXgE,11,14,3,2,0,16,1,129,2000-05-22,"School Age Care,Before School Care,Meals Provided ,After School Care,Snacks Provided,Transportation to/from School ,Field Trips",Y,NO,NO,NO,163137,Westchase Academy,HOUSTON,10085 WESTPARK DR STE D,77042 5928,Westchase Academy & Daycare,3.8,22.0,5,medium_confidence,25.6,0,1,0,0,0,30,1.875,0.688
ChIJsRZDB9rDQIYRc5EOTNz4Z4k,6,6,2,2,0,12,0,87,2018-01-19,"School Age Care,Before School Care,Meals Provided ,After School Care,Snacks Provided,Part Time Care,Transportation to/from School ,Field Trips",Y,NO,NO,NO,1286157,Crayola Learning Center,HOUSTON,9908 BEECHNUT ST STE I,77036 6410,Crayola Learning Center,4.8,36.0,5,high_confidence,8.0,0,1,0,0,0,16,1.333,0.5
ChIJsSHjS4u1RIYR2FJs3RMoZwQ,0,1,1,0,0,6,0,136,2025-10-17,"School Age Care,Before School Care,Meals Provided ,After School Care,Snacks Provided,Drop-In Care,Part Time Care,Transportation to/from School ,Field Trips",N,NO,NO,NO,1514962,Stepping Stone School XI,AUSTIN,3811 HARMON AVE,78751 4425,Stepping Stone School at Mueller/UT,4.5,33.0,5,medium_confidence,0.2,0,0,0,0,0,2,0.333,0.0
ChIJsShed5V7ToYRkMrQGUsUHlQ,0,1,0,0,0,4,0,174,2025-11-25,"School Age Care,After School Care,Snacks Provided,Field Trips",N,NO,NO,NO,1502557,Eastside YMCA,FORT WORTH,1500 SANDY LN,76112 3529,Eastside YMCA | YMCA of Fort Worth,4.3,52.0,5,medium_confidence,0.1,0,0,0,0,0,1,0.25,0.0
ChIJsSpDsxzdQIYR3XWOoDWysWE,2,7,7,0,0,5,0,63,2007-08-22,"School Age Care,Before School Care,Meals Provided ,After School Care,Snacks Provided,Part Time Care,Transportation to/from School ,Weekend Care,Field Trips",Y,NO,NO,NO,310755,Larrys Learning Academy,HOUSTON,4214 F ST,77072 5366,Larry's Learning Center,2.6,10.0,5,medium_confidence,18.4,0,1,0,0,0,16,3.2,0.4
ChIJsUKsQwY5W4YR89OPpmwR01I,9,1,0,0,0,22,0,263,2018-02-28,"Meals Provided ,After School Care,Snacks Provided,Transportation to/from School ,Field Trips",N,NO,NO,NO,1285167,The Prep School of Bee Cave,AUSTIN,14001 BEE CAVE PKWY,78738 6523,The PREP School of Bee Cave,5.0,14.0,5,high_confidence,7.8,0,0,0,0,0,10,0.455,0.409
ChIJsU_pjLFOW4YRdpgnlDu5e1U,2,3,2,0,0,14,0,391,1994-06-10,"Accredited,Snacks Provided,Skill Classes",Y,NO,NO,NO,134032,Circle C Child Development Center,AUSTIN,5917 LA CROSSE AVE,78739 1601,Circle C Child Development Center,4.2,21.0,5,high_confidence,31.6,1,1,0,0,0,7,0.5,0.143
ChIJsVOAtNPWQIYR95xYFNPVVT8,2,2,0,0,0,7,0,262,2012-11-15,"School Age Care,Before School Care,Meals Provided ,After School Care,Snacks Provided,Part Time Care,Transportation to/from School ,Field Trips",Y,NO,NO,NO,1021488,Kid's World Learning Center,HOUSTON,16210 WEST RD,77095 5581,Kids World Learning Center,4.7,189.0,5,high_confidence,13.1,0,1,0,0,0,4,0.571,0.286
ChIJsVZ3Tgb3XIYRBjh98DwtM4g,2,3,6,0,0,12,0,59,2025-01-08,"School Age Care,Meals Provided ,Snacks Provided",Y,NO,NO,NO,1469603,RCC Child Learning Center,SAN ANTONIO,903 S WW WHITE RD,78220 2528,RCC Child Learning Center,5.0,3.0,3,high_confidence,1.0,0,1,0,0,0,11,0.917,0.167
ChIJsXzBkuDRQIYRXjycvCwyQyw,6,9,2,0,1,9,0,91,2002-04-03,"School Age Care,Before School Care,Meals Provided ,After School Care,Snacks Provided,Part Time Care,Transportation to/from School ,Field Trips",Y,NO,NO,NO,194662,Big Dreams & Lil' Wonders Academy,HOUSTON,11010 PERRY RD STE C,77064 4603,Big Dreams & Lil Wonders Christian Academy,4.5,34.0,5,high_confidence,23.7,0,1,0,0,0,18,2.0,0.667
ChIJsYlH9PWcQIYRa4mDLvcC2EI,3,2,1,0,0,7,0,223,2019-02-13,"School Age Care,Before School Care,Meals Provided ,After School Care,Snacks Provided,Drop-In Care,Transportation to/from School ,Field Trips",Y,NO,NO,NO,1313972,Bell's Little Angels,HOUSTON,2010 RESEDA DR,77062 6004,Bell's Little Angels Preschool,4.7,101.0,5,high_confidence,6.9,0,1,0,0,0,6,0.857,0.429
ChIJsYriZU5oXIYRj-fijIcNTLg,16,10,4,0,0,32,1,176,2011-05-27,"School Age Care,Before School Care,Meals Provided ,After School Care,Snacks Provided,Part Time Care,Transportation to/from School ,Field Trips",Y,NO,NO,NO,689208,Cadence Academy,SAN ANTONIO,10014 WILDHORSE PKWY,78254 6072,Cadence Academy Preschool,4.7,182.0,5,medium_confidence,14.6,0,1,0,0,0,30,0.938,0.5
ChIJsZWZmVnSQIYR2CKs-e1eyOA,1,8,5,0,0,7,0,350,1987-07-01,"Before School Care,Accredited,After School Care,Skill Classes,Part Time Care,Field Trips",N,NO,NO,NO,100555,The Woods Private School,HOUSTON,15002 LAKEWOOD FOREST DR,77070 1321,The Woods Private School,5.0,6.0,5,high_confidence,38.5,1,0,0,0,0,14,2.0,0.143
ChIJs_ID-jteXIYRTO6dI1UqVOM,3,19,6,4,0,16,0,37,2023-01-10,"Meals Provided ,Snacks Provided,Part Time Care",N,NO,NO,NO,1391355,St. Gregory the Great Catholic School,SAN ANTONIO,700 DEWHURST RD,78213 3416,St. Gregory the Great Catholic School,,,0,high_confidence,3.0,0,0,0,0,0,32,2.0,0.188
ChIJs_P26edtToYR1OFbFg-uIAU,3,13,11,0,1,11,0,45,2019-02-08,"School Age Care,Before School Care,Meals Provided ,After School Care,Snacks Provided,Drop-In Care,Transportation to/from School ,Field Trips",Y,NO,NO,NO,1313510,Browns Earlybird Academy,FORT WORTH,5675 WESTCREEK DR,76133 3235,Browns Earlybird Academy,3.7,3.0,3,high_confidence,6.9,0,1,0,0,0,28,2.545,0.273
ChIJs_jGasq0RIYRD-wm41hiYMw,1,0,1,0,0,10,0,208,2006-12-13,"Before School Care,After School Care,Part Time Care",N,NO,NO,NO,300624,Athena Montessori Academy,AUSTIN,1503 MORGAN LN,78704 7630,Athena Montessori Academy,,,0,high_confidence,19.1,0,0,0,0,0,2,0.2,0.1
ChIJsb4kDZjORIYRVJi4a9543GY,3,6,3,0,0,8,0,217,2011-02-16,"Before School Care,Meals Provided ,Snacks Provided,Skill Classes",N,NO,NO,NO,737009,Parmer Children's Montessori Academy,AUSTIN,1701 SCOFIELD LN,78727 4419,One World Montessori - Austin,,,0,medium_confidence,14.9,0,0,0,0,0,12,1.5,0.375
ChIJsbMoERkxW4YRhAh7rHfvDYI,0,2,0,0,0,4,0,56,2026-01-05,"School Age Care,Accredited,Meals Provided ,After School Care,Snacks Provided,Drop-In Care,Skill Classes,Part Time Care,Field Trips",N,NO,NO,NO,1512231,Didactica Spanish Preschool,AUSTIN,2903 RANCH ROAD 620 N BLDG C,78734 2208,Didactica Spanish Immersion Preschool,5.0,2.0,2,high_confidence,-0.0,1,0,0,0,0,2,0.5,0.0
ChIJsc6u_0rBQIYRMwio-23C0ho,3,7,7,1,0,9,3,350,1992-04-03,Accredited,N,NO,NO,NO,122418,The Fay School,HOUSTON,105 N POST OAK LN,77024 7703,The Fay School,,,0,high_confidence,33.7,1,0,0,0,0,18,2.0,0.333
ChIJscNSo2NJW4YRVAYszUXMqho,3,0,0,0,0,10,0,19,2021-02-24,"Snacks Provided,Part Time Care",N,NO,NO,NO,1362133,Bright Beginnings Schoolhouse,AUSTIN,9604 FM 1826 BLDG 2,78737 2550,Bright Beginnings Schoolhouse FM 1826,5.0,3.0,3,high_confidence,4.9,0,0,0,0,0,3,0.3,0.3
ChIJscnuPi_1XIYRXu0v5IyAIcg,0,1,0,0,0,7,0,125,2025-07-02,"School Age Care,Before School Care,Meals Provided ,After School Care,Snacks Provided,Drop-In Care,Part Time Care,Transportation to/from School ,Night Care",N,NO,NO,NO,1495141,Childcare Express Learning Center,SAN ANTONIO,2034 AUSTIN HWY,78218 2503,Childcare Express Learning Center LLC,4.3,8.0,5,high_confidence,0.5,0,0,0,0,0,1,0.143,0.0
ChIJscxMczszW4YRbLB1IYyM2IY,2,5,6,1,0,8,0,68,2024-06-11,"Snacks Provided,Part Time Care",N,NO,NO,NO,1468740,Bilingual Minds,AUSTIN,10613 N FM 620 RD,78726 1706,Bilingual Minds Preschool In Austin,4.8,9.0,5,medium_confidence,1.6,0,0,0,0,0,14,1.75,0.25
ChIJsduYtM9LW4YRTR_ZGQhB9I8,2,3,2,0,0,10,0,105,2020-01-13,"School Age Care,After School Care,Snacks Provided,Field Trips",Y,NO,NO,NO,1343533,Oak Hill EAC YMCA,AUSTIN,6101 PATTON RANCH RD,78735 8511,Oak Hill Elementary School,,,0,medium_confidence,6.0,0,1,0,0,0,7,0.7,0.2
ChIJse_MUWyeToYROEeX6RxdBbI,1,7,1,0,0,7,0,70,1999-03-04,"Accredited,Snacks Provided,Part Time Care",N,NO,NO,NO,96143,Wesley Prep,DALLAS,9200 INWOOD RD,75220 3901,Wesley Prep,,,0,high_confidence,26.8,1,0,0,0,0,9,1.286,0.143
ChIJsfsqOGRNW4YRJpIiRcVgIF0,1,3,0,0,1,4,0,102,2024-11-22,"Snacks Provided,Skill Classes,Part Time Care",N,NO,NO,NO,1489087,La Tribu Rural,AUSTIN,9000 MENCHACA RD,78748 5309,La Tribu Rural,5.0,15.0,5,high_confidence,1.1,0,0,0,0,0,5,1.25,0.25
ChIJswY_37oNToYRMhm__L0fc18,2,0,0,0,0,14,0,185,1996-03-25,"Meals Provided ,Snacks Provided",Y,NO,NO,NO,143654,The Child Care Studio at Rise,FORT WORTH,2800 SHENANDOAH RD,76116 3635,Child Care Studio at Rise,,,0,high_confidence,29.8,0,1,0,0,0,2,0.143,0.143
ChIJswgPIpxnXIYRTh4nKvLaZr0,3,10,3,0,0,6,0,54,2025-09-19,"School Age Care,Snacks Provided",N,NO,NO,NO,1511264,Grace Point Day School,SAN ANTONIO,9650 HUEBNER RD,78240 1511,Grace Point Day School,5.0,5.0,5,high_confidence,0.3,0,0,0,0,0,16,2.667,0.5
ChIJsxaIY9mlQIYRuae4aMAUvBM,1,0,0,0,0,10,0,126,2023-11-17,"Meals Provided ,Snacks Provided,Field Trips",N,NO,NO,NO,1437239,Bezos Academy Houston - North Shore,HOUSTON,5800 UVALDE RD BLDG 11,77049 4513,Bezos Academy Houston - North Shore,5.0,4.0,4,high_confidence,2.1,0,0,0,0,0,1,0.1,0.1
ChIJsxo39SPEQIYRmKpIEU-tFRo,0,5,6,1,1,7,1,44,2015-08-11,"Snacks Provided,Part Time Care",N,NO,NO,NO,1186229,Sproutstart Academy- Spring Valley Location,HOUSTON,1504 WIRT RD,77055 4919,SproutStart Academy,4.2,12.0,5,medium_confidence,10.4,0,0,0,0,0,13,1.857,0.0
ChIJt-D0sjCIXIYRcGCtl3JhxOI,3,4,0,0,0,13,0,222,2017-09-25,"School Age Care,Meals Provided ,After School Care,Snacks Provided,Transportation to/from School ,Field Trips",N,NO,NO,NO,1273254,The PREP School of Stone Oak,SAN ANTONIO,24372 WILDERNESS OAK,78258 7803,PREP School of Stone Oak - Private Preschool,4.3,48.0,5,medium_confidence,8.3,0,0,0,0,0,7,0.538,0.231
ChIJt-ES_BAgTIYRiJ48FgeI9No,1,0,2,0,0,6,0,70,1987-03-30,"School Age Care,Accredited,Meals Provided ,Snacks Provided",Y,NO,NO,NO,94208,Hamilton Park Methodist Church,DALLAS,11881 SCHROEDER RD,75243 3656,Hamilton Park United Methodist Church,4.7,69.0,5,high_confidence,38.8,1,1,0,0,0,3,0.5,0.167
ChIJt00JZfzJRIYR5xqZyz3qn0M,1,0,1,0,0,5,1,46,2020-01-13,"School Age Care,After School Care,Snacks Provided,Field Trips",Y,NO,NO,NO,1343461,Blanton EAC YMCA,AUSTIN,5408 WESTMINSTER DR,78723 3454,Blanton Elementary,,,0,medium_confidence,6.0,0,1,0,0,0,2,0.4,0.2
ChIJt0haPkPEQIYRvzQFByXOVws,1,2,3,4,0,8,1,65,2002-07-01,"Before School Care,Meals Provided ,After School Care,Snacks Provided,Drop-In Care,Part Time Care",Y,NO,NO,NO,198862,Bear BLVD Child Care Center,HOUSTON,8860 WESTVIEW DR,77055 4705,Bear Boulevard School,,,0,medium_confidence,23.5,0,1,0,0,0,10,1.25,0.125
ChIJt1smJQrrQIYRu6N0K24bpgU,0,3,1,1,0,5,1,68,2010-06-08,"Meals Provided ,Snacks Provided",N,NO,NO,NO,582408,Hiram Clarke Head Start,HOUSTON,3810 W FUQUA ST,77045 6402,Head Start - Hiram Clarke,5.0,2.0,2,high_confidence,15.6,0,0,0,0,0,5,1.0,0.0
ChIJt2yb4j2aQIYRRE4Lu0OlxNs,2,6,2,0,0,26,0,108,2019-11-08,"School Age Care,Before School Care,Meals Provided ,After School Care,Snacks Provided,Transportation to/from School ,Field Trips",N,NO,NO,NO,1332180,Cornerstone Learning Academy & Childcare #2,HOUSTON,12495 SCARSDALE BLVD,77089 6137,"Cornerstone Learning Academy & Childcare, LLC",4.8,52.0,5,high_confidence,6.1,0,0,0,0,0,10,0.385,0.077
ChIJt3hJcNTdQIYR2AzR6Z4oEu0,1,2,0,0,0,9,0,120,2024-01-19,"School Age Care,Before School Care,Accredited,After School Care,Snacks Provided,Part Time Care",Y,NO,NO,NO,1454639,KCE Champions LLC @ KIPP Unity,HOUSTON,8500 HIGHWAY 6 S,77083 5709,Champions at KIPP Unity Primary,1.0,1.0,1,medium_confidence,2.0,1,1,0,0,0,3,0.333,0.111
ChIJt4NO08u5RIYRGDYu-s_S0u4,0,0,0,0,0,1,0,24,2026-03-31,"School Age Care,Before School Care,After School Care,Snacks Provided,Drop-In Care,Part Time Care",N,NO,NO,NO,1524244,Right at School at Joseph Gilbert Elementa,AUSTIN,5412 GILBERT RD,78724 6304,Gilbert Elementary School,,,0,medium_confidence,0.0,0,0,0,0,0,0,0.0,0.0
ChIJt56ShgPdQIYRjq9GAxq3Gt4,0,2,1,0,0,5,0,46,2011-03-11,"School Age Care,Before School Care,Meals Provided ,After School Care,Snacks Provided,Part Time Care,Transportation to/from School ,Field Trips",Y,NO,NO,NO,755428,Key Concepts Kan Learning Center,HOUSTON,4245A COOK RD,77072 1102,Key Concepts Kan Learning Center,4.3,18.0,5,high_confidence,14.8,0,1,0,0,0,3,0.6,0.0
ChIJt7D5Q3vHQIYR8SfXwGOzmeM,3,12,9,2,0,12,2,49,2023-09-06,"School Age Care,Snacks Provided,Skill Classes,Part Time Care,Field Trips",N,NO,NO,NO,1423744,Spanish School 4kids,HOUSTON,215 W 23RD ST,77008 2545,Spanish School 4kids INC,5.0,63.0,5,high_confidence,2.3,0,0,0,0,0,26,2.167,0.25
ChIJt7qgCZuXToYRtWOu3VfEOxg,0,0,1,0,0,7,0,90,1986-06-03,"School Age Care,Before School Care,Meals Provided ,After School Care,Snacks Provided,Drop-In Care,Transportation to/from School ,Field Trips",Y,NO,NO,NO,112390,Southern Crest Day Care Ctr,DALLAS,2324 LOCUST AVE,75216 6443,Southern Crest Learning Center,4.8,4.0,4,medium_confidence,39.6,0,1,0,0,0,1,0.143,0.0
ChIJtQc_SBHLRIYR2wkgFHsTvjo,0,1,2,0,0,6,0,48,2001-11-05,"Skill Classes,Part Time Care",N,NO,NO,NO,172273,Violet Crown Preschool,AUSTIN,1300 MORROW ST,78757 1422,Violet Crown Preschool,,,0,high_confidence,24.2,0,0,0,0,0,3,0.5,0.0
ChIJtS96lObWQIYRH_t3si9xuHI,1,4,6,0,0,5,0,145,2010-03-03,Part Time Care,N,NO,NO,NO,530188,St. Cuthbert Episcopal Preschool,HOUSTON,17020 WEST RD,77095 5578,St. Cuthbert School,5.0,5.0,5,medium_confidence,15.8,0,0,0,0,0,11,2.2,0.2
ChIJtU-2XRrLRIYRg-3tTzx-6n4,4,8,3,0,0,13,0,170,1986-08-22,"Meals Provided ,After School Care,Snacks Provided,Transportation to/from School ,Field Trips",Y,NO,NO,NO,96964,My Friends House,AUSTIN,7050 VILLAGE CENTER DR,78731 3024,My Friend's House Child Development Center,4.3,16.0,5,medium_confidence,39.4,0,1,0,0,0,15,1.154,0.308
ChIJtUx8gGNzToYRXSTxMjZJySE,1,1,3,0,0,9,0,51,2020-08-27,"Before School Care,Meals Provided ,After School Care,Snacks Provided,Transportation to/from School ,Field Trips",Y,NO,NO,NO,1344001,Rivertree Academy,FORT WORTH,5548 KILPATRICK AVE,76107 6729,Rivertree Academy,,,0,high_confidence,5.3,0,1,0,0,0,5,0.556,0.111
ChIJtW4X3z9LW4YRccOvHXz6lUk,0,1,0,0,0,7,0,119,2024-01-10,"School Age Care,After School Care,Snacks Provided",N,NO,NO,NO,1458845,Sunset Valley Crew,AUSTIN,3000 JONES RD,78745 1337,Sunset Valley Elementary School,,,0,medium_confidence,2.0,0,0,0,0,0,1,0.143,0.0
ChIJtY1O2llJW4YRRbdwaZJjD-c,2,3,1,0,1,9,0,244,2000-05-11,"School Age Care,Accredited,Meals Provided ,Snacks Provided,Drop-In Care,Part Time Care",Y,NO,NO,NO,164006,Bright Horizons Family Center,AUSTIN,6111 DAVIS LN,78749 3682,Bright Horizons Family Center at Oak Hill,4.2,16.0,5,high_confidence,25.6,1,1,0,0,0,7,0.778,0.222
ChIJtYTiu3NdXIYReaWq4Q9uiww,8,6,1,0,1,18,0,126,1996-02-02,"School Age Care,Meals Provided ,After School Care,Snacks Provided,Transportation to/from School ,Field Trips",Y,NO,NO,NO,142198,A Place  For Kids Luth CH Of RE,SAN ANTONIO,6011 GRISSOM RD,78238 2228,A Place For Kids - Christian Learning Center,4.3,22.0,5,medium_confidence,29.9,0,1,0,0,0,16,0.889,0.444
ChIJt_Lfd8JxToYRmqT7IgR4m_Q,3,3,4,0,0,10,0,102,2020-01-30,"School Age Care,Before School Care,Accredited,After School Care,Snacks Provided,Drop-In Care,Part Time Care",Y,NO,NO,NO,1333231,KCE Champions LLC @ Uplift -Meridian,FORT WORTH,1801 S BEACH ST,76105 2122,Champions at Uplift Meridian,,,0,medium_confidence,5.9,1,1,0,0,0,10,1.0,0.3
ChIJt_sRLEktW4YRMlXwVo1fwF0,1,1,0,0,0,4,0,255,2024-05-01,"Before School Care,After School Care,Snacks Provided",Y,NO,NO,NO,1474174,Rutledge YMCA of Central Texas,AUSTIN,11501 STAKED PLAINS DR,78717 4464,Rutledge Elementary School,,,0,medium_confidence,1.7,0,1,0,0,0,2,0.5,0.25
ChIJte9h9m31XIYRQlj8zW3SRhQ,9,12,5,1,1,25,0,156,1986-03-20,"After School Care,Transportation to/from School ,Field Trips",N,NO,NO,NO,97569,Alamo Heights Presbyterian Church,SAN ANTONIO,6201 BROADWAY ST,78209 4562,Alamo Heights Presbyterian Church,4.5,32.0,5,high_confidence,39.8,0,0,0,0,0,28,1.12,0.36
ChIJtefskymaQIYRMmkEONQt4Fw,13,12,4,0,0,29,1,191,2004-07-30,"School Age Care,Before School Care,Meals Provided ,After School Care,Snacks Provided,Drop-In Care,Skill Classes,Part Time Care,Transportation to/from School ,Field Trips",Y,NO,NO,NO,240767,Grace Kids Academy,HOUSTON,14505 GULF FWY,77034 5360,Grace Kids Academy,4.3,37.0,5,high_confidence,21.4,0,1,0,0,0,29,1.0,0.448
ChIJteg3zPzXQIYRSeJDkaj2lwY,3,3,1,0,0,7,0,33,2020-08-20,"School Age Care,Before School Care,Meals Provided ,After School Care,Snacks Provided,Part Time Care,Transportation to/from School ,Field Trips",Y,NO,NO,NO,1342387,"Angel Watch Academy, LLC",HOUSTON,17335 FM 529 RD STE D,77095 1170,Angel Watch Academy,4.9,36.0,5,high_confidence,5.4,0,1,0,0,0,7,1.0,0.429
ChIJtfdKrgxEXIYRk1bPa5JVxQ4,1,0,0,0,0,11,0,223,2013-10-23,"School Age Care,Before School Care,Meals Provided ,After School Care,Drop-In Care,Part Time Care,Transportation to/from School ,Field Trips",N,NO,NO,NO,1111152,Children's Lighthouse Potranco,SAN ANTONIO,425 GROSENBACHER RD,78245 3493,Children's Lighthouse of San Antonio - Potranco,4.8,178.0,5,medium_confidence,12.2,0,0,0,0,0,1,0.091,0.091
ChIJtfu89EViXIYRMnDIcIR00Rc,3,6,2,0,0,14,0,239,2009-03-11,"School Age Care,Before School Care,Meals Provided ,After School Care,Snacks Provided,Drop-In Care,Part Time Care,Transportation to/from School ,Field Trips",Y,NO,NO,NO,322869,Luv-N-Care Child Development Center,SAN ANTONIO,21130 GATHERING OAK,78260 3196,Luv-n-Care Child Development Centers,4.1,39.0,5,high_confidence,16.8,0,1,0,0,0,11,0.786,0.214
ChIJtwIITkRdXIYRUSZ4FjcY6gc,1,5,1,0,0,14,0,94,2024-07-03,"School Age Care,Meals Provided ,After School Care,Snacks Provided,Skill Classes,Transportation to/from School",Y,NO,NO,NO,1447253,NextGen Learning Center,SAN ANTONIO,6401 BANDERA RD,78238 1512,NextGen Learning Center,4.3,11.0,5,high_confidence,1.5,0,1,0,0,0,7,0.5,0.071
ChIJtwozYblLW4YRRr8QUodR_To,2,1,2,0,0,10,0,34,2002-05-24,Part Time Care,Y,NO,NO,NO,199688,Patton Child Development Center,AUSTIN,6001 WESTCREEK DR,78749 1351,Patton Elementary School,,,0,medium_confidence,23.6,0,1,0,0,0,5,0.5,0.2
ChIJtyWdodtdXIYRNkpygNUfd9g,4,9,3,0,0,20,0,49,2017-01-06,"Meals Provided ,Snacks Provided",Y,NO,NO,NO,1248193,"Carousel Childcare Center, LLC",SAN ANTONIO,143 POSTWOOD DR,78228 1719,"Carousel Childcare Center, LLC",4.7,50.0,5,high_confidence,9.0,0,1,0,0,0,16,0.8,0.2
ChIJtzH35R20RIYRm9EVDTD7CH0,0,4,3,1,0,6,0,80,2024-10-07,"Before School Care,After School Care,Snacks Provided",Y,NO,NO,NO,1472584,Campus Adventures @ Montopolis,AUSTIN,1701 VARGAS RD,78741 3649,IDEA Montopolis,3.7,28.0,5,medium_confidence,1.2,0,1,0,0,0,8,1.333,0.0
ChIJu-7GcY03W4YRLcyat-jjcdg,0,0,0,1,0,8,1,148,2008-02-05,"Accredited,Snacks Provided,Part Time Care",N,NO,NO,NO,324828,Lake Hills Montessori Bee Cave,AUSTIN,3930 FM 620 S,78738 6301,Lake Hills Montessori Bee Cave,,,0,high_confidence,17.9,1,0,0,0,0,1,0.125,0.0
ChIJu-ILLwFnXIYRtbSqN98rxMc,0,2,3,0,0,5,0,100,1986-03-07,"Snacks Provided,Part Time Care",N,NO,NO,NO,97388,University Baptist Wee School,SAN ANTONIO,6465 BABCOCK RD,78249 2955,University Baptist Church,4.6,14.0,5,medium_confidence,39.8,0,0,0,0,0,5,1.0,0.0
ChIJu-mzmty1RIYROEoFe96D3lw,10,7,11,1,0,26,0,284,2020-02-20,"Meals Provided ,Snacks Provided,Part Time Care,Field Trips",Y,NO,NO,NO,1338017,Primrose School of Austin at Mueller,AUSTIN,2200 ALDRICH ST STE 130,78723 3477,Primrose School of Austin at Mueller,4.4,61.0,5,high_confidence,5.9,0,1,0,0,0,29,1.115,0.385
ChIJu1DEtdqhToYRtORtF2Zrrb4,1,5,4,0,0,12,0,214,2020-12-14,"School Age Care,Snacks Provided,Part Time Care",N,NO,NO,NO,1366533,"Kiddie Kraft  Preschool,LLC",DALLAS,9949 MCCREE RD,75238 3446,Kiddie Krafts Preschool,4.5,16.0,5,high_confidence,5.0,0,0,0,0,0,10,0.833,0.083
ChIJu1GW0UXGQIYRQrNRNThIvPU,0,0,0,0,0,5,0,65,1997-01-27,"Skill Classes,Part Time Care,Field Trips",N,NO,NO,NO,148055,Johnson Memorial School,HOUSTON,2003 W 43RD ST,77018 3009,Johnson Memorial School,,,0,high_confidence,28.9,0,0,0,0,0,0,0.0,0.0
ChIJu204-3XYTYYRg2wSkCc-NMA,6,6,2,0,1,22,0,103,2001-02-14,"School Age Care,Before School Care,Meals Provided ,After School Care,Snacks Provided,Transportation to/from School ,Field Trips",Y,NO,NO,NO,167601,Little Tyke North Beach,FORT WORTH,7001 N BEACH ST,76137 1810,Little Tyke Learning Centers,4.0,26.0,5,medium_confidence,24.9,0,1,0,0,0,15,0.682,0.273
ChIJu8lmBXnqQIYRvhAlz1HC8Hk,2,3,0,0,1,10,0,153,1988-06-27,"School Age Care,Meals Provided ,Snacks Provided,Drop-In Care",N,NO,NO,NO,104771,Grace Episcopal School,HOUSTON,4040 W BELLFORT ST,77025 5307,Grace Episcopal Church,4.9,28.0,5,medium_confidence,37.5,0,0,0,0,0,6,0.6,0.2
ChIJu8u10J-1RIYR_kGjy13PNEs,7,1,0,1,0,28,1,241,2015-12-09,"Accredited,Snacks Provided,Skill Classes",Y,NO,NO,NO,1204238,University of Texas Child Dev Center,AUSTIN,1601 CONGRESS AVE,78701,UT Child Development Center,4.0,7.0,5,medium_confidence,10.1,1,1,0,0,0,9,0.321,0.25
ChIJu9eMYa9dXIYRYhUEB7qHejA,2,2,1,0,0,12,0,119,1995-11-17,"School Age Care,Before School Care,Meals Provided ,After School Care,Snacks Provided,Drop-In Care,Transportation to/from School ,Field Trips",Y,NO,NO,NO,141325,Educare Child Care  No 3,SAN ANTONIO,6307 THUNDER DR,78238 2925,Educare Child Care Inc,3.6,17.0,5,high_confidence,30.1,0,1,0,0,0,5,0.417,0.167
ChIJuRWr1wzNRIYR1dcWnW1kaB0,0,1,0,0,0,6,0,307,2025-10-07,"School Age Care,Before School Care,Meals Provided ,After School Care,Snacks Provided,Drop-In Care,Part Time Care,Transportation to/from School ,Field Trips",N,NO,NO,NO,1515009,Stepping Stone School XII,AUSTIN,7700 W PARMER LN,78729 8101,Stepping Stone School - Parmer,4.5,52.0,5,medium_confidence,0.2,0,0,0,0,0,1,0.167,0.0
ChIJuRg_5uzRQIYRw3vqeh-qLe0,10,22,13,1,0,11,2,130,2012-01-27,"School Age Care,Before School Care,Meals Provided ,After School Care,Snacks Provided,Drop-In Care,Part Time Care,Transportation to/from School ,Weekend Care,Field Trips",Y,NO,NO,NO,933969,Stair Steps 2 Learning,HOUSTON,13303 WINDFERN RD,77064 3138,Stair Steps 2 Learning,4.4,7.0,5,high_confidence,13.9,0,1,0,0,0,46,4.182,0.909
ChIJuS2EgPENToYRiN34H-yQjSo,1,8,5,1,0,11,2,119,2023-12-11,"School Age Care,Before School Care,Meals Provided ,After School Care,Snacks Provided,Part Time Care,Transportation to/from School ,Field Trips",Y,NO,NO,NO,1451236,Amazon Jungle Learning Academy,FORT WORTH,1818 ROBERTS CUT OFF RD,76114 1812,Amazon Jungle Learning Academy,3.5,11.0,5,high_confidence,2.1,0,1,0,0,0,15,1.364,0.091
ChIJuTYDW1LAQIYRi9XV72nQJTE,2,5,4,0,0,6,1,225,1987-07-07,"Accredited,Snacks Provided,Skill Classes,Part Time Care",N,NO,NO,NO,95548,West University United Methodist School,HOUSTON,3611 UNIVERSITY BLVD,77005 3359,West U Methodist School,3.7,3.0,3,medium_confidence,38.5,1,0,0,0,0,11,1.833,0.333
ChIJuThvV5zAQIYRCXaXVZrgttI,2,1,1,0,0,11,0,162,2008-03-28,"Accredited,Meals Provided ,Snacks Provided",N,NO,NO,NO,328214,Kipling Street Academy,HOUSTON,1425 KIPLING ST,77006 4123,Kipling Street Academy,3.7,18.0,5,high_confidence,17.8,1,0,0,0,0,4,0.364,0.182
ChIJuVVLjK60RIYREEl6XNfjpb4,6,6,11,1,0,18,0,105,1985-11-27,"School Age Care,Before School Care,Meals Provided ,After School Care,Snacks Provided,Part Time Care,Transportation to/from School ,Field Trips",Y,NO,NO,NO,95487,KinderCare Learning Center,AUSTIN,610 EMERALD WOOD DR,78745 2127,Emerald Wood KinderCare,4.0,27.0,5,medium_confidence,40.1,0,1,0,0,0,24,1.333,0.333
ChIJuWIglk7KQIYRSk_rMmQV1D4,0,1,1,0,0,11,0,122,2021-04-01,"School Age Care,Meals Provided ,Snacks Provided",N,NO,NO,NO,1338420,AVANCE-Eickenroht Head Start,HOUSTON,15252 GRAND POINT RD,77090 6329,Ralph Eickenroht Elementary,,,0,medium_confidence,4.8,0,0,0,0,0,2,0.182,0.0
ChIJuXnCZp05W4YRThSJhSZXekk,2,0,0,0,0,8,0,221,2026-01-29,"School Age Care,Accredited,Snacks Provided,Part Time Care",N,NO,NO,NO,1509663,Guidepost Montessori at Bee Cave,AUSTIN,14058 BEE CAVE PKWY BLDG C,78738 7072,Guidepost Montessori at Bee Cave,4.8,33.0,5,high_confidence,0.0,1,0,0,0,0,2,0.25,0.25
ChIJuXvsMrkfTIYRrCXqCKnYqvc,9,2,1,0,0,15,0,275,1998-08-06,"Part Time Care,Transportation to/from School",Y,NO,NO,NO,156879,"Kreative Kids Academy, LLC",DALLAS,9664 WALNUT ST,75243 2325,Kreative Kids Academy,4.0,40.0,5,high_confidence,27.4,0,1,0,0,0,12,0.8,0.6
ChIJuY1TGgCRToYRaW4viXkwVI8,6,31,15,4,0,20,3,40,2021-09-29,"School Age Care,Before School Care,Meals Provided ,After School Care,Snacks Provided,Part Time Care",Y,NO,NO,NO,1372585,Kings & Queens To Be Learning Center,DALLAS,2421 MATLAND DR,75237 2715,Kings and Queens to be learning center,,,0,high_confidence,4.3,0,1,0,0,0,56,2.8,0.3
ChIJuY_BLWvJRIYRJEFONHQqlaI,3,7,6,0,1,14,0,154,2019-01-16,"School Age Care,Part Time Care",Y,NO,NO,NO,1309375,Holy Word Early Learning Center,AUSTIN,10601 BLUFF BEND DR,78753 3915,Holy Word Early Learning Center,5.0,26.0,5,high_confidence,7.0,0,1,0,0,0,17,1.214,0.214
ChIJu_4ExlrLQIYRnn1XU1Cu3KM,7,11,4,1,0,12,2,62,2019-04-02,"School Age Care,Meals Provided ,After School Care,Snacks Provided,Part Time Care,Transportation to/from School ,Field Trips",Y,NO,NO,NO,1314951,Mother Theresa's Child Dev Center,HOUSTON,802 RANKIN RD STE B3,77073 4602,MOTHER THERESA DAY CARE,4.5,23.0,5,medium_confidence,6.8,0,1,0,0,0,23,1.917,0.583
ChIJu_TzbZfHQIYRPqV5lbC6UCs,1,3,6,1,0,5,2,230,1997-06-20,"Accredited,Meals Provided ,Snacks Provided,Field Trips",N,NO,NO,NO,98155,Our Saviour Lutheran School,HOUSTON,5000 W TIDWELL RD,77091 4633,Our Savior Lutheran School,,,0,high_confidence,28.5,1,0,0,0,0,11,2.2,0.2
ChIJuaJy-X-fToYRR9N2XFz57Lc,0,1,0,0,0,6,0,100,1987-01-14,,N,NO,NO,NO,97099,Ridgewood Park Weekday Programs,DALLAS,6445 E LOVERS LN,75214 2217,Ridgewood Park Pre-School,4.5,8.0,5,medium_confidence,39.0,0,0,0,0,0,1,0.167,0.0
ChIJubWonLtCXIYRxxp21BL4tv0,2,8,3,0,0,16,0,158,2014-07-31,"School Age Care,Meals Provided ,After School Care,Snacks Provided,Drop-In Care,Part Time Care,Transportation to/from School",Y,NO,NO,NO,1132957,"Lil' Peas & Sprouts Learning Center, LLC",SAN ANTONIO,5990 VILLAGE PARK,78250 4000,Lil' Peas & Sprouts Learning Center,3.6,37.0,5,high_confidence,11.4,0,1,0,0,0,13,0.812,0.125
ChIJudo6nVWjQIYRw2JMmCIuIAY,4,2,1,0,0,8,0,106,2025-06-13,"Meals Provided ,Snacks Provided",N,NO,NO,NO,1495685,Coolwood Early Head Start and Head Start,HOUSTON,767 COOLWOOD DR,77013 5628,Coolwood Head Start Center,4.2,6.0,5,medium_confidence,0.6,0,0,0,0,0,7,0.875,0.5
ChIJuedJE3SXToYRKq35l3yzioc,16,12,12,0,0,19,1,40,1988-01-31,"School Age Care,Before School Care,Meals Provided ,After School Care,Snacks Provided,Drop-In Care,Part Time Care",Y,NO,NO,NO,113323,Community Academy Day Care Center,DALLAS,1755 E ANN ARBOR AVE,75216 6336,Community Academy Day Care Center,4.0,4.0,4,high_confidence,37.9,0,1,0,0,0,40,2.105,0.842
ChIJufKca40zW4YRQfiKDF_qVkE,2,0,0,0,0,6,0,275,2016-08-25,"Before School Care,Meals Provided ,After School Care,Snacks Provided,Skill Classes",N,NO,NO,NO,1238496,School in the Hills-River Place LLC,AUSTIN,10819 RR 2222,78730 1102,School In The Hills River Place,,,0,medium_confidence,9.4,0,0,0,0,0,2,0.333,0.333
ChIJuwI9S7zLRIYR-Cwby65K5AA,0,0,0,0,0,4,0,51,2025-10-07,"Before School Care,Meals Provided ,Snacks Provided,Drop-In Care,Part Time Care,Transportation to/from School ,Field Trips",N,NO,NO,NO,1515595,Stepping Stone School II,AUSTIN,8419 BOWLING GREEN DR,78757 7015,Stepping Stone School - Northcross/Domain,4.4,29.0,5,medium_confidence,0.2,0,0,0,0,0,0,0.0,0.0
ChIJuwk91apgXIYRrkq3-8WPUQ0,1,1,1,0,0,25,0,301,1991-01-25,"Meals Provided ,After School Care,Snacks Provided,Drop-In Care,Part Time Care,Transportation to/from School ,Field Trips",Y,NO,NO,NO,110570,"Country Home Learning Center #6, LTD.",SAN ANTONIO,8155 FREDERICKSBURG RD,78229 3311,Country Home Learning Center at Medical Center,4.1,112.0,5,medium_confidence,34.9,0,1,0,0,0,3,0.12,0.04
ChIJuxhbIqtzToYR_b2bKi5gMs8,2,6,2,1,0,14,0,116,2015-02-27,"Accredited,Meals Provided ,Snacks Provided",N,NO,NO,NO,1155308,Lena Pope Early Learning Center,FORT WORTH,3200 SANGUINET ST,76107,Lena Pope Early Learning Center,4.3,26.0,5,high_confidence,10.8,1,0,0,0,0,11,0.786,0.143
ChIJuykxgyWgToYRjJMrQkrAQVU,11,24,6,0,0,22,0,175,2019-01-07,"School Age Care,Before School Care,Accredited,Meals Provided ,After School Care,Snacks Provided,Skill Classes,Transportation to/from School ,Weekend Care,Field Trips",Y,NO,NO,NO,1321238,Jeanette's Little Haven Enrichment Center,DALLAS,6868 WALLING LN,75231 7204,"Jeanette's Little Haven, Inc.",2.9,10.0,5,medium_confidence,7.0,1,1,0,0,0,41,1.864,0.5
ChIJuzw_r7yfToYRC1-PEO8W73k,1,2,8,1,0,7,0,199,2018-06-01,"Snacks Provided,Part Time Care",N,NO,NO,NO,1303687,Claire's Christian Day School,DALLAS,5608 NORTHAVEN RD,75230 2976,Claire's Day School,4.7,31.0,5,medium_confidence,7.6,0,0,0,0,0,12,1.714,0.143
ChIJv-yNLR2KXIYRtmgU6ivvHmQ,1,7,6,1,1,7,0,34,1985-11-12,"Meals Provided ,After School Care,Part Time Care",N,NO,NO,NO,95394,St. Thomas Episcopal School,SAN ANTONIO,1416 N LOOP 1604 E,78232 1427,St. Thomas Episcopal Church and School,4.5,40.0,5,high_confidence,40.1,0,0,0,0,0,16,2.286,0.143
ChIJv03wa_XBQIYRxd4i7oLblOI,4,13,2,1,0,9,1,195,1998-01-09,"School Age Care,After School Care,Skill Classes,Part Time Care,Field Trips",N,NO,NO,NO,152118,Childrens Village KidConnect,HOUSTON,6218 AUDEN ST,77005 2816,A Children's Village | West University,5.0,9.0,5,medium_confidence,28.0,0,0,0,0,0,20,2.222,0.444
ChIJv1VYeK-ZToYRer0dpQ0A-20,9,10,4,0,0,23,0,141,2022-04-25,"Meals Provided ,Snacks Provided,Part Time Care",N,NO,NO,NO,1386237,Merit Children's Academy LLC,DALLAS,2700 FAIRMOUNT ST,75201 1913,Merit Children's Academy,4.2,59.0,5,high_confidence,3.7,0,0,0,0,0,23,1.0,0.391
ChIJv27PcmKgToYR9lWl1j9QPMc,0,2,2,0,0,6,0,100,2013-06-07,"After School Care,Snacks Provided",Y,NO,NO,NO,1091117,Richardson ISD Wallace Elementary,DALLAS,9921 KIRKHAVEN DR,75238 2220,Wallace Elementary School,,,0,medium_confidence,12.6,0,1,0,0,0,4,0.667,0.0
ChIJv4RwrPagToYRhPjOMy7Y9Bw,2,1,2,0,1,7,0,134,1986-03-05,Field Trips,N,NO,NO,NO,95454,Christian Childhood Development Center,DALLAS,9015 PLANO RD,75238 3655,Christian Childhood Developmnt,5.0,2.0,2,high_confidence,39.8,0,0,0,0,0,6,0.857,0.286
ChIJv8GkOGKYToYRPXCnt8WTEbQ,10,15,19,1,0,21,1,100,2013-05-21,"School Age Care,Meals Provided ,After School Care,Snacks Provided,Skill Classes,Transportation to/from School",Y,NO,NO,NO,983949,Park South YMCA,DALLAS,2500 ROMINE AVE,75215 3755,Park South Family YMCA,4.6,108.0,5,high_confidence,12.6,0,1,0,0,0,45,2.143,0.476
ChIJv8rQ9wnKRIYRDVVuLnKLX-s,1,2,0,0,0,13,0,120,1986-05-23,"Accredited,Part Time Care",N,NO,NO,NO,95639,St. Georges Episcopal School,AUSTIN,4301 N IH 35,78722 1103,St. George's Episcopal School,5.0,4.0,4,high_confidence,39.6,1,0,0,0,0,3,0.231,0.077
ChIJv9c6n5JeXIYRlpPv3U_T_Mc,0,0,0,0,0,4,0,70,2026-02-13,"School Age Care,After School Care,Snacks Provided",N,NO,NO,NO,1510968,Y School Age @ James Madison Elementary,SAN ANTONIO,2900 W WOODLAWN AVE,78228 5014,James Madison Elementary School,,,0,high_confidence,0.0,0,0,0,0,0,0,0.0,0.0
ChIJvQDNTDl2ToYRhIUwXv6stDU,0,9,8,0,0,12,0,60,2009-02-24,"School Age Care,After School Care,Snacks Provided,Part Time Care",Y,NO,NO,NO,364570,Northbrook Elementary - Northwest YMCA,FORT WORTH,2500 CANTRELL SANSOM RD,76131 1912,Northbrook Elementary School,,,0,medium_confidence,16.9,0,1,0,0,0,17,1.417,0.0
ChIJvRtdzWSbToYRRUTl6tX6QUs,1,1,4,0,0,8,0,170,2011-11-30,"School Age Care,Meals Provided ,After School Care,Snacks Provided,Skill Classes,Transportation to/from School ,Field Trips",Y,NO,NO,NO,764588,Voice of Hope Ministries,DALLAS,4120 GENTRY DR,75212 1219,Voice of Hope Ministries Inc,4.6,58.0,5,high_confidence,14.1,0,1,0,0,0,6,0.75,0.125
ChIJvShPVnpmXIYR6jgw-t9iasA,0,0,0,0,0,3,0,68,2024-11-20,"School Age Care,After School Care,Skill Classes,Part Time Care,Transportation to/from School ,Field Trips",N,NO,NO,NO,1489981,National School Of Martial Arts,SAN ANTONIO,15700 CHASE HILL BLVD,78256 1011,National School of Martial Arts,4.9,145.0,5,high_confidence,1.1,0,0,0,0,0,0,0.0,0.0
ChIJvT2rbBPBQIYRpNeA8yIsbPs,4,6,5,0,0,9,0,47,2022-06-23,"School Age Care,Meals Provided ,After School Care,Snacks Provided,Drop-In Care,Part Time Care,Weekend Care",N,NO,NO,NO,1394426,Kids Garden,HOUSTON,6729 STELLA LINK RD,77005 4342,Kids Garden Houston,4.7,19.0,5,medium_confidence,3.5,0,0,0,0,0,15,1.667,0.444
ChIJvTCnDUWfToYRIsUJn1VmUug,4,3,0,0,0,12,0,250,2019-02-21,"Accredited,Meals Provided ,Snacks Provided,Skill Classes,Part Time Care",N,NO,NO,NO,1312666,Primrose School of Park Cities,DALLAS,4011 INWOOD RD,75209 5711,Primrose School of Park Cities,4.8,30.0,5,high_confidence,6.9,1,0,0,0,0,7,0.583,0.333
ChIJvTINWh_pQIYRsCwAvRdSBAg,31,35,15,2,1,40,2,81,2021-07-29,"Before School Care,Meals Provided ,After School Care,Transportation to/from School ,Field Trips",Y,NO,NO,NO,1368959,Children's Center of Excellence and Daycare,HOUSTON,12609 S GESSNER RD,77071 2803,Children's Center of Excellence & Daycare,5.0,11.0,5,high_confidence,4.4,0,1,0,0,0,84,2.1,0.775
ChIJvTP91FuaToYRgNs6RYwkJGc,1,3,0,0,0,8,0,145,2024-01-12,"School Age Care,Before School Care,After School Care,Drop-In Care,Skill Classes,Part Time Care",N,NO,NO,NO,1451860,Casa de Paz Montessori,DALLAS,2719 S HAMPTON RD,75224 2327,Casa de Paz Montessori,,,0,high_confidence,2.0,0,0,0,0,0,4,0.5,0.125
ChIJvTaoGKptToYROA19FbqyPn0,0,21,15,1,2,30,2,100,1987-02-11,"Before School Care,Accredited,Meals Provided ,After School Care,Snacks Provided,Drop-In Care,Part Time Care,Transportation to/from School",Y,NO,NO,NO,96189,Skyrise School of South Hulen,FORT WORTH,7224 KINGSWOOD DR,76133 6612,Skyrise School of South Hulen,4.6,34.0,5,high_confidence,38.9,1,1,0,0,0,39,1.3,0.0
ChIJvV0MYQD3XIYRANd8mKeCSgU,8,4,1,0,0,8,0,56,2025-03-06,"Meals Provided ,After School Care,Snacks Provided,Part Time Care",Y,NO,NO,NO,1484341,Smart Ducklings Daycare #2,SAN ANTONIO,4025 E SOUTHCROSS BLVD BLDG 3,78222 3670,Smart Ducklings Daycare #2,5.0,15.0,5,high_confidence,0.8,0,1,0,0,0,13,1.625,1.0
ChIJvVOiVNtLW4YRHI176ZYma08,19,37,12,0,1,34,3,357,2003-01-31,"School Age Care,Meals Provided ,After School Care,Snacks Provided,Drop-In Care,Skill Classes,Part Time Care,Transportation to/from School ,Field Trips",N,NO,NO,NO,210266,Childrens Courtyard,AUSTIN,5914 W WILLIAM CANNON DR,78749 1972,The Children's Courtyard on W. William Cannon Drive,4.0,60.0,5,medium_confidence,22.9,0,0,0,0,0,69,2.029,0.559
ChIJvWeGsfW5QIYRCXuAALmmjBA,1,1,1,0,0,8,2,42,2024-10-25,"School Age Care,Before School Care,Accredited,Meals Provided ,After School Care,Snacks Provided,Drop-In Care,Part Time Care,Transportation to/from School ,Weekend Care,Field Trips,Night Care",Y,NO,NO,NO,1470332,Lil Ones Daycare Emporium,HOUSTON,5802 TIDWELL RD,77016 4744,Lil One's Daycare Emporium LLC,4.1,19.0,5,high_confidence,1.2,1,1,0,0,0,3,0.375,0.125
ChIJvXnzS7LEQIYRvRutUAaRXfg,5,10,1,0,2,10,1,100,2013-10-30,"School Age Care,Snacks Provided,Drop-In Care,Skill Classes,Transportation to/from School ,Field Trips",N,NO,NO,NO,1105196,Life Time Fitness Camps,HOUSTON,815 TOWN AND COUNTRY LN,77024 2238,Life Time,3.9,679.0,5,medium_confidence,12.2,0,0,0,0,0,18,1.8,0.5
ChIJvXuYhR2_QIYRdC2Hwp_mfj4,4,3,1,0,0,7,0,34,2021-02-12,"School Age Care,Before School Care,Meals Provided ,After School Care,Snacks Provided,Drop-In Care,Part Time Care,Transportation to/from School",Y,NO,NO,NO,1358299,Square One Early Education Academy LLC,HOUSTON,5119 MARTIN LUTHER KING BLVD,77021 3003,Square One Early Education Academy LLC,4.6,11.0,5,high_confidence,4.9,0,1,0,0,0,8,1.143,0.571
ChIJvZ3LrKK_QIYR0dkHSmhDXLs,4,10,6,1,0,11,1,308,2006-06-21,"Meals Provided ,Snacks Provided,Field Trips",Y,NO,NO,NO,287508,Barbara Jordan International Pre School,HOUSTON,3015 N MACGREGOR WAY,77004 7628,Barbara Jordan International Preschool,4.4,9.0,5,high_confidence,19.5,0,1,0,0,0,21,1.909,0.364
ChIJvZmQKhIkTIYRyG3KJRZjVro,3,4,3,0,0,13,0,275,2000-01-21,"School Age Care,Meals Provided ,After School Care,Snacks Provided,Drop-In Care,Transportation to/from School ,Field Trips",Y,NO,NO,NO,162006,Bent Tree Day School,DALLAS,18273 VAIL ST,75287 4926,Bent Tree Day School,4.0,58.0,5,high_confidence,25.9,0,1,0,0,0,10,0.769,0.231
ChIJvaAee4DPQIYRFdhneSL2jYY,6,11,1,0,1,20,0,102,2021-12-07,"School Age Care,Meals Provided ,After School Care,Snacks Provided,Drop-In Care,Transportation to/from School ,Weekend Care,Night Care",Y,NO,NO,NO,1367834,WillowWood Learning Academy,HOUSTON,14207 STATE HIGHWAY 249 STE A1,77086 2742,Willow Wood Learning Academy,4.7,12.0,5,high_confidence,4.1,0,1,0,0,0,19,0.95,0.3
ChIJvcgLtfDLQIYRjML3UytEM8s,7,10,4,1,1,9,0,42,2024-09-25,"School Age Care,Meals Provided ,After School Care,Snacks Provided,Drop-In Care,Skill Classes,Part Time Care",Y,NO,NO,NO,1471122,Little Disciples of Jesus Learning Center,HOUSTON,2320 CYPRESS CREEK PKWY,77068 3700,Little Disciples of Jesus Learning Center (LDJ),5.0,3.0,3,high_confidence,1.3,0,1,0,0,0,23,2.556,0.778
ChIJvfsDG3W_QIYRREthQEs2NvU,0,0,0,0,0,4,0,120,2025-12-03,"School Age Care,Before School Care,Meals Provided ,After School Care,Transportation to/from School ,Field Trips",N,NO,NO,NO,1506176,Ready Learners Academy,HOUSTON,6629 LIVERPOOL ST,77021 4320,Ready Learners Academy at Yellowstone Park,5.0,1.0,1,medium_confidence,0.1,0,0,0,0,0,0,0.0,0.0
ChIJvxW34YrJQIYRS1JLeLMRNOk,0,2,1,0,0,8,0,54,2013-01-24,"Meals Provided ,After School Care,Snacks Provided,Drop-In Care,Part Time Care,Transportation to/from School ,Field Trips",N,NO,NO,NO,1090058,Buckner Family Hope Center at Northside,HOUSTON,8600 SWEETWATER LN,77037 2729,Buckner Children and Family Services of Houston,3.4,5.0,5,medium_confidence,12.9,0,0,0,0,0,3,0.375,0.0
ChIJvxlNBTmJXIYRS3vgwfufsPA,8,6,4,0,0,17,1,160,2024-07-03,"School Age Care,Before School Care,Meals Provided ,After School Care,Snacks Provided,Part Time Care",Y,NO,NO,NO,1464590,The Learning Experience,SAN ANTONIO,21578 BULVERDE RD,78259 2141,The Learning Experience - Bulverde,4.9,78.0,5,high_confidence,1.5,0,1,0,0,0,18,1.059,0.471
ChIJvyNgQulDXIYRyeQsEx88ewc,1,0,1,0,0,9,0,150,2002-06-20,"School Age Care,Meals Provided ,After School Care,Snacks Provided,Drop-In Care",N,NO,NO,NO,196909,JPMorgan Chase Back-Up Child Care Center,SAN ANTONIO,3700 WISEMAN BLVD,78251 4322,JPMorgan Chase - San Antonio + Back-Up Care,5.0,6.0,5,medium_confidence,23.5,0,0,0,0,0,2,0.222,0.111
ChIJw0jxbyHRQIYRFQYJUQjAhXA,1,2,2,0,0,6,0,57,2025-07-25,"School Age Care,Before School Care,Meals Provided ,After School Care,Snacks Provided,Drop-In Care,Part Time Care,Transportation to/from School ,Field Trips",N,NO,NO,NO,1492993,Awesome Kids Academy,HOUSTON,8642 HIGHWAY 6 N,77095 2101,Awesome Kids Academy,5.0,3.0,3,high_confidence,0.4,0,0,0,0,0,5,0.833,0.167
ChIJw0rFKH-_QIYRvV-TgvreE_w,3,0,0,0,0,8,0,77,2000-02-11,"Meals Provided ,Snacks Provided,Part Time Care",N,NO,NO,NO,162932,Montessori Country Day,HOUSTON,5117 LA BRANCH ST,77004 5837,Montessori Country Day School,4.5,6.0,5,high_confidence,25.9,0,0,0,0,0,3,0.375,0.375
ChIJw2woAOxMW4YRcsHE02UbByE,1,6,4,0,0,10,0,96,2020-07-09,"School Age Care,Meals Provided ,After School Care,Snacks Provided,Drop-In Care,Skill Classes,Part Time Care,Transportation to/from School",Y,NO,NO,NO,1353528,Happy Hearts Bilingual Learning Center,AUSTIN,1112 W SLAUGHTER LN,78748 6431,Happy Hearts Bilingual Learning Center,4.3,27.0,5,high_confidence,5.5,0,1,0,0,0,11,1.1,0.1
ChIJw3gCS2vcQIYRkmxUWPVrYIc,2,2,1,0,0,9,0,198,2007-07-18,"Accredited,After School Care,Part Time Care,Transportation to/from School ,Field Trips",N,NO,NO,NO,314172,Primrose School of Eldridge Parkway,HOUSTON,2150 ELDRIDGE PKWY,77077 1757,Primrose School of Eldridge Parkway,4.5,102.0,5,high_confidence,18.5,1,0,0,0,0,5,0.556,0.222
ChIJw4zdq0SeToYRQrvRPeK_drE,0,2,3,1,0,10,0,368,1986-06-25,"Snacks Provided,Part Time Care,Field Trips",N,NO,NO,NO,112163,Saint Michael Episcopal School,DALLAS,8011 DOUGLAS AVE,75225 6502,Saint Michael Episcopal School,5.0,1.0,1,high_confidence,39.5,0,0,0,0,0,6,0.6,0.0
ChIJw5Df1Z-ZToYR0wm4L0C9s2U,0,3,0,0,0,8,0,49,2004-02-25,"School Age Care,Before School Care,Meals Provided ,After School Care,Snacks Provided,Drop-In Care,Part Time Care,Transportation to/from School ,Field Trips",Y,NO,NO,NO,233555,A Time & A Season Christian Dayschool,DALLAS,835 N MARSALIS AVE,75203 1405,A Time & A Season Christian Dayschool,4.7,15.0,5,high_confidence,21.9,0,1,0,0,0,3,0.375,0.0
ChIJw85aKyW5QIYRC6Bg3H4pqL0,9,5,1,0,0,16,0,189,2006-12-20,"Accredited,Meals Provided ,After School Care,Snacks Provided,Transportation to/from School ,Field Trips",N,NO,NO,NO,302500,Small Steps Nurturing Center-5th Ward,HOUSTON,2902 JENSEN DR,77026 6020,Small Steps Nurturing Center,4.9,58.0,5,high_confidence,19.0,1,0,0,0,0,15,0.938,0.562
ChIJw9UI-gnFQIYRigrQi27rZgM,7,7,10,1,0,14,2,42,2025-02-20,"Meals Provided ,Snacks Provided,Transportation to/from School",Y,NO,NO,NO,1471077,Global Kiddos Academy,HOUSTON,5030 GESSNER RD STE 106,77041 7810,Global Kiddos Academy,4.0,33.0,5,high_confidence,0.9,0,1,0,0,0,25,1.786,0.5
ChIJw9ZsbmqZQIYR-PFgovjm1Os,2,9,12,3,1,3,2,54,2025-12-08,"School Age Care,Field Trips",N,NO,NO,NO,1512654,Zahiya Academy,HOUSTON,8830 GALVESTON RD,77034 3921,Zahiya Academy,,,0,high_confidence,0.1,0,0,0,0,0,27,9.0,0.667
ChIJwQBsMg_NRIYRRCOtLznDHRA,14,29,11,3,1,37,1,170,2006-10-06,"School Age Care,Meals Provided ,After School Care,Snacks Provided,Part Time Care,Transportation to/from School ,Field Trips",N,NO,NO,NO,305083,TTLC DBA The Children's Courtyard,AUSTIN,6801 DALLAS DR,78729 7865,The Children's Courtyard on Dallas Drive,3.9,31.0,5,medium_confidence,19.2,0,0,0,0,0,58,1.568,0.378
ChIJwQcXWZK1RIYRmiOUvv5xP4s,1,0,1,1,1,5,0,54,2001-11-01,"Part Time Care,Field Trips",N,NO,NO,NO,160959,Growing Tree,AUSTIN,2807 AND 2805 ROBINSON AVE,78722,Growing Tree,,,0,high_confidence,24.2,0,0,0,0,0,4,0.8,0.2
ChIJwQwlnle1QIYRcZVKYY4YIP0,14,14,5,0,1,21,2,164,2020-01-31,"Before School Care,After School Care,Snacks Provided,Part Time Care,Transportation to/from School ,Field Trips",Y,NO,NO,NO,1332637,Aim High Preparatory LLC,HOUSTON,2349 FM 1960 RD,77073 2501,Aim High Preparatory,4.9,28.0,5,high_confidence,5.9,0,1,0,0,0,34,1.619,0.667
ChIJwStjvkTMQIYRIU--LgnH1jY,5,6,7,2,2,13,1,132,2012-12-04,"Before School Care,Meals Provided ,After School Care,Snacks Provided,Drop-In Care,Part Time Care,Transportation to/from School ,Field Trips",Y,NO,NO,NO,1086428,Pathway to Learning,HOUSTON,4950 FM 1960 RD W,77069 4515,Pathway To Learning,4.0,26.0,5,high_confidence,13.1,0,1,0,0,0,22,1.692,0.385
ChIJwTiiaQihToYRWdj6WWTlik0,0,2,0,0,0,6,0,125,2019-01-03,After School Care,N,NO,NO,NO,1306832,Studio Bella Explorers at Hexter Elementary,DALLAS,9720 WATERVIEW RD,75218 2137,Victor H. Hexter Elementary School,,,0,medium_confidence,7.0,0,0,0,0,0,2,0.333,0.0
ChIJwV99MXXBQIYRkDvvXRhp3G0,0,0,0,0,0,6,0,35,2017-09-27,"School Age Care,Before School Care,After School Care,Part Time Care",N,NO,NO,NO,1285962,Caroline School,HOUSTON,4888 LOOP CENTRAL DR STE 200,77081 2227,The Caroline School,,,0,high_confidence,8.3,0,0,0,0,0,0,0.0,0.0
ChIJwVi1RqOJXIYR6Iev-bq7RRQ,13,9,2,0,0,32,0,219,2023-04-20,"School Age Care,Before School Care,Meals Provided ,After School Care,Snacks Provided,Drop-In Care,Skill Classes,Part Time Care,Transportation to/from School ,Field Trips",Y,NO,NO,NO,1421313,Little Wishes and Big Dreams Playhouse LTD,SAN ANTONIO,19274 REDLAND RD,78259 3341,Little Wishes Big Dreams Childcare,4.4,44.0,5,medium_confidence,2.7,0,1,0,0,0,24,0.75,0.406
ChIJwVrOd-PHQIYRE2BpXZvzrYo,15,18,16,3,0,15,1,60,2016-12-07,"School Age Care,Before School Care,Meals Provided ,After School Care,Snacks Provided,Drop-In Care,Part Time Care,Transportation to/from School ,Field Trips",Y,NO,NO,NO,1248859,Ages and Stages Child Care Center,HOUSTON,485 W PARKER RD,77091 3202,Ages And Stages Child Care Center,4.8,37.0,5,high_confidence,9.1,0,1,0,0,0,52,3.467,1.0
ChIJwWbv1n7EQIYR6xVi8v6rS2M,3,3,4,1,0,11,0,70,2022-02-25,"School Age Care,After School Care,Snacks Provided,Part Time Care",N,NO,NO,NO,1386109,After 3 After School Program @ MDE,HOUSTON,11202 SMITHDALE RD,77024 6722,Memorial Drive Elementary School,,,0,medium_confidence,3.8,0,0,0,0,0,11,1.0,0.273
ChIJwXHWUm1iXIYRBnhf468huZs,3,1,0,0,0,10,0,105,1987-04-20,"School Age Care,Part Time Care",N,NO,NO,NO,100272,Crown of Life Lutheran School,SAN ANTONIO,19291 STONE OAK PKWY,78258 3254,Crown-Life Lutheran Pre-School,5.0,1.0,1,high_confidence,38.7,0,0,0,0,0,4,0.4,0.3
ChIJwYLjAB7BQIYRsDE5q0Mq-5g,4,12,5,4,0,8,0,27,2024-06-12,"School Age Care,Before School Care,Meals Provided ,After School Care,Drop-In Care,Part Time Care,Transportation to/from School ,Weekend Care,Field Trips",Y,NO,NO,NO,1469555,Aunt Chi Daycare & Learning Center,HOUSTON,15415 WESTHEIMER RD,77082 1403,AUNT CHI DAYCARE & LEARNING CENTER,5.0,2.0,2,high_confidence,1.6,0,1,0,0,0,25,3.125,0.5
ChIJwZXMjGC2QIYRjoP1wpdexMI,0,0,0,0,0,7,0,68,1990-09-14,"School Age Care,Before School Care,After School Care",N,NO,NO,NO,116125,Aldine ISD Transportation Early Childhood Development Center,HOUSTON,1420 ALDINE MEADOWS RD,77032 2916,AISD Child Development Center,4.5,4.0,4,medium_confidence,35.3,0,0,0,0,0,0,0.0,0.0
ChIJway6-E_TQIYR7Nl7ZHIgsrg,7,9,6,1,2,11,2,82,2025-03-18,"School Age Care,Before School Care,After School Care,Snacks Provided,Drop-In Care,Part Time Care",Y,NO,NO,NO,1481578,Loveworld Christian Childcare Center,HOUSTON,11124 CYPRESS N. HOUSTON,77065,LoveWorld Christian ChildCare,4.8,25.0,5,high_confidence,0.8,0,1,0,0,0,25,2.273,0.636
ChIJwbenVokzW4YR3M67FgzIFJE,0,1,3,0,0,4,0,150,2024-05-28,"After School Care,Snacks Provided",Y,NO,NO,NO,1476080,River Place YMCA of Central Texas,AUSTIN,6500 SITIO DEL RIO BLVD,78730 1150,River Place Elementary School,,,0,medium_confidence,1.6,0,1,0,0,0,4,1.0,0.0
ChIJwcMy5JpdXIYRtXgEXBu-pWE,0,2,0,1,0,11,1,105,2016-06-03,"School Age Care,Meals Provided ,After School Care,Snacks Provided,Drop-In Care,Part Time Care,Transportation to/from School",Y,NO,NO,NO,1217665,Kid Care Learning Center,SAN ANTONIO,6237 EVERS RD,78238 1503,KidCare Learning Center,4.3,29.0,5,high_confidence,9.6,0,1,0,0,0,3,0.273,0.0
ChIJwcWH4j2aQIYR5muK4R12YSM,1,3,2,0,0,6,0,86,2024-01-18,"School Age Care,Before School Care,Accredited,Meals Provided ,After School Care,Snacks Provided,Drop-In Care,Transportation to/from School ,Field Trips",Y,NO,NO,NO,1467295,Kidz Learning Kampus,HOUSTON,13630 BEAMER RD STE 118,77089 6038,Kidz Learning Kampus Child Care,4.2,59.0,5,medium_confidence,2.0,1,1,0,0,0,6,1.0,0.167
ChIJwclpC6heXIYRK2XFIq8GO0k,4,17,10,1,0,22,1,100,2005-12-30,"Meals Provided ,Snacks Provided",Y,NO,NO,NO,273357,St. John Bosco Child Development Center,SAN ANTONIO,5630 W COMMERCE ST,78237 1313,St. John Bosco Elementary School,,,0,medium_confidence,20.0,0,1,0,0,0,32,1.455,0.182
ChIJweeoqsCZToYRkk8Lvyoiwgo,1,4,1,0,0,13,0,365,2021-02-01,"School Age Care,Before School Care,After School Care,Snacks Provided,Drop-In Care,Part Time Care",Y,NO,NO,NO,1356340,KCE Champions LLC @ Uplift Atlas,DALLAS,1474 ANNEX AVE,75204 6803,Champions at Uplift Atlas Preparatory,1.0,1.0,1,medium_confidence,4.9,0,1,0,0,0,6,0.462,0.077
ChIJwf5oI8GfToYRWmE5Jen5xD4,5,0,0,0,0,12,0,102,2025-06-19,"Meals Provided ,Snacks Provided,Part Time Care",N,NO,NO,NO,1492009,Merit Children's Academy,DALLAS,5835 PENROSE AVE,75206 5591,Merit Children's Academy,,,0,high_confidence,0.5,0,0,0,0,0,5,0.417,0.417
ChIJwft7MarpQIYRzaGWBiAVdjk,11,18,3,1,2,10,0,104,2026-01-29,"School Age Care,Before School Care,Meals Provided ,After School Care,Snacks Provided,Drop-In Care,Part Time Care,Transportation to/from School",N,NO,NO,NO,1508163,Tiny Blessings Academy,HOUSTON,10826 S GESSNER RD,77071 3502,Tiny Blessings Academy,5.0,8.0,5,high_confidence,0.0,0,0,0,0,0,35,3.5,1.1
ChIJwwgROctfXIYRBrkHOA5qZp8,0,1,0,0,0,11,0,53,2018-04-18,"Meals Provided ,After School Care,Snacks Provided,Part Time Care,Transportation to/from School",Y,NO,NO,NO,1287707,Joys of Heaven Child Care and Learning Center,SAN ANTONIO,610 AVALON ST,78213 4019,Joys of Heaven Daycare and Learning Center,3.3,7.0,5,high_confidence,7.7,0,1,0,0,0,1,0.091,0.0
ChIJwxBoXz5oXIYRv8OoEORV1Eo,0,1,0,0,0,8,0,80,2013-08-23,"Meals Provided ,Snacks Provided,Part Time Care",Y,NO,NO,NO,1118058,Brauchle Elementary School Head Start,SAN ANTONIO,8555 BOWENS CROSSING ST,78250 2700,Henry T. Brauchle Elementary School,,,0,high_confidence,12.4,0,1,0,0,0,1,0.125,0.0
ChIJwxx_DVRpXIYRuL00YLiaR8Q,26,15,16,0,0,47,0,274,2021-10-14,"School Age Care,Before School Care,Meals Provided ,After School Care,Snacks Provided,Drop-In Care,Skill Classes,Part Time Care,Transportation to/from School",N,YES,NO,NO,1372785,Alphabetz Montessori Culebra LLC,SAN ANTONIO,12026 CULEBRA RD,78253 6478,Alphabetz Montessori,4.7,102.0,5,medium_confidence,4.2,0,0,1,0,0,57,1.213,0.553
ChIJwyeMoYPLQIYRWuhbPulOR5A,1,4,3,8,0,5,3,91,1987-05-13,"School Age Care,Before School Care,Accredited,After School Care,Snacks Provided",N,NO,NO,NO,95282,Northwood Montessori School,HOUSTON,14901 WELCOME LN,77014 1405,Northwood Montessori School AMI,5.0,28.0,5,high_confidence,38.6,1,0,0,0,0,16,3.2,0.2
ChIJwywR3urTQIYRbgW26f3EGzU,1,4,0,0,0,7,0,68,2006-02-13,Part Time Care,N,NO,NO,NO,279004,Kingdom Kids Preschool,HOUSTON,9730 GRANT RD,77070 4512,CFCC Kingdom Kids Preschool,5.0,5.0,5,high_confidence,19.9,0,0,0,0,0,5,0.714,0.143
ChIJx-7snf2hToYRk-PUXhtTKW8,3,0,1,0,0,19,0,306,2022-07-18,"School Age Care,Accredited,Meals Provided ,Snacks Provided,Part Time Care,Field Trips",N,NO,NO,NO,1392873,Primrose School at White Rock,DALLAS,718 N BUCKNER BLVD STE 200,75218 2719,Primrose School at White Rock,4.9,17.0,5,high_confidence,3.5,1,0,0,0,0,4,0.211,0.158
ChIJx-RIt4WRXIYRmEGlRE9HGx8,3,4,1,0,0,8,0,196,2009-09-04,"Snacks Provided,Part Time Care",Y,NO,NO,NO,426268,Bracken Methodist Church Preschool,SAN ANTONIO,20377 FM 2252,78266 2614,Bracken Methodist Church & Preschool,4.6,81.0,5,high_confidence,16.3,0,1,0,0,0,8,1.0,0.375
ChIJx-n9mlqbToYR1rS3mWdfhNA,11,16,6,0,0,20,0,134,2025-03-13,"School Age Care,Before School Care,Meals Provided ,After School Care,Snacks Provided,Part Time Care,Transportation to/from School ,Field Trips",Y,NO,NO,NO,1469823,Bright Minds Learning Center,DALLAS,2726 W ILLINOIS AVE,75233 1004,Bright Minds Learning Center,3.8,13.0,5,high_confidence,0.8,0,1,0,0,0,33,1.65,0.55
ChIJx09paR8PToYRIAOz9HXWIMg,2,4,0,0,0,10,0,120,2018-02-06,"School Age Care,After School Care,Snacks Provided,Drop-In Care,Part Time Care",N,NO,NO,NO,1288641,Camp Fire at Walsh Elementary,FORT WORTH,14113 WALSH AVE,76008,Walsh Elementary School,,,0,medium_confidence,7.9,0,0,0,0,0,6,0.6,0.2
ChIJx35aUdWhToYRFeS4KPulY3A,0,1,5,0,0,6,0,35,2010-08-23,"School Age Care,After School Care,Drop-In Care,Part Time Care",N,NO,NO,NO,603948,Cuddly Kids Hourly Weekly Care,DALLAS,6464 E LOVERS LN,75214 2227,Cuddly Kids Hourly and weekly Daycare,3.4,31.0,5,high_confidence,15.4,0,0,0,0,0,6,1.0,0.0
ChIJx45O611LW4YRaBzv7VHSoHk,3,2,0,0,0,10,0,140,2020-01-07,"School Age Care,After School Care,Snacks Provided,Field Trips",Y,NO,NO,NO,1343600,Cunningham EAC YMCA,AUSTIN,2200 BERKELEY AVE,78745 4334,Cunningham Elementary School,,,0,medium_confidence,6.0,0,1,0,0,0,5,0.5,0.3
ChIJx80iD3qVQIYRflgLiYaK4I8,0,8,3,0,0,11,0,33,2013-03-21,"School Age Care,Before School Care,Meals Provided ,After School Care,Snacks Provided,Drop-In Care,Part Time Care",N,NO,NO,NO,1089626,Pooh Bear'z MK#3,HOUSTON,4635 BELLFORT ST,77051 2001,Pooh Bear'z MK # 3 Childcare Center,4.4,14.0,5,medium_confidence,12.8,0,0,0,0,0,11,1.0,0.0
ChIJx87aEGfAQIYRvpBIgVrg-5Y,4,2,4,1,1,10,0,249,2011-01-26,"Skill Classes,Part Time Care",N,NO,NO,NO,723989,Crossing Borders International Preschool,HOUSTON,2353 RICE BLVD,77005 2621,Crossing Borders International School & Camps,4.7,111.0,5,high_confidence,14.9,0,0,0,0,0,12,1.2,0.4
ChIJx8jt281pXIYRRc6F2MPkGhs,0,2,3,0,1,11,0,51,2020-02-21,"Meals Provided ,Snacks Provided,Field Trips",Y,NO,NO,NO,1335817,Ward Elementary School,SAN ANTONIO,8400 CAVERN HL,78254 1807,Dr. Joe Ward Elementary School,,,0,high_confidence,5.9,0,1,0,0,0,6,0.545,0.0
ChIJx8sdHhPZTYYRGBqWXgPKdhw,5,1,2,1,0,11,0,68,2023-10-24,"School Age Care,Meals Provided ,Snacks Provided,Part Time Care",Y,NO,NO,NO,1446995,BeYOUtiful Beginnings,FORT WORTH,5601 BASSWOOD BLVD STE 105,76137 6902,BeYOUtiful Beginnings,5.0,8.0,5,high_confidence,2.2,0,1,0,0,0,9,0.818,0.455
ChIJx9TuLnm_QIYRcYdCrrO07UE,2,5,0,0,0,6,0,102,1990-01-26,"Skill Classes,Part Time Care",N,NO,NO,NO,108359,First Presbyterian Mothers Day,HOUSTON,5300 MAIN ST,77004 6811,First Presbyterian Church of Houston,4.5,50.0,5,medium_confidence,35.9,0,0,0,0,0,7,1.167,0.333
ChIJxQBFhN7bQIYRhK_wug0ldQQ,1,0,2,1,0,6,1,136,2015-12-14,"Before School Care,After School Care,Snacks Provided,Field Trips",N,NO,NO,NO,1179423,CENTRAL MONTESSORI SCHOOL,HOUSTON,14311 PARK ROW,77084 5695,Central Montessori School,4.7,9.0,5,high_confidence,10.1,0,0,0,0,0,4,0.667,0.167
ChIJxQqISxrLRIYRdg8Dhgw1R9U,4,3,4,1,0,11,0,64,2019-07-18,"Snacks Provided,Skill Classes,Part Time Care",N,NO,NO,NO,1331007,International Montessori House of Children,AUSTIN,6420 HART LN,78731 3137,International Montessori - Far West Campus,4.8,23.0,5,medium_confidence,6.5,0,0,0,0,0,12,1.091,0.364
ChIJxWGhMaJlXIYRkZBmC3wvxNY,3,8,11,2,1,11,0,33,2021-07-16,"School Age Care,Meals Provided ,After School Care,Snacks Provided,Transportation to/from School",N,NO,NO,NO,1369032,Inspiring Hearts Leon Springs,SAN ANTONIO,23943 IH 10 W,78257,Inspiring Hearts Day School,5.0,9.0,5,medium_confidence,4.5,0,0,0,0,0,25,2.273,0.273
ChIJxWY6kKyQToYRqGxA30sYaSw,0,2,1,1,0,8,1,33,2012-01-12,"School Age Care,Before School Care,Meals Provided ,After School Care,Snacks Provided,Drop-In Care,Part Time Care,Transportation to/from School ,Field Trips",Y,NO,NO,NO,914709,Genesis Foundation Child Care Learning Center,DALLAS,801 W KIEST BLVD,75224 3330,Genesis Foundation Childcare & Learning Center,4.9,31.0,5,high_confidence,14.0,0,1,0,0,0,4,0.5,0.0
ChIJxWcZTQBtToYR7e7hHHXHkcg,2,7,4,0,0,5,0,227,2025-09-08,"School Age Care,Before School Care,After School Care,Snacks Provided,Part Time Care",N,NO,NO,NO,1509880,Little Inspires Montessori,FORT WORTH,3312 PARK LAKE DR,76133 4602,Little Inspires Montessori,4.8,5.0,5,high_confidence,0.3,0,0,0,0,0,13,2.6,0.4
ChIJxWv9Tj1nXIYRpaa2yfGlTSs,1,8,7,2,0,8,0,108,2004-12-07,"After School Care,Drop-In Care,Part Time Care,Transportation to/from School ,Field Trips",Y,NO,NO,NO,249313,Discovery World Learning Center,SAN ANTONIO,5455 PRUE RD,78240 1624,Discovery World Learning Center,4.4,50.0,5,high_confidence,21.1,0,1,0,0,0,18,2.25,0.125
ChIJxZ9YgWvLRIYROvC3C38PjME,3,2,4,0,0,11,0,180,2015-11-11,"School Age Care,After School Care,Transportation to/from School ,Field Trips",Y,NO,NO,NO,1180020,YPW Spanish Immersion School,AUSTIN,8014 MESA DR,78731 1319,YPW Spanish Immersion School,,,0,high_confidence,10.1,0,1,0,0,0,9,0.818,0.273
ChIJxZslH_-VQIYR6-BrMYPqy5A,0,1,0,0,0,5,0,41,2026-02-03,"Before School Care,Meals Provided ,After School Care,Snacks Provided,Drop-In Care,Part Time Care,Transportation to/from School",N,NO,NO,NO,1509535,SMART Academy,HOUSTON,4202 DAVENPORT ST,77051 2525,Smart Academy Learning Center,,,0,medium_confidence,0.0,0,0,0,0,0,1,0.2,0.0
ChIJx_CcjXzBQIYRDIM5bGPLOLs,34,55,32,3,4,43,1,60,2014-01-24,"School Age Care,Before School Care,Meals Provided ,After School Care,Snacks Provided,Drop-In Care,Part Time Care,Transportation to/from School ,Weekend Care,Field Trips",Y,NO,NO,NO,1117036,Twinkle Wonders School of Learning,HOUSTON,5442 RICHMOND AVE,77056 6614,Twinkle Wonders School At The Galleria,4.1,55.0,5,medium_confidence,11.9,0,1,0,0,0,128,2.977,0.791
ChIJx_DY20P2XIYRr-G4EAZklCY,6,6,4,0,0,20,1,234,1987-08-12,"School Age Care,Before School Care,Meals Provided ,After School Care,Snacks Provided,Part Time Care,Transportation to/from School ,Field Trips",Y,NO,NO,NO,94407,Baptist Temple Day Care Center,SAN ANTONIO,901 E DREXEL AVE,78210 3105,Baptist Temple Early Learning Center,4.3,28.0,5,medium_confidence,38.4,0,1,0,0,0,16,0.8,0.3
ChIJx_QB92BgXIYR_D-D6_61DxA,3,1,2,0,0,17,0,338,2021-12-16,"School Age Care,Before School Care,Meals Provided ,After School Care,Snacks Provided,Part Time Care,Transportation to/from School ,Field Trips",N,NO,NO,NO,1390045,The Christian School at Castle Hills,SAN ANTONIO,2216 NW MILITARY HWY,78213 1815,The Christian School at Castle Hills,,,0,high_confidence,4.0,0,0,0,0,0,6,0.353,0.176
ChIJx_cv4RrCQIYRQ5FSxp2eO2s,0,4,3,0,0,5,0,71,1989-05-15,Part Time Care,N,NO,NO,NO,106293,St Philips Methodist Discover Club,HOUSTON,5501 BEECHNUT ST,77096 1005,St Philip's United Methodist Church,4.8,41.0,5,medium_confidence,36.6,0,0,0,0,0,7,1.4,0.0
ChIJxdIK_cS9QIYR678OAte0X1M,2,3,0,1,0,9,1,63,2023-08-02,"Meals Provided ,Snacks Provided,Field Trips",N,NO,NO,NO,1435372,Bezos Academy Houston- Denver Harbor,HOUSTON,6402 MARKET ST,77020 6840,Bezos Academy Houston - Denver Harbor,5.0,7.0,5,high_confidence,2.4,0,0,0,0,0,6,0.667,0.222
ChIJxeuv4kzYQIYRpoOgcbE41Vs,3,6,6,0,0,11,1,40,2002-01-15,"School Age Care,Before School Care,After School Care,Snacks Provided",Y,NO,NO,NO,192039,Schmalz Elementary YMCA,HOUSTON,18605 GREEN LAND WAY,77084 3887,Jean & Betty Schmalz Elementary School,,,0,medium_confidence,24.0,0,1,0,0,0,15,1.364,0.273
ChIJxxenbavPQIYRm-yhzzi6M_g,1,3,5,0,0,9,0,117,2017-08-25,"Before School Care,Meals Provided ,After School Care,Snacks Provided,Part Time Care,Transportation to/from School ,Field Trips",Y,NO,NO,NO,1284235,Carriage Lane Learning Center,HOUSTON,8434 WEST RD,77064 7928,Carriage Lane Learning Center,4.6,17.0,5,high_confidence,8.4,0,1,0,0,0,9,1.0,0.111
ChIJxyhQyHT3XIYR-yBvrC1XP5M,10,22,18,2,0,24,1,97,2021-03-12,"School Age Care,Meals Provided ,After School Care,Snacks Provided,Transportation to/from School",Y,NO,NO,NO,1347081,Smart Ducklings Daycare,SAN ANTONIO,1630 GOLIAD RD,78223 2722,Smart Ducklings Daycare,5.0,17.0,5,high_confidence,4.8,0,1,0,0,0,52,2.167,0.417
ChIJy01XzL31XIYRdwblmQqn_mE,2,6,3,0,0,28,0,145,2020-03-11,"Meals Provided ,Snacks Provided",Y,NO,NO,NO,1347814,Healy Murphy Child Development,SAN ANTONIO,611 CHESTNUT ST,78202 1917,Healy Murphy Child Development Center,5.0,2.0,2,high_confidence,5.8,0,1,0,0,0,11,0.393,0.071
ChIJy1-xtOjAQIYRl4EmYB2wC7g,0,0,0,0,0,8,0,102,2024-03-11,Part Time Care,N,NO,NO,NO,1456554,Bethany Christian School,HOUSTON,3223 WESTHEIMER RD,77098 1009,Bethany Christian School,,,0,high_confidence,1.8,0,0,0,0,0,0,0.0,0.0
ChIJy12_2dNdXIYRxPq9lhgUTWU,0,2,0,1,0,14,1,91,2022-03-30,Snacks Provided,Y,NO,NO,NO,1388710,Smarty Pants Learning Center,SAN ANTONIO,6749 BANDERA RD,78238 1438,Smarty Pants Learning Center,3.7,19.0,5,high_confidence,3.8,0,1,0,0,0,3,0.214,0.0
ChIJy1MmZTyZToYRMGUbGuCOVEE,0,1,4,0,0,10,0,12,2024-05-17,"School Age Care,Before School Care,Meals Provided ,After School Care,Snacks Provided,Part Time Care,Transportation to/from School",Y,NO,NO,NO,1463915,Victory Kids Christian Academy,DALLAS,5115 VETERANS DR,75241 1536,Victory Kids Christian Academy,4.0,4.0,4,high_confidence,1.6,0,1,0,0,0,5,0.5,0.0
ChIJy2-nDizNRIYREF8rmg6FEqk,0,0,0,0,0,13,0,420,1996-08-23,"Meals Provided ,After School Care,Snacks Provided,Drop-In Care,Skill Classes,Part Time Care,Transportation to/from School ,Field Trips",Y,NO,NO,NO,144795,"Country Home Learning Center #8, LTD",AUSTIN,13120 N HWY 183,78750 3209,Country Home Learning Center at Northwest Austin,,,0,medium_confidence,29.4,0,1,0,0,0,0,0.0,0.0
ChIJy7vq9zAiTIYReNLJ_db9MUU,3,4,6,1,0,13,0,21,2004-04-07,Part Time Care,N,NO,NO,NO,232962,Torah Day School of Dallas,DALLAS,6921 FRANKFORD RD,75252 5868,Torah Day School,,,0,medium_confidence,21.7,0,0,0,0,0,14,1.077,0.231
ChIJy9B70MfZTYYRPT6jw4SBNI8,0,0,0,0,0,9,0,120,2008-03-18,"School Age Care,Before School Care,After School Care,Snacks Provided",Y,NO,NO,NO,321272,Clayton Youth Enrichment @ Eagle Ridge Elementary,FORT WORTH,4600 ALTA VISTA RD,76244 7010,Eagle Ridge Elementary School,,,0,medium_confidence,17.8,0,1,0,0,0,0,0.0,0.0
ChIJyR8JfZLDQIYR7kp6iYpfiNY,10,12,4,1,1,13,1,85,2023-07-21,"School Age Care,Before School Care,Meals Provided ,After School Care,Snacks Provided,Part Time Care,Transportation to/from School ,Field Trips",Y,NO,NO,NO,1425945,Top Leaders Academy LLC,HOUSTON,10704 S GESSNER RD,77071 3509,Top Leaders Academy,,,0,high_confidence,2.5,0,1,0,0,0,28,2.154,0.769
ChIJyRso_A6aQIYRCkkmVYy0TOE,0,3,3,0,1,6,0,50,1999-01-15,"School Age Care,Meals Provided ,Part Time Care",N,NO,NO,NO,157141,Mount Olive Lutheran Church,HOUSTON,10310 SCARSDALE BLVD,77089 5665,Mt Olive Lutheran Church,4.7,19.0,5,high_confidence,27.0,0,0,0,0,0,7,1.167,0.0
ChIJySdZm_HZQIYRDZqIvsRvlsQ,1,3,0,1,1,10,0,102,2014-04-03,"School Age Care,Before School Care,Meals Provided ,After School Care,Snacks Provided,Skill Classes,Part Time Care,Transportation to/from School ,Weekend Care,Field Trips",Y,NO,NO,NO,1126531,Little Leaders Academy,HOUSTON,4223 JURA DR,77084 3458,Little Leaders Academy,4.8,90.0,5,high_confidence,11.7,0,1,0,0,0,6,0.6,0.1
ChIJyT1uRXOaToYRYL5IAswjad4,2,3,0,1,0,10,1,93,2024-02-07,"School Age Care,Meals Provided ,After School Care,Snacks Provided,Transportation to/from School ,Field Trips",Y,NO,NO,NO,1448306,Centro Child Development Center,DALLAS,3822 W KIEST BLVD,75233 1606,Centro Child Development Center formerly Kiest Park Christian Preschool,4.4,26.0,5,medium_confidence,1.9,0,1,0,0,0,6,0.6,0.2
ChIJyWkkaMhLW4YRLiNUeJnYFgI,1,2,1,0,0,9,0,37,2015-07-07,"School Age Care,Skill Classes,Part Time Care",N,NO,NO,NO,1163591,Nature Preschool Center,AUSTIN,6030 W HIGHWAY 290,78735 8708,Nature Preschool Center (Southwest Austin),5.0,27.0,5,medium_confidence,10.5,0,0,0,0,0,4,0.444,0.111
ChIJyWmXSl-1RIYRUSwchirWQYU,0,5,1,1,0,9,0,150,2015-09-03,"Before School Care,Part Time Care",N,NO,NO,NO,1190689,Good Shepherd Episcopal School,AUSTIN,3201 WINDSOR RD,78703 2243,Good Shepherd Episcopal School,,,0,high_confidence,10.3,0,0,0,0,0,7,0.778,0.0
ChIJyXJhJkZnXIYR03I_bbLKXRY,7,13,8,0,0,18,0,136,1988-06-13,"After School Care,Drop-In Care,Part Time Care,Transportation to/from School ,Field Trips",Y,NO,NO,NO,104839,La Petite Academy Eckhert,SAN ANTONIO,5718 ECKHERT RD,78240 3900,La Petite Academy on Eckhert Road,3.5,39.0,5,high_confidence,37.6,0,1,0,0,0,28,1.556,0.389
ChIJyYlvK3ltToYR2iF4VuCG2ys,1,6,1,0,0,14,0,125,2022-01-24,"School Age Care,Before School Care,Meals Provided ,After School Care,Snacks Provided,Part Time Care,Transportation to/from School ,Field Trips",Y,NO,NO,NO,1380073,Amazing Creations Academy LLC,FORT WORTH,6138 WESTCREEK DR,76133 3332,Amazing Creations Academy,3.9,7.0,5,high_confidence,3.9,0,1,0,0,0,8,0.571,0.071
ChIJy_o8zUvZQIYRH9s93dN-3mc,13,3,2,0,0,19,0,220,2021-03-04,"Before School Care,Meals Provided ,After School Care,Snacks Provided,Drop-In Care,Part Time Care,Transportation to/from School",Y,NO,NO,NO,1361857,MBS Kids Early Learning Academy,HOUSTON,18920 MAYDE CREEK RD,77084,MBS Kids Early Learning Academy,4.5,42.0,5,high_confidence,4.8,0,1,0,0,0,18,0.947,0.684
ChIJya3i26TTQIYRiMFS5iE_VwY,6,8,9,3,0,24,1,108,2021-10-21,"School Age Care,Before School Care,Meals Provided ,After School Care,Snacks Provided,Drop-In Care,Part Time Care,Transportation to/from School ,Weekend Care,Field Trips",Y,NO,NO,NO,1379909,Happy Kids Stop in Play Childcare,HOUSTON,10711 MILLRIDGE NORTH DR,77070 4827,Happy Kids Stop N Play Learning Academy Cypress,3.5,37.0,5,medium_confidence,4.2,0,1,0,0,0,26,1.083,0.25
ChIJycUJcmDcQIYRD4eM1QpRqFM,0,2,2,0,0,6,0,120,2025-03-05,"School Age Care,Before School Care,After School Care,Snacks Provided",N,NO,NO,NO,1483033,La Maternelle French Academy,HOUSTON,2301 S DAIRY ASHFORD RD,77077 5717,La Maternelle French Academy,4.5,35.0,5,high_confidence,0.8,0,0,0,0,0,4,0.667,0.0
ChIJyd0nyVM5W4YRe2hz98e5tBE,0,0,0,0,0,2,0,35,2025-11-04,"School Age Care,After School Care,Snacks Provided,Drop-In Care,Part Time Care,Weekend Care,Night Care",N,NO,NO,NO,1516851,Empower Kidz Drop In,AUSTIN,2951 RANCH ROAD 620 S STE 107,78738 5637,Empower Kidz Drop-In,5.0,9.0,5,high_confidence,0.2,0,0,0,0,0,0,0.0,0.0
ChIJyxYDFvTQQIYRXmal3zaT2Ok,3,4,1,0,0,12,0,195,2020-02-06,"School Age Care,Before School Care,Meals Provided ,After School Care,Snacks Provided,Drop-In Care,Part Time Care,Transportation to/from School ,Field Trips",Y,NO,NO,NO,1336061,Brentwood Children's Academy,HOUSTON,7210 N ELDRIDGE PKWY,77041 1856,Brentwood Children's Academy,4.9,68.0,5,high_confidence,5.9,0,1,0,0,0,8,0.667,0.25
ChIJyz_bHKmkQIYRX8K2qj21aE0,2,8,4,3,1,9,1,131,2015-12-11,"School Age Care,Before School Care,Meals Provided ,After School Care,Snacks Provided,Transportation to/from School ,Field Trips",Y,NO,NO,NO,1180749,"Tiny Tots Childcare Center, LLC",HOUSTON,620 MAXEY RD,77013 5800,"Tiny Tots Childcare Center, LLC",4.4,32.0,5,high_confidence,10.1,0,1,0,0,0,18,2.0,0.222
ChIJyzrpxLFHiwQRQxix1BYCLKQ,2,4,2,0,0,13,0,106,2023-08-10,"Accredited,Snacks Provided,Field Trips",Y,NO,NO,NO,1431254,Open Door Preschool North,AUSTIN,11704 N LAMAR BLVD,78753 2116,Open Door Preschool North,5.0,8.0,5,high_confidence,2.4,1,1,0,0,0,8,0.615,0.154
ChIJz-Qff0ijToYRMjhWeP6k6xs,6,4,2,3,0,15,1,166,2020-01-22,"School Age Care,Before School Care,Accredited,Meals Provided ,After School Care,Snacks Provided,Drop-In Care,Skill Classes,Part Time Care,Transportation to/from School ,Field Trips",Y,NO,NO,NO,1330115,Riding Rainbows Child Development Center,DALLAS,7605 C F HAWN FWY,75217 6526,Riding Rainbows Child Development,4.7,16.0,5,high_confidence,5.9,1,1,0,0,0,15,1.0,0.4
ChIJz-oQ-gDDQIYRYE0_0c90_8s,1,2,1,0,0,2,1,84,2026-01-07,"School Age Care,Meals Provided ,After School Care,Snacks Provided,Drop-In Care,Part Time Care,Transportation to/from School ,Weekend Care",N,NO,NO,NO,1518730,Raising Little Stars Academy,HOUSTON,2720 WESTERLAND DR,77063 3828,Raising Little Stars Academy - (My Children’s choice Academy #2),5.0,52.0,5,medium_confidence,-0.0,0,0,0,0,0,4,2.0,0.5
ChIJz0EHbpJMW4YRwM6b18qygl0,1,0,0,0,0,9,0,61,2005-08-16,"School Age Care,Skill Classes,Part Time Care",N,NO,NO,NO,268922,Austin Childrens Montessori,AUSTIN,8807 MANCHACA RD,78748 5306,Austin Children's Montessori,,,0,high_confidence,20.4,0,0,0,0,0,1,0.111,0.111
ChIJz1xOZcijToYREZVs_hklwNU,5,8,8,0,0,7,0,85,2020-03-09,"School Age Care,Before School Care,After School Care,Field Trips",Y,NO,NO,NO,1335808,AlphaBest @ Buckner Prep-Cityscape,DALLAS,8510 MILITARY PKWY,75227 4401,Buckner Preparatory,,,0,medium_confidence,5.8,0,1,0,0,0,21,3.0,0.714
ChIJz26fDR_DQIYRaMEoEwOUjB0,12,13,16,1,2,18,1,81,2008-03-14,"School Age Care,Before School Care,Meals Provided ,After School Care,Snacks Provided,Drop-In Care,Part Time Care,Transportation to/from School",Y,NO,NO,NO,323384,Kindercity,HOUSTON,3750 S GESSNER RD,77063 5132,Kindercity,3.7,45.0,5,high_confidence,17.8,0,1,0,0,0,44,2.444,0.667
ChIJz31Yq-RsToYRJ6_-nbH88p0,9,2,2,0,0,36,0,182,2007-11-09,"Before School Care,Accredited,Meals Provided ,After School Care,Snacks Provided,Part Time Care,Transportation to/from School ,Field Trips",N,NO,NO,NO,328617,Primrose School of Columbus Trail,FORT WORTH,5330 COLUMBUS TRL,76123 2970,Primrose School of Columbus Trail,4.9,43.0,5,high_confidence,18.1,1,0,0,0,0,13,0.361,0.25
ChIJz3T3v_BLW4YRhBBTnx6jFck,0,5,2,0,0,10,0,201,2011-06-10,"School Age Care,Accredited,Meals Provided ,After School Care,Snacks Provided,Transportation to/from School ,Field Trips",N,NO,NO,NO,762988,Primrose School of Southwest Austin,AUSTIN,4920 DAVIS LN,78749 3628,Primrose School of Southwest Austin,4.6,22.0,5,high_confidence,14.6,1,0,0,0,0,7,0.7,0.0
ChIJz3YWy1HZTYYReYMxQzU6Fus,3,2,1,1,0,9,0,153,2026-01-05,"Meals Provided ,Snacks Provided,Drop-In Care",N,NO,NO,NO,1507914,Clayton CDC @ Keller,FORT WORTH,10310 N RIVERSIDE DR,76244 9697,Clayton Child Development Center at Keller ISD,,,0,medium_confidence,-0.0,0,0,0,0,0,7,0.778,0.333
ChIJz3eJCOzbQIYRDv0Qk-bhE2o,0,1,0,1,0,5,1,175,1986-05-16,Part Time Care,Y,NO,NO,NO,101980,Bear Creek UMC School,HOUSTON,16000 RIPPLING WATER DR,77084 2908,Bear Creek United Methodist Church School,5.0,9.0,5,medium_confidence,39.6,0,1,0,0,0,2,0.4,0.0
ChIJz3ix3C6kQIYRDRI6Q3QL56s,9,4,7,1,0,14,0,99,2018-01-23,"Before School Care,Meals Provided ,After School Care,Snacks Provided,Skill Classes,Part Time Care,Transportation to/from School ,Field Trips",Y,NO,NO,NO,1282642,Everlasting Learning Child Development Center,HOUSTON,16001 MOORE RD,77049 4865,Everlasting Learning Child Development Center,4.3,30.0,5,high_confidence,7.9,0,1,0,0,0,21,1.5,0.643
ChIJz3q-cgC1RIYR4szpe_sFFSk,10,4,12,8,0,34,2,103,2024-08-21,"School Age Care,Meals Provided ,After School Care,Snacks Provided",Y,NO,NO,NO,1469342,Happy Hearts Bilingual Learning Center,AUSTIN,200 W STASSNEY LN,78745 3129,Happy Hearts Bilingual Learning Center,5.0,1.0,1,high_confidence,1.4,0,1,0,0,0,34,1.0,0.294
ChIJz3xMznvYTYYRUamG2819xgA,9,5,7,0,1,35,0,138,1987-04-24,"School Age Care,Accredited,Meals Provided ,After School Care,Snacks Provided,Drop-In Care,Part Time Care,Transportation to/from School ,Field Trips",Y,NO,NO,NO,112075,Skyrise School of Summerfields,FORT WORTH,3800 BASSWOOD BLVD,76137 1452,Skyrise School of Summerfields,4.3,47.0,5,high_confidence,38.7,1,1,0,0,0,22,0.629,0.257
ChIJz46GN0VtToYRWBlUcGqOfvQ,9,6,4,1,0,39,1,163,2006-03-31,"Accredited,Meals Provided ,Snacks Provided,Drop-In Care,Skill Classes,Part Time Care",Y,NO,NO,NO,288412,Oakmont KinderCare,FORT WORTH,7901 OAKMONT BLVD,76132 4213,Oakmont KinderCare,4.1,42.0,5,high_confidence,19.8,1,1,0,0,0,20,0.513,0.231
ChIJz5_eTlZIW4YRow3Wqd5GJvI,0,2,0,0,0,5,0,91,1987-05-08,After School Care,N,NO,NO,NO,94728,Cedars Montessori School of Oak Hill,AUSTIN,9704 CIRCLE DR,78736 7924,Cedars Montessori School,4.4,13.0,5,high_confidence,38.7,0,0,0,0,0,2,0.4,0.0
ChIJz6ENLmbFQIYR2EOOY_vX8CI,4,12,10,1,0,10,1,27,2021-11-18,"School Age Care,Before School Care,Meals Provided ,After School Care,Snacks Provided,Part Time Care,Transportation to/from School ,Field Trips",Y,NO,NO,NO,1379152,Precious Jewels Learning Center,HOUSTON,5531 WINDFERN RD,77041 7561,Precious Jewels Daycare Center,4.2,11.0,5,medium_confidence,4.1,0,1,0,0,0,27,2.7,0.4
ChIJz6v4uzWZToYRGLi3dUzgaUk,2,12,5,0,0,9,0,48,2025-04-16,"School Age Care,Accredited,Meals Provided ,Snacks Provided,Drop-In Care,Part Time Care,Field Trips",Y,NO,NO,NO,1484438,Little Tots University LLC,DALLAS,238 W 10TH ST,75208 4523,Little Tots University,4.4,31.0,5,high_confidence,0.7,1,1,0,0,0,19,2.111,0.222
ChIJz7tvhynFQIYRAJ8voMkpnHA,2,3,11,0,0,12,0,117,2001-05-11,"School Age Care,Before School Care,Accredited,Meals Provided ,After School Care,Snacks Provided,Drop-In Care,Part Time Care",N,NO,NO,NO,169865,JP Morgan Chase Backup Center,HOUSTON,1010 WITTE RD,77055 6017,JPMorgan Chase - West Houston + Back-Up Care,4.7,13.0,5,medium_confidence,24.6,1,0,0,0,0,16,1.333,0.167
ChIJz8YIMiHJRIYRsj7Z_zV1mTI,0,7,2,0,0,13,0,33,2022-06-17,"School Age Care,After School Care,Drop-In Care,Part Time Care,Field Trips",Y,NO,NO,NO,1389652,Cielito Lindo Spanish Immersion Preschool,AUSTIN,12410 TOMANET TRL,78758 2412,Cielito Lindo Spanish Immersion Preschool,5.0,11.0,5,high_confidence,3.5,0,1,0,0,0,9,0.692,0.0
ChIJz8bHM6FLW4YROdsu4EurDiw,1,0,4,0,0,11,0,150,2014-08-15,"After School Care,Snacks Provided,Field Trips",N,NO,NO,NO,1152063,The Rise School of Austin,AUSTIN,4800 MANOR RD BLDG J,78723 5471,The Rise School of Austin Preschool,5.0,10.0,5,high_confidence,11.4,0,0,0,0,0,5,0.455,0.091
ChIJz9n9gUNdXIYReW5U0YW7BAo,3,7,7,1,0,15,0,96,2007-10-26,"Before School Care,Meals Provided ,After School Care",N,NO,NO,NO,320811,Northwest Hills Christian School,SAN ANTONIO,8511 HEATH CIRCLE DR,78250 4603,Northwest Hills Christian School,,,0,high_confidence,18.2,0,0,0,0,0,18,1.2,0.2
ChIJzQ-fUjy_QIYRND3vxiHiirA,5,2,2,0,0,13,0,295,2023-05-04,"School Age Care,Before School Care,Meals Provided ,After School Care,Snacks Provided,Drop-In Care,Skill Classes,Part Time Care,Transportation to/from School ,Field Trips",N,NO,NO,NO,1435960,Creme de la Creme,HOUSTON,1400 SAN JACINTO ST,77002 7622,Crème de la Crème School of Houston,4.8,41.0,5,medium_confidence,2.7,0,0,0,0,0,9,0.692,0.385
ChIJzQ03sNO0RIYRD4xxxA7hx5E,0,8,5,0,0,8,0,96,2009-07-31,"After School Care,Snacks Provided,Drop-In Care",N,NO,NO,NO,504568,Habibis Hutch Preschool,AUSTIN,2004 BERT AVE,78704 7528,Habibi's Hutch Preschool,4.4,9.0,5,high_confidence,16.4,0,0,0,0,0,13,1.625,0.0
ChIJzQAVEPi4QIYRnO3Of8tyk_8,5,5,5,1,0,20,1,102,2023-04-04,"Meals Provided ,Snacks Provided",N,NO,NO,NO,1419997,Urban Strategies EHS Houston,HOUSTON,6615 IRVINGTON BLVD,77022 5625,Urban Strategies Early Head Start,5.0,3.0,3,medium_confidence,2.7,0,0,0,0,0,16,0.8,0.25
ChIJzQBHb6SRToYRsyw4Zf4_y74,5,8,2,0,0,14,0,51,2011-01-11,"Meals Provided ,After School Care,Snacks Provided,Transportation to/from School ,Field Trips",Y,NO,NO,NO,639148,Kuddles & Kisses Early Childhood Center LLC,DALLAS,4041 W WHEATLAND RD STE 128,75237 4060,Kuddles and Kisses Childcare,4.6,25.0,5,medium_confidence,15.0,0,1,0,0,0,15,1.071,0.357
ChIJzRWnF2TJRIYRncwLXPsAtHM,0,2,2,2,0,18,0,102,2026-01-20,"School Age Care,Meals Provided ,After School Care,Snacks Provided",N,NO,NO,NO,1512954,AISD Guerrero Thompson Apple Blossom,AUSTIN,102 E RUNDBERG LN,78753 4714,Guerrero Thompson,,,0,medium_confidence,0.0,0,0,0,0,0,6,0.333,0.0
ChIJzUgJvahCXIYRmN5nxMCcnak,2,0,2,1,0,10,1,54,2012-08-23,"Meals Provided ,Snacks Provided",Y,NO,NO,NO,1085753,Fernandez Elementary Head Start,SAN ANTONIO,6845 RIDGEBROOK ST,78250 3838,Raul B. Fernandez Elementary School,,,0,medium_confidence,13.4,0,1,0,0,0,5,0.5,0.2
ChIJzXDMQaPpQIYRzk5yIw6KY_g,2,5,3,0,0,11,0,277,2011-05-10,"Before School Care,Meals Provided ,After School Care,Snacks Provided",Y,NO,NO,NO,728149,Bethel's Family Christian Academy,HOUSTON,14442 FONMEADOW DR,77035 5222,Bethel’s Family Christian Academy,4.4,62.0,5,high_confidence,14.6,0,1,0,0,0,10,0.909,0.182
ChIJzXvuvEHAQIYR1NyV_jVnXy8,1,4,2,1,1,4,2,47,2025-12-17,"School Age Care,Meals Provided ,Part Time Care",N,NO,NO,NO,1506878,Little Miracles Montessori,HOUSTON,2501 W HOLCOMBE BLVD STE A,77030 1955,Little Miracles Montessori,4.5,17.0,5,high_confidence,0.0,0,0,0,0,0,9,2.25,0.25
ChIJzYKwRALdQIYRPsLYX_9Dgk8,0,4,1,0,0,7,0,113,2004-07-21,"Meals Provided ,After School Care,Snacks Provided,Drop-In Care,Part Time Care,Transportation to/from School ,Field Trips",Y,NO,NO,NO,239903,Kinderstars,HOUSTON,6230 SYNOTT RD,77083 1922,Kinder Stars Daycare,5.0,10.0,5,medium_confidence,21.4,0,1,0,0,0,5,0.714,0.0
ChIJzYXBWOl6ToYReB8O3PTNtFQ,4,1,0,0,0,11,0,93,1986-08-22,"Meals Provided ,Snacks Provided",Y,NO,NO,NO,112179,Blanche Headstart and Child Development,FORT WORTH,2900 STALCUP RD,76119 1546,Blanche Child Care Center,5.0,4.0,4,medium_confidence,39.4,0,1,0,0,0,5,0.455,0.364
ChIJzYd5iy25QIYRs8sUWfwB_R0,4,6,0,0,0,16,0,63,1998-11-17,"School Age Care,Before School Care,Meals Provided ,After School Care,Snacks Provided,Part Time Care",Y,NO,NO,NO,155937,Tiny Land Learning Academy,HOUSTON,7411 CRESTMONT ST,77033 1119,Dreamland Daycare and Early Learning Center,5.0,9.0,5,medium_confidence,27.1,0,1,0,0,0,10,0.625,0.25
ChIJzZz4xvhdXIYRR3RPSyagHi0,6,9,8,1,0,19,1,22,2024-11-20,"School Age Care,Meals Provided ,After School Care,Snacks Provided,Drop-In Care,Part Time Care,Transportation to/from School ,Field Trips",Y,NO,NO,NO,1465073,Rainbow Childrens Station Northwest,SAN ANTONIO,6864 INGRAM RD,78238 4112,Rainbow Children's Station Northwest,5.0,8.0,5,high_confidence,1.1,0,1,0,0,0,24,1.263,0.316
ChIJz_Cum3vDQIYRdK-i7T2fsCg,0,1,0,0,0,3,0,33,2025-09-10,"School Age Care,Before School Care,After School Care,Snacks Provided",N,NO,NO,NO,1512586,Ivy Prep Preschool Galleria,HOUSTON,2605 POTOMAC DR,77057 4529,Ivy Prep Preschool Galleria,5.0,6.0,5,high_confidence,0.3,0,0,0,0,0,1,0.333,0.0
ChIJz_fVc9zDQIYRdYlfo7Urbrg,45,81,48,6,0,99,0,200,2013-04-16,"After School Care,Snacks Provided,Skill Classes",N,NO,NO,NO,1089297,After 3 After School Programs,HOUSTON,13800 WESTERLOCH DR,77077 1900,After 3 After School Programs,3.6,14.0,5,high_confidence,12.7,0,0,0,0,0,180,1.818,0.455
ChIJzb6YTWfEQIYRQChgqiGEnCE,5,14,4,0,1,9,0,255,1989-09-05,"After School Care,Drop-In Care,Part Time Care,Transportation to/from School ,Field Trips",N,NO,NO,NO,94430,Spring Branch Presbyterian Academy,HOUSTON,1215 CAMPBELL RD,77055 6401,Spring Branch Presbyterian Academy,4.4,14.0,5,high_confidence,36.3,0,0,0,0,0,24,2.667,0.556
ChIJzbdo5621RIYRzDdIDZqqIgk,7,16,15,1,0,12,1,50,1987-06-22,"Meals Provided ,Snacks Provided",Y,NO,NO,NO,94911,El Buen Pastor Early Childhood Development Center,AUSTIN,1208 WILLOW ST,78702 4341,El Buen Pastor Early Childhood Development Center,3.3,3.0,3,high_confidence,38.5,0,1,0,0,0,39,3.25,0.583
ChIJzcI7UKRgXIYRne26Hje_X6M,0,4,2,3,0,12,2,520,2014-02-21,"School Age Care,Meals Provided ,After School Care,Snacks Provided,Transportation to/from School ,Field Trips",N,NO,NO,NO,1118305,Pre-K 4 SA - North Education Center,SAN ANTONIO,3635 MEDICAL DR,78229 2180,Pre-K 4 SA - North Education Center,3.8,21.0,5,high_confidence,11.9,0,0,0,0,0,9,0.75,0.0
ChIJzdfBigIgTIYR5XEdxXMV0aM,3,12,3,1,0,12,0,150,2001-08-30,"School Age Care,Before School Care,Meals Provided ,After School Care,Snacks Provided,Skill Classes,Transportation to/from School ,Field Trips",N,NO,NO,NO,173349,NMZ Day Care Center Inc,DALLAS,8835 STULTS RD,75243 4111,New Mt Zion Day Care Center,4.3,22.0,5,medium_confidence,24.3,0,0,0,0,0,19,1.583,0.25
ChIJzdj5flcxW4YRrNiZeZLl1LU,0,0,1,0,0,5,0,49,2025-06-12,"School Age Care,Part Time Care",N,NO,NO,NO,1495436,"Steiner Christian Preschool, INC",AUSTIN,5000 MARSHALL FORD RD,78732 1748,Steiner Christian Preschool,,,0,high_confidence,0.6,0,0,0,0,0,1,0.2,0.0
ChIJzfAiIWzrQIYRvqYza7brAok,3,6,4,0,0,12,0,136,2018-12-04,"School Age Care,Before School Care,Meals Provided ,After School Care,Snacks Provided,Drop-In Care,Skill Classes,Part Time Care,Transportation to/from School ,Weekend Care,Field Trips",Y,NO,NO,NO,1308417,Apogee STEM Discovery Learning Academy LLC,HOUSTON,12921 S POST OAK RD,77045 3001,Apogee STEM Discovery Learning Academy,4.2,26.0,5,high_confidence,7.1,0,1,0,0,0,13,1.083,0.25
ChIJzfDB3DeXToYRzCHAdMiBuiU,0,1,1,0,0,15,0,25,2022-12-23,"School Age Care,Before School Care,Meals Provided ,After School Care,Snacks Provided,Drop-In Care,Part Time Care,Weekend Care,Field Trips",Y,NO,NO,NO,1405683,Boss Kidz Learning Center and Company,DALLAS,4737 VILLAGE FAIR DR STE 103,75224 5100,Boss Kidz Learning Center & Company,5.0,8.0,5,high_confidence,3.0,0,1,0,0,0,2,0.133,0.0
ChIJzfTxVmNMW4YRnUVm08rhAuA,0,0,2,0,0,28,2,28,2018-12-03,Part Time Care,N,NO,NO,NO,1313305,Cadets Childcare Inc DBA Clubhouse Cadets @ Baldwin,AUSTIN,12200 MERIDIAN PARK BLVD,78739 1502,Clubhouse Cadets at Cowan,,,0,medium_confidence,7.1,0,0,0,0,0,2,0.071,0.0
ChIJzfhQVVzNQIYRxNa04g-BbWY,8,21,8,1,1,15,0,187,2022-02-03,"School Age Care,Before School Care,Meals Provided ,After School Care,Snacks Provided,Drop-In Care,Skill Classes,Part Time Care,Transportation to/from School ,Weekend Care,Field Trips",Y,NO,NO,NO,1380824,Highland Preschool and Childcare Center,HOUSTON,5335 W RICHEY RD,77066 3323,Highland Preschool and Childcare Center,5.0,10.0,5,high_confidence,3.9,0,1,0,0,0,39,2.6,0.533
ChIJzfovqjqfToYR5GMFvHGLPWI,3,8,3,1,0,12,1,100,2017-05-10,"School Age Care,After School Care,Snacks Provided",Y,NO,NO,NO,1256349,YMCA @ Solar Prep for Girls,DALLAS,2617 N HENDERSON AVE,75206 6633,Solar Preparatory School for Girls,,,0,medium_confidence,8.6,0,1,0,0,0,15,1.25,0.25
ChIJzwE8cpa4QIYRqxACARQ-E4I,0,0,0,1,0,9,1,87,1999-03-02,"Meals Provided ,Snacks Provided,Skill Classes",N,NO,NO,NO,157301,Browning Head Start Center,HOUSTON,607 NORTHWOOD ST,77009 4510,Browning Head Start Center,5.0,2.0,2,high_confidence,26.8,0,0,0,0,0,1,0.111,0.0
ChIJzyb0iJRZXIYRn02IMoGJdHA,2,20,8,0,0,21,0,111,1986-01-17,"School Age Care,Meals Provided ,After School Care,Snacks Provided,Part Time Care,Transportation to/from School ,Field Trips",Y,NO,NO,NO,96346,Poppy's Kiddie Kampus,SAN ANTONIO,200 BRIGGS ST,78211 3604,Poppy's Kiddie Kampus Inc.,3.8,24.0,5,high_confidence,40.0,0,1,0,0,0,30,1.429,0.095
ChIJzylDk5txToYRJTzVpJr32pI,3,8,4,0,0,13,0,68,2020-01-09,"School Age Care,Before School Care,Meals Provided ,After School Care,Snacks Provided,Drop-In Care,Part Time Care",Y,NO,NO,NO,1326667,Kingdom Family Children's Learning Center,FORT WORTH,1027 ASH CRESCENT ST,76104 5508,Kingdom Family Children’s Learning Center,5.0,13.0,5,high_confidence,6.0,0,1,0,0,0,15,1.154,0.231
ChIJzypFR21iXIYRcf1ZTJT8Y_I,1,3,0,1,0,12,1,190,2019-11-07,"School Age Care,Before School Care,Accredited,Meals Provided ,After School Care,Snacks Provided,Part Time Care,Transportation to/from School ,Field Trips",Y,NO,NO,NO,1329131,Primrose School of Stone Oak,SAN ANTONIO,689 KNIGHTS CROSS DR,78258 2966,Primrose School of Stone Oak,4.8,174.0,5,high_confidence,6.2,1,1,0,0,0,5,0.417,0.083
