OPERATION_ID,OPERATION_NAME,CITY,ADDRESS_LINE,ZIPCODE,DEFICIENCY_HIGH,DEFICIENCY_MEDIUM_HIGH,DEFICIENCY_MEDIUM,DEFICIENCY_MEDIUM_LOW,DEFICIENCY_LOW,TOTAL_DEFICIENCIES,DEFICIENCY_RATE,HIGH_DEFICIENCY_RATE,TOTAL_CAPACITY,TOTAL_INSPECTIONS,TOTAL_ASSESSMENTS,YEARS_IN_OPERATION,IS_ACCREDITED,ACCEPTS_SUBSIDIES,HAS_CORRECTIVE_ACTION,HAS_ADVERSE_ACTION,WAS_TEMP_CLOSED,place_id,google_name,google_rating,google_review_count,match_confidence
1124172,"Child, Inc. American Youth Works",AUSTIN,1911 E BEN WHITE BLVD,78741 7853,6,8,4,1,4,23,1.643,0.429,75,14,3,11.9,0,0,0,0,0,ChIJ--Sbfoa0RIYRMsKN2gq4dhI,American YouthWorks,4.6,81.0,medium_confidence
1509739,"Tiny Scholars Academy, LLC",HOUSTON,14504 NORTH FWY,77090 6808,0,5,1,0,0,6,1.2,0.0,70,5,0,0.2,0,0,0,0,0,ChIJ--dcWCTLQIYR3JXHfeHHOwc,Tiny Scholars Academy,4.7,14.0,high_confidence
1186978,The Little Engine Learning Center,SAN ANTONIO,4122 AVENIDA PRIMA ST,78233 6819,10,25,13,1,1,50,1.667,0.333,106,30,0,9.5,0,0,0,0,0,ChIJ-0ZtcGiLXIYRJORd0gSotaM,The Little Engine Learning Center,4.2,25.0,high_confidence
1117938,Spanish World School - Skillman,DALLAS,4411 SKILLMAN ST,75206 5437,0,5,1,0,0,6,0.462,0.0,180,13,0,11.7,0,0,0,0,0,ChIJ-4eNPHCfToYRkxevVmr-27Y,Spanish World School,5.0,11.0,medium_confidence
1383768,Kidventure After School at Travis Elementary,HOUSTON,3311 BEAUCHAMP ST,77009 6613,3,18,0,0,0,21,0.333,0.048,200,63,3,3.9,0,0,0,0,0,ChIJ-5hPjoC5QIYRJJONJNcITb0,Kidventure After School at Travis Elementary,5.0,20.0,high_confidence
1477354,Little Stars Childcare 2,HOUSTON,4507 FOUNTAINHEAD DR,77066 2632,13,25,17,0,0,55,3.929,0.929,94,14,0,0.9,0,1,0,0,0,ChIJ-6Lp8t_NQIYRADCWmMDSbh4,Little Stars ChildCare 2,4.5,33.0,high_confidence
95678,Bright Beginners Preschool and Infant Care,HOUSTON,14225 HARGRAVE RD,77070 3843,0,0,8,0,0,8,1.143,0.0,239,7,0,39.0,0,0,0,0,0,ChIJ-7OmHZLNQIYR6SQ5gSzjqug,Bright Beginners Preschool and Infant Care,4.6,11.0,high_confidence
102161,La Petite Academy Judson,SAN ANTONIO,16345 JUDSON RD,78247 1378,2,0,1,0,0,3,0.231,0.154,107,13,0,39.1,1,1,0,0,0,ChIJ-U1s6GuMXIYREbk3jnKEIPI,La Petite Academy on Judson Road,3.6,37.0,high_confidence
155026,Play and Learn Christian Academy,DALLAS,9510 MILITARY PKWY,75227 4715,1,2,0,0,1,4,0.4,0.1,95,10,0,27.2,0,1,0,0,0,ChIJ-WIGBn6kToYReZtzk9NX6uE,Play-N-Learn Christian Academy,4.1,57.0,medium_confidence
1480929,Little Oaks Early Learning Academy,HOUSTON,15700 SPACE CENTER BLVD,77062 4602,4,7,5,0,2,18,1.5,0.333,102,12,0,0.9,0,1,0,0,0,ChIJ-ZjstG-dQIYRgDSkTsWdxRs,Little Oaks Early Learning Academy - Clear Lake Campus,5.0,14.0,medium_confidence
1223198,San Antonio Cottage Child Dev. Center,SAN ANTONIO,706 DIVISION AVE,78225 2500,5,12,8,2,0,27,2.7,0.5,30,10,2,9.9,0,1,0,0,0,ChIJ-_DhB1lYXIYR8qb7Ys4Ee8A,San Antonio Cottage Child Development Center,4.0,2.0,high_confidence
1350388,Little Treehouse Early Learning Center #3,SAN ANTONIO,5310 INTERSTATE HIGHWAY 35 S,78211 1762,6,12,7,3,0,28,1.647,0.353,83,17,1,5.2,0,1,0,0,0,ChIJ-_DhB1lYXIYRXdLK4uqtkZ8,Little Treehouse Early Learning Center,3.8,13.0,high_confidence
1483871,EJ'S Kids Daycare and Learning Center LLC,SAN ANTONIO,1720 S WW WHITE RD,78220 4760,1,1,1,0,0,3,0.375,0.125,49,8,0,0.8,0,1,0,0,0,ChIJ-_Uth6b3XIYR3yZ1Mid9xKE,EJ'S Kids Daycare and Learning Center,5.0,13.0,high_confidence
1123855,Hope's Children Academy,HOUSTON,8500 COOK RD STE H,77072 3944,2,7,5,0,0,14,0.875,0.125,80,16,1,11.8,0,1,0,0,0,ChIJ-b90-XDdQIYRrGURpqQljk4,Hope's Children Academy,4.5,19.0,high_confidence
108792,Becker Early Childhood Center,HOUSTON,1500 SUNSET BLVD,77005 1845,6,3,1,0,0,10,0.833,0.5,242,12,0,35.2,1,1,0,0,0,ChIJ-bVih37AQIYRvWLZGuwXw6I,Becker School,5.0,10.0,medium_confidence
159058,Avance San Antonio CDC Frank Garrett,SAN ANTONIO,1226 NW 18TH ST,78207 1300,2,10,6,0,0,18,1.2,0.133,56,15,0,26.5,0,0,0,0,0,ChIJ-bhDuN5eXIYRr11fuv9vaL8,Frank Garrett Multi Service Center,4.3,82.0,medium_confidence
1471633,Montessori Kids Universe of Stone Oak,SAN ANTONIO,24170 US HIGHWAY 281 N,78258 7231,3,7,1,0,0,11,1.0,0.273,269,11,0,1.5,1,0,0,0,0,ChIJ-cbbFEqJXIYRmPFsxMAz3oc,Montessori Kids Universe Stone Oak,4.8,91.0,high_confidence
127224,Kids Plus Academy,HOUSTON,4506 LAURA KOPPE RD,77016 5035,4,13,11,2,1,31,3.1,0.4,60,10,2,32.7,0,1,0,0,0,ChIJ-fy3sJO5QIYR16XPuXkrYSg,Kids Plus Academy,4.2,6.0,high_confidence
1418104,Mama Bear Learning Center,SAN ANTONIO,3930 E SOUTHCROSS BLVD BLDG 2,78222 3520,4,4,2,1,0,11,0.846,0.308,78,13,1,2.8,0,1,0,0,0,ChIJ-w7ftCD3XIYRGgivw0VbB3E,Mama Bear Learning Center,4.7,17.0,high_confidence
1313726,Grace Academy,HOUSTON,15401 BELLAIRE BLVD,77083 3014,2,4,2,0,0,8,1.333,0.333,153,6,0,6.9,1,1,0,0,0,ChIJ-wFCQ27eQIYRfJIrJ3YQYZE,Grace Academy Bellaire Blvd,5.0,9.0,medium_confidence
1510235,Copernicus STEM Academy,AUSTIN,4503 N INTERSTATE 35,78722 1001,0,0,0,0,0,0,0.0,0.0,75,2,0,0.4,0,0,0,0,0,ChIJ-wJRbQnKRIYRw_IQyNdZpII,Copernicus STEM Academy,4.8,25.0,high_confidence
1520008,Revive Christian Academy,SAN ANTONIO,303 W RAMSEY RD,78216 3818,1,6,2,0,0,9,3.0,0.333,56,3,0,-0.0,0,0,0,0,0,ChIJ-waqCsyKXIYRfBkEDUbWuhI,Revive Ministries San Antonio Church,4.8,34.0,medium_confidence
1322266,"Gloria D. Lacson FC., INC., DBA., Sweet Angels Day Care",HOUSTON,11242 HARVEST BEND BLVD,77064 4128,1,7,0,0,0,8,1.6,0.2,107,5,0,5.9,0,1,0,0,0,ChIJ0-HR1TTRQIYRYUScV_MIMCw,"Gloria D. Lacson FC., Inc., DBA. Sweet Angels Day Care",4.4,7.0,high_confidence
1518159,Hillcrest Childrens Academy,AUSTIN,3838 STECK AVE,78759 8637,1,0,5,0,0,6,1.5,0.25,250,4,0,0.1,0,0,0,0,0,ChIJ0-XnnHHLRIYRztvfSamRCSE,Hillcrest Children's Academy,5.0,3.0,high_confidence
1407823,The Rosedale Preschool,AUSTIN,5615 ADAMS AVE,78756 1102,0,1,0,0,0,1,0.125,0.0,29,8,0,3.0,0,0,0,0,0,ChIJ0-ydIrDLRIYRu1qjMFMRI4g,The Rosedale Preschool,5.0,5.0,high_confidence
1321895,The Morris Foundation Child Development Center,FORT WORTH,2701 MORESBY ST,76105,4,0,0,0,0,4,0.308,0.308,58,13,0,6.6,0,1,0,0,0,ChIJ009M5j9wToYRVWdjU6p2ENw,The Morris Foundation Child Development Center,5.0,2.0,high_confidence
1525757,Childcare Network #261,FORT WORTH,3420 W RISINGER RD,76123 2338,0,0,0,0,0,0,0.0,0.0,218,1,0,0.0,0,0,0,0,0,ChIJ00S6Lz5sToYRDjJGh4GLEzQ,Childcare Network,4.2,96.0,high_confidence
1473753,East Ridge Academy,DALLAS,6310 EASTRIDGE DR,75231 7809,3,3,3,0,0,9,0.818,0.273,156,11,0,1.7,0,1,0,0,0,ChIJ01_UUiigToYRh1yJ4IFMPHI,Eastridge Academy,4.3,40.0,high_confidence
1513064,enCourage Preschools,SAN ANTONIO,5450 BABCOCK RD # B128,78240 3908,0,0,0,0,0,0,0.0,0.0,81,4,0,-0.0,0,0,0,0,0,ChIJ04bzn8ZnXIYR1GRd6wvuLXY,enCourage Preschools San Antonio,5.0,28.0,medium_confidence
1438841,Kids Connect of Houston,HOUSTON,8510 ALMEDA GENOA RD STE 404,77075 2252,3,17,5,0,0,25,1.786,0.214,112,14,0,2.3,0,1,0,0,0,ChIJ04drz5KXQIYRQ5axG5RDUz8,Kids Connect of Houston,4.8,36.0,high_confidence
163506,Childrens Center of Stone Oak,SAN ANTONIO,18858 STONE OAK PKWY,78258 4113,1,6,4,0,0,11,0.786,0.071,217,14,0,25.7,0,0,0,0,0,ChIJ04zVhANiXIYRalO6V4c-c0U,Children's Center of Stone Oak,4.6,41.0,high_confidence
103670,Blessed Sacrament Parish Daycare,SAN ANTONIO,102 SHARON DR,78216 7318,1,7,2,1,0,11,1.571,0.143,123,7,0,38.1,0,1,0,0,0,ChIJ05StCO9fXIYRWGWfRIvcIRw,Blessed Sacrament Child Development Center,4.4,31.0,medium_confidence
1458361,Empire Academy Inc,HOUSTON,13222 TIDWELL RD,77044 1531,5,3,5,0,0,13,1.182,0.455,41,11,3,2.0,0,1,0,0,0,ChIJ06KFLPulQIYRHpIXnhwUVuE,Empire Academy Childcare Center,3.7,3.0,medium_confidence
1382693,Austin Baptist Church,AUSTIN,7016 RIBELIN RANCH RD,78750 8583,2,2,3,0,0,7,0.7,0.2,75,10,0,4.0,0,0,0,0,0,ChIJ08nZvpDLRIYRZk0Z2hEWCrE,Austin Baptist Church,4.7,96.0,high_confidence
207359,The Community School Park Cities,DALLAS,3412 BINKLEY AVE,75205 2230,3,8,2,0,0,13,0.722,0.167,80,18,0,23.6,0,0,0,0,0,ChIJ09U1cgOfToYRPPD3rkVxiJs,The Community School of the Park Cities,4.7,22.0,high_confidence
108046,Clear Lake KinderCare,HOUSTON,14777 EL CAMINO REAL,77062 2176,1,5,2,0,0,8,0.667,0.083,119,12,0,35.9,1,1,0,0,0,ChIJ09VBRgqcQIYRKFN-FOOpP1c,Clear Lake KinderCare,4.7,44.0,high_confidence
1335150,The Kid's Garden Learning Center,SAN ANTONIO,10918 WURZBACH RD STE 100,78230 2578,5,29,5,1,0,40,0.93,0.116,147,43,3,5.9,0,1,0,0,0,ChIJ09d7s8FgXIYROZjxG6d9N1w,The Kids Garden Learning Center I,4.0,8.0,high_confidence
732788,"The Station of Imagination Child Care, LLC",HOUSTON,7030 ADDICKS CLODINE RD STE 109,77083 2346,2,10,3,0,0,15,3.0,0.4,92,5,0,14.9,0,1,0,0,0,ChIJ0QOnXmjeQIYRniFbU2HlzeI,Station of Imagination Child Care LLC,4.5,8.0,high_confidence
192215,Humble Beginners,HOUSTON,3713 SAYERS ST,77026 4735,5,3,6,1,1,16,1.778,0.556,50,9,0,24.3,0,1,0,0,0,ChIJ0RC0gT-5QIYR5JVqIhw738E,Humble Beginners Daycare,3.9,7.0,high_confidence
1513122,Immersion Montessori Academy,SAN ANTONIO,11102 WEST AVE,78213 1337,0,1,1,0,0,2,0.667,0.0,16,3,0,0.3,0,0,0,0,0,ChIJ0RGTPPxhXIYRvsmdcMCMWZ4,Immersion Montessori Academy,4.9,43.0,high_confidence
1471687,Kids Klub Learning Center,HOUSTON,5950 S GESSNER RD STE J,77036 2675,7,18,12,0,2,39,3.545,0.636,62,11,1,1.2,0,1,0,0,0,ChIJ0S07ueDCQIYRmo1ivIdXL-M,Kids Klub Learning Center - Daycare/Afterschool,4.1,26.0,medium_confidence
1515101,Stepping Stone School IV,AUSTIN,9914 WOODLAND VILLAGE DR,78750 2220,0,0,0,0,0,0,0.0,0.0,108,4,0,0.3,0,0,0,0,0,ChIJ0VItzskyW4YRoqZ1I4oZml4,Stepping Stone School - Northwest Austin,4.7,44.0,medium_confidence
137482,Playtime Daycare,SAN ANTONIO,11470 S FOSTER RD,78223 4431,1,7,8,0,0,16,1.333,0.083,140,12,0,31.3,0,0,0,0,0,ChIJ0ZZiH0_6XIYRic7-1BjLM1s,Play time Day Care,4.4,28.0,medium_confidence
793917,Little Stars Child Care,HOUSTON,14434 BELLAIRE BLVD,77083 7520,1,0,0,0,0,1,0.111,0.111,105,9,0,14.5,0,1,0,0,0,ChIJ0ZcMMdfdQIYRKq_sqQDj2Xw,Little Stars Child Care,4.5,33.0,high_confidence
1321695,Little Einsteins Learning Center LLC,DALLAS,9205 SKILLMAN ST STE 117,75243 7324,2,5,5,0,0,12,0.667,0.111,87,18,2,6.6,0,1,0,0,0,ChIJ0ZhCpegfTIYRvXHpc9naiyI,Little Einsteins Learning Center- Dallas,4.3,46.0,high_confidence
1525834,The Learning Experience- Houston Heights,HOUSTON,1915 AIRLINE DR,77009 2544,0,0,0,0,0,0,0.0,0.0,256,1,0,0.0,0,0,0,0,0,ChIJ0_onBgC5QIYRDEaKwYDB9T4,The Learning Experience - Houston Heights,5.0,1.0,high_confidence
1280128,Beaming Bright Learning Center,SAN ANTONIO,4222 SUNSHADOW ST,78217 4324,5,8,5,0,1,19,1.357,0.357,95,14,0,8.1,0,1,0,0,0,ChIJ0atuKE2LXIYR3nsflRU_tlo,Beaming Bright Learning Center,4.8,69.0,high_confidence
148218,Montessori Preschool at Copperfield,HOUSTON,8007 QUEENSTON BLVD,77095 4730,0,2,0,0,0,2,0.286,0.0,133,7,0,28.7,0,1,0,0,0,ChIJ0azhpR_XQIYRAeW1UdYzEFE,Montessori Preschool at Copperfield,4.6,30.0,high_confidence
356740,Silver Star Academy,HOUSTON,5610 E SAM HOUSTON PKWY N,77015 3249,11,1,3,0,0,15,0.833,0.611,207,18,1,16.5,0,1,0,0,0,ChIJ0bwzwT-kQIYRxKpOx-JlMIw,Silver Star Academy,4.2,51.0,high_confidence
1239589,The Learning Experience,AUSTIN,15542 RANCH ROAD 620 N,78717 5206,6,5,4,0,0,15,0.652,0.261,203,23,0,9.3,0,1,0,0,0,ChIJ0e2Z_njSRIYReYhOHgh9yhI,The Learning Experience - Brushy Creek,4.6,52.0,medium_confidence
1420232,Generation One Academy,HOUSTON,2600 HOLMAN ST BLDG A,77004 3234,6,2,1,1,0,10,0.714,0.429,102,14,1,2.8,0,1,0,0,0,ChIJ0f1wHwK_QIYRJPnu3plgMOM,Generation One,4.2,25.0,medium_confidence
1321089,Learn and Laugh Preschool,AUSTIN,11715 FM 2244,78738 6315,6,19,7,1,0,33,2.357,0.429,43,14,0,7.0,0,1,0,0,0,ChIJ0fAV1MY3W4YRLb8XrElSq38,Learn and Laugh Preschool,5.0,11.0,high_confidence
1140244,Lupine Lane,AUSTIN,1001 HIGHLANDS BLVD,78738 6174,2,1,0,0,0,3,0.375,0.25,120,8,0,11.2,0,0,0,0,0,ChIJ0w3PGQ05W4YRcTd1flJWgPE,Lupine Lane,5.0,4.0,high_confidence
1451612,LEGACY KIDS ACADEMY,HOUSTON,4500 HIGHWAY 6 N STE C,77084 3402,2,1,3,0,1,7,0.875,0.25,102,8,0,2.0,0,1,0,0,0,ChIJ1-dFwEUsKIERDxUezHwdhB0,Legacy Kids Academy-Houston,5.0,18.0,high_confidence
1492478,Red Leaf Learning Academy,HOUSTON,14360 BELLAIRE BLVD STE 128,77083 7516,0,5,1,0,0,6,0.667,0.0,108,9,0,0.6,0,0,0,0,0,ChIJ10T97_PdQIYRtGSdStJ2Hio,Red Leaf Learning Academy,5.0,90.0,high_confidence
1340286,Ready Learners Academy,HOUSTON,1002 ALMEDA GENOA RD,77047 4204,9,7,3,0,1,20,1.111,0.5,84,18,1,5.5,0,1,0,0,0,ChIJ146VdevrQIYRlwtf43OsjZk,Ready Learners Academy,5.0,3.0,high_confidence
275098,Primrose School,FORT WORTH,3125 EAGLE RANCH BLVD,76179 2224,3,2,0,0,0,5,0.294,0.176,220,17,0,20.0,1,0,0,0,0,ChIJ14WpqvrfTYYR2pw0RxkJoHk,Primrose School at Eagle Ranch,4.7,43.0,medium_confidence
1192019,Bright Kids Child Development Center,AUSTIN,10713 N FM 620 STE 101,78726 1700,1,2,0,0,0,3,0.429,0.143,76,7,0,9.9,0,1,0,0,0,ChIJ153GHlkyW4YRDE15wAloTWw,Bright Kids Child Development Center,5.0,20.0,high_confidence
1423185,The Nest at Anderson Mill,AUSTIN,11812 MILLWRIGHT PKWY,78750 1613,4,5,3,0,0,12,0.48,0.16,216,25,0,2.8,0,1,0,0,0,ChIJ15MfIBQzW4YRy3o0MDEKRH0,The Nest at Anderson Mill,4.5,31.0,high_confidence
158821,The Childrens Courtyard,FORT WORTH,2301 WESTERN CENTER BLVD,76131 1205,14,7,6,0,0,27,1.227,0.636,212,22,0,26.5,0,1,0,0,0,ChIJ16X-IiF2ToYRWuPlP1FpBHE,The Children's Courtyard on Western Center Blvd,4.4,90.0,medium_confidence
1504551,Latanya Little Hands Academy,SAN ANTONIO,5063 RIGSBY AVE,78222 1304,1,3,2,0,0,6,1.0,0.167,79,6,0,0.1,0,0,0,0,0,ChIJ16nunx7xXIYR6MwZnO-FCaE,Latanya Little Hands Academy,5.0,10.0,high_confidence
284453,Smaller Scholars,HOUSTON,1685 &1675 S DAIRY ASHFORD,77077,6,12,4,0,0,22,1.467,0.4,493,15,2,20.1,1,0,0,0,0,ChIJ18683WLcQIYROq4DizHlcvo,Smaller Scholars Montessori Academy,4.6,58.0,medium_confidence
1404816,KCE Champions LLC @ Ben Milam,DALLAS,4200 MCKINNEY AVE,75205 4526,3,3,2,0,0,8,0.727,0.273,60,11,0,3.1,0,1,0,0,0,ChIJ18FFYUmfToYRdmAQcvysgy8,Champions at Ben Milam Elementary School,5.0,1.0,medium_confidence
1257587,USA Karate,HOUSTON,11101 RESOURCE PKWY,77089 6059,0,0,2,0,0,2,0.333,0.0,120,6,0,8.6,0,0,0,0,0,ChIJ1RNXxRiaQIYRyMgQKyf45pI,USA Karate,4.9,21.0,high_confidence
1196022,Children's Lighthouse at Heritage,FORT WORTH,4851 SHIVER RD,76244 6115,7,2,3,0,0,12,0.571,0.333,291,21,0,9.9,0,0,0,0,0,ChIJ1RsNwTfYTYYRPXL-uqZ_Dns,Children's Lighthouse of Keller - Fort Worth,4.7,166.0,medium_confidence
98235,J B Adams School,HOUSTON,4601 HIRSCH RD,77026 2745,7,15,4,2,0,28,1.556,0.389,48,18,0,40.1,0,1,0,0,0,ChIJ1Rt-dmu5QIYRQO_ncIT2q0g,"J. B. Adams Infant, Toddler & Preschool",4.5,16.0,medium_confidence
1378050,Brainy Bunch Learning Center Inc,HOUSTON,16140 KUYKENDAHL RD STE 128,77068 3337,2,5,6,1,1,15,1.071,0.143,92,14,0,4.1,0,1,0,0,0,ChIJ1SwierzLQIYRrKx04MNPgqM,"Brainy Bunch Learning Center, Inc",4.5,25.0,high_confidence
665377,Y Early Learning Center,SAN ANTONIO,600 LEAL ST,78207,7,11,4,0,0,22,0.846,0.269,120,26,0,14.9,0,1,0,0,0,ChIJ1THAu25fXIYRbP0zCoNoicE,Haven for Hope Early Learning Center,3.0,8.0,medium_confidence
1384364,JOY Holistic Education,SAN ANTONIO,22864 CIELO VIS,78255 9504,11,8,5,2,0,26,1.182,0.5,102,22,2,3.8,0,1,0,0,0,ChIJ1U5oo6FnXIYRY6VSxh98bSM,JOY Holistic Education,4.7,23.0,high_confidence
1315947,Woodland Montessori,AUSTIN,13180 POND SPRINGS RD,78729 7101,1,0,0,0,0,1,0.143,0.143,74,7,0,6.8,0,0,0,0,0,ChIJ1VqOs88yW4YRVF0iXoxpWTM,Woodland Montessori,5.0,11.0,high_confidence
1242998,Dimples Childcare Learning Center,HOUSTON,6720 HOMESTEAD RD,77028 5020,22,68,42,8,0,140,2.692,0.423,85,52,10,8.6,0,1,0,0,0,ChIJ1WU_79K7QIYRCBYwIsuXrog,DIMPLES CHILD CARE & LEARNING CENTER,5.0,1.0,high_confidence
1403048,Home Sweet Home Childcare,HOUSTON,16618 CLAY RD,77084 4088,13,16,12,2,0,43,1.87,0.565,85,23,2,2.7,0,1,0,0,0,ChIJ1We8YvHZQIYRPDCz-J18QQw,Home Sweet Home Child Care & Pre School,4.4,44.0,medium_confidence
1103009,Life Time Fitness Camps,SAN ANTONIO,18510 US HIGHWAY 281 N,78259 7604,3,8,2,0,0,13,1.444,0.333,150,9,2,12.1,0,0,0,0,0,ChIJ1ZA-4_WJXIYRt4y1yU3QQ6o,Life Time,4.0,590.0,medium_confidence
1364087,Gessner Kiddie Kollege,HOUSTON,8895 W BELLFORT ST,77031 2405,2,3,4,0,0,9,0.5,0.111,232,18,0,4.7,0,1,0,0,0,ChIJ1acG2C_oQIYRCwKBBaOibVc,Gessner Kiddie Kollege,4.4,123.0,high_confidence
1373822,Computer Kids Hope Academy,HOUSTON,16233 CLAY RD STE 300,77084 5423,7,16,6,0,0,29,1.706,0.412,154,17,1,4.1,0,1,0,0,0,ChIJ1c0X38nXQIYR-_i1sXe8Vws,Computer Kids Hope Academy - 24 Hour Daycare Houston,4.0,26.0,medium_confidence
1350391,Little Treehouse Early Learning Center #4,SAN ANTONIO,5440 BABCOCK RD STE 100,78240 3946,15,24,10,2,0,51,1.085,0.319,141,47,1,5.1,0,1,0,0,0,ChIJ1cDPqWBnXIYR95Lh5hBycLk,Little Treehouse Early Learning Center,3.5,46.0,high_confidence
102879,Chapelwood United Methodist SC,HOUSTON,11140 GREENBAY ST,77024 6729,4,8,3,1,0,16,1.333,0.333,382,12,1,38.8,1,0,0,0,0,ChIJ1cW3Yw7FQIYRJuO4j7qn9I4,"Chapelwood United Methodist Church - Houston, TX",4.7,184.0,medium_confidence
1157032,Nabor House Community,HOUSTON,8009 LONG POINT RD,77055 2034,1,5,2,0,0,8,1.143,0.143,78,7,0,10.9,0,1,0,0,0,ChIJ1dJnTCXEQIYRjWH4SPIHa4g,Nabor House Community,4.3,34.0,high_confidence
1372769,Imagination Island,HOUSTON,4003 KELLEY ST STE C,77026 1586,3,8,13,1,2,27,2.25,0.25,41,12,1,4.4,0,1,0,0,0,ChIJ1e88sQy5QIYRVlP7syUrKJE,Imagination Island,1.0,1.0,high_confidence
96256,Toddler House No 6,HOUSTON,6606 W 43RD ST,77092 5702,6,20,13,0,1,40,2.0,0.3,125,20,1,38.7,0,1,0,0,0,ChIJ1eOGPMPFQIYR7bnY0bmBshQ,The Toddler House Spring Branch,4.0,34.0,medium_confidence
1377510,Schola International,AUSTIN,9002 ANDERSON MILL RD,78729 4501,3,6,4,2,0,15,1.25,0.25,65,12,2,4.2,0,0,0,0,0,ChIJ1fd2xavNRIYR1st6ti5q9FY,Schola International,5.0,77.0,high_confidence
170833,Early Head Start  Lakewest Program,DALLAS,3737 GOLDMAN ST,75212 2471,1,0,0,0,0,1,0.111,0.111,204,9,0,24.3,1,0,0,0,0,ChIJ1w2hlXyXToYR8gk8l3aBd_k,Early Head Start @ Lakewest,4.7,3.0,high_confidence
1465703,Neighborhood Christian Learning Center of Pleasant Grove,DALLAS,9009 BRUTON RD STE 447,75217 2012,0,0,0,0,0,0,0.0,0.0,100,10,0,1.6,1,1,0,0,0,ChIJ1x7eUk2jToYRdEHEFc8V-HA,Neighborhood Christian Learning Center of Pleasant Grove,5.0,13.0,high_confidence
1395919,Kiddie Academy of Far North Dallas,DALLAS,6220 MCCALLUM BLVD,75252,7,11,6,0,0,24,1.2,0.35,200,20,0,3.2,0,1,0,0,0,ChIJ1xHetPkjTIYR8Ky6x80vNo8,Kiddie Academy of Far North Dallas,5.0,50.0,high_confidence
149500,Crenshaw Athletic Club,AUSTIN,5000 FAIRVIEW DR,78731 5424,1,4,5,1,0,11,2.2,0.2,86,5,1,28.0,0,0,0,0,0,ChIJ1yAno-jKRIYRtC_ID1-DXeg,Crenshaw Athletic Club,4.5,28.0,high_confidence
99287,Wallisville KinderCare,HOUSTON,14614 WALLISVILLE RD,77049 4436,7,11,9,1,0,28,2.0,0.5,100,14,2,39.2,0,1,0,0,0,ChIJ1yFlh_SkQIYRtY_c5VBmjkk,Wallisville KinderCare,4.2,53.0,high_confidence
1187960,The Goddard School,HOUSTON,9739 WORTHAM BLVD,77065 3420,15,12,9,0,0,36,0.973,0.405,243,37,0,10.0,0,0,0,0,0,ChIJ1yW_MG3RQIYRRHyEt2PUJak,The Goddard School of Houston - Jersey Village,4.4,64.0,medium_confidence
1303419,Yorktown Spanish School,DALLAS,123 E COLORADO BLVD,75203 1209,0,1,4,1,0,6,0.857,0.0,80,7,0,7.3,0,1,0,0,0,ChIJ2-X84tiZToYRF8HhBr8RJ_Y,Yorktown Spanish School,4.9,34.0,high_confidence
95502,Northway Christian Day School,DALLAS,7202 W NORTHWEST HWY,75225 2450,1,1,0,1,0,3,0.6,0.2,157,5,0,26.7,0,0,0,0,0,ChIJ2094gLCfToYRNHGRsI3uIZo,Northway Christian Day School,5.0,3.0,high_confidence
1101579,"BusiBodies Academy, Inc.",HOUSTON,3926 ERIE ST,77087 4716,2,2,1,1,0,6,0.545,0.182,164,11,1,13.0,0,1,0,0,0,ChIJ20oUBIi9QIYRZ8YiMs_3p5Y,Busi Bodies Academy,3.8,20.0,medium_confidence
1092895,"The Kipling School, Inc.",HOUSTON,620 SHEPHERD DR,77007 5351,2,7,5,2,0,16,1.778,0.222,208,9,2,12.5,0,0,0,0,0,ChIJ227YgLPAQIYR9nZZROpibps,The Kipling School - Preschool on Shepherd,3.3,10.0,medium_confidence
279154,Alpha Academy #2,HOUSTON,7722 VAN NESS ST,77037 4627,0,0,0,0,0,0,0.0,0.0,59,6,0,20.0,0,1,0,0,0,ChIJ22E_Xfu3QIYRgUDohSpLS5E,Alpha Academy #2,4.6,17.0,high_confidence
1124598,Clay Road Baptist Early Child Care,HOUSTON,9151 CLAY RD,77080 1601,11,17,15,2,1,46,3.286,0.786,153,14,5,11.7,0,0,0,0,0,ChIJ22reIqHFQIYR_dhd7YLo9kI,Clay Road Baptist Early Child Care,4.1,11.0,high_confidence
1389427,The Learning Experience Southwest Austin,AUSTIN,7814 HIGHWAY 290 W,78736 3217,6,0,1,0,0,7,0.318,0.273,193,22,0,3.6,0,1,0,0,0,ChIJ22yvtSpJW4YRMS9wfNkSebA,The Learning Experience - Southwest Austin,4.9,131.0,high_confidence
127935,St Rose Of Lima,HOUSTON,3600 BRINKMAN ST,77018 6329,4,10,6,2,0,22,0.688,0.125,250,32,0,32.7,0,0,0,0,0,ChIJ22yw3KHHQIYRdFURgcVZffE,St. Rose of Lima Catholic Community,4.6,96.0,medium_confidence
95664,Jewish Community Center Child Care,SAN ANTONIO,12500 NW MILITARY HWY,78231 1897,0,5,1,0,1,7,1.167,0.0,325,6,0,26.4,1,1,0,0,0,ChIJ23Hqiv5gXIYRcYz6Evc879s,San Antonio Jewish Community,4.8,43.0,medium_confidence
241863,Brodie Lane Child Development Center Child Incorporated,AUSTIN,8105 BRODIE LN,78745 7436,3,1,2,0,2,8,0.571,0.214,82,14,2,21.6,1,0,0,0,0,ChIJ23Np84dLW4YRtjRQkQJ1MAc,Child Inc. Brodie Child Development Center,4.0,9.0,high_confidence
1492345,Legacy Christian Learning Center LLC,SAN ANTONIO,12134 EL SENDERO ST,78233 6720,1,3,2,0,0,6,0.75,0.125,81,8,0,0.0,0,0,0,0,0,ChIJ2Ss8lwKLXIYRt8i9ehOHSIo,"Legacy Christian Learning Center, LLC",5.0,5.0,high_confidence
277628,Michael's Child Care,SAN ANTONIO,645 KAYTON AVE,78210 3503,4,7,6,0,0,17,1.133,0.267,54,15,0,19.7,0,1,0,0,0,ChIJ2SuRT0f2XIYR2a-3jFY_8_E,Michael's Child Care,3.9,14.0,high_confidence
104320,Shepherd of the Hills Presbyterian Church Preschool,AUSTIN,5226 W WILLIAM CANNON DR,78749 2212,1,0,1,0,0,2,0.333,0.167,60,6,0,37.8,0,0,0,0,0,ChIJ2Ul7csBLW4YRUBGEaKws8t4,Shepherd of the Hills Presbyterian Church,4.9,27.0,high_confidence
1465689,Davenn LLC DBA First Steps Learning Center,HOUSTON,7170 CHERRY PARK DR,77095 2713,0,6,3,1,0,10,1.111,0.0,143,9,0,1.5,0,1,0,0,0,ChIJ2VlqXBbRQIYR5wk-J205TtQ,"First Steps Learning Center - Copperfield, Tx",4.6,11.0,medium_confidence
735868,EA Smith YMCA- Brookwood Elementary,HOUSTON,16850 MIDDLEBROOK DR,77059 4700,1,7,1,0,0,9,0.9,0.1,68,10,0,14.8,0,1,0,0,0,ChIJ2VmCFo2bQIYRcaOCG_ln_Cc,Edgar A. Smith Family YMCA,4.1,60.0,medium_confidence
1221368,PCI Imperial,SAN ANTONIO,111 IMPERIAL BLVD,78226 1132,1,0,0,0,0,1,0.125,0.125,99,8,0,9.6,1,0,0,0,0,ChIJ2X8R62dZXIYRC00oLDMrQRg,Pci Imperial,4.5,2.0,high_confidence
101679,Memorial Dr UMC Childrens Weekday School,HOUSTON,12955 MEMORIAL DR,77079 7302,1,3,0,1,0,5,0.625,0.125,327,8,1,38.6,1,0,0,0,0,ChIJ2XNQDVHbQIYRu4mMcnJWy60,MDUMC Weekday School,5.0,2.0,medium_confidence
1403460,Mundo Verde Montessori LLC,AUSTIN,1414 KRAMER LN,78758 4272,1,4,3,0,0,8,0.8,0.1,144,10,0,3.2,0,0,0,0,0,ChIJ2Xrg0ujLRIYRuIGNplPwEUE,Mundo Verde Montessori,5.0,24.0,high_confidence
943248,Miller Child Development Center,SAN ANTONIO,102 S MEL WAITERS WAY,78203 2400,7,16,2,0,0,25,1.087,0.304,140,23,1,13.8,1,1,0,0,0,ChIJ2Y0Ac3v2XIYRk5631vKhk2k,Miller Child Development Center,4.5,10.0,high_confidence
1469267,Celebree School of Dallas Arts District,DALLAS,2400 BRYAN ST,75201 2684,4,4,2,0,0,10,0.667,0.267,187,15,0,1.4,0,0,0,0,0,ChIJ2YFQmmmZToYR0SfgiqDcCik,Celebree School of Dallas Arts District,4.9,30.0,high_confidence
108149,Blessed Sacrament Academy Child Development Center,SAN ANTONIO,1135 MISSION RD,78210 4505,2,4,3,1,0,10,1.111,0.222,140,9,1,35.9,0,1,0,0,0,ChIJ2YLcI4RYXIYR4J4okgYEKBU,Blessed Sacrament Academy,4.1,9.0,medium_confidence
1428307,Garden Montessori School,HOUSTON,8644 BEVERLYHILL ST,77063 5002,4,14,9,4,1,32,3.556,0.444,140,9,0,2.5,0,1,0,0,0,ChIJ2ZhZ9mnDQIYRJI3o8J2CJ_Y,Garden Montessori Schools - Central,5.0,2.0,high_confidence
1513176,Kinder Early Learning Center,HOUSTON,3143 YELLOWSTONE BLVD,77054 2305,2,1,0,0,0,3,0.5,0.333,227,6,0,0.3,0,0,0,0,0,ChIJ2aD0gD2_QIYRrpd5BlrmTAw,Kinder Early Learning Center,5.0,40.0,high_confidence
1464233,The Learning Experience,SAN ANTONIO,12112 ALAMO RANCH PKWY,78253 4326,16,7,10,0,0,33,1.375,0.667,207,24,1,1.6,0,1,0,0,0,ChIJ2akM3W5DXIYRuBGZF7HowUo,The Learning Experience - Alamo Ranch,3.9,48.0,medium_confidence
102591,Ashford Child Enrichment Center,HOUSTON,2201 S DAIRY ASHFORD RD,77077 5705,2,3,7,2,0,14,2.8,0.4,118,5,1,39.0,0,0,0,0,0,ChIJ2w2IN2DcQIYRRSqrJ-WeVEM,Ashford Child Enrichment Center,4.9,19.0,high_confidence
155177,First Step Learning Center,DALLAS,5641 SOUTHWESTERN MEDICAL AVE,75235 7207,3,8,3,0,0,14,0.875,0.188,365,16,1,27.1,0,1,0,0,0,ChIJ2xjB7hecToYRwKd1e3z5b5A,First Step Learning Center,4.1,125.0,high_confidence
250833,Jacksons Playland,DALLAS,2515 PEABODY AVE,75215 2937,3,3,0,1,0,7,0.538,0.231,36,13,1,21.5,0,1,0,0,0,ChIJ2ymvTYuYToYRtcGHHAP4hvc,Jackson Playland Inc,4.4,18.0,high_confidence
283121,Akiba Yavneh Academy,DALLAS,12324 MERIT DR,75251 2222,3,1,3,0,0,7,0.875,0.375,180,8,1,20.0,1,0,0,0,0,ChIJ2zvBS_MgTIYRV4SNzbAu9Lg,Akiba Yavneh Academy,4.6,22.0,high_confidence
1150531,Sheffield Head Start,HOUSTON,14300 WALLISVILLE RD,77049 4135,2,2,3,0,0,7,1.0,0.286,140,7,0,10.9,0,0,0,0,0,ChIJ30F_uJeVXhQR7wO7lN8zwG8,Sheffield Head Start Center,3.9,11.0,high_confidence
1296016,Mary's Little Lamb Learning Center,HOUSTON,4721 AIRPORT BLVD,77048 1002,12,6,0,0,0,18,1.2,0.8,24,15,0,7.6,0,0,0,0,0,ChIJ315b0uOVQIYRRgHUnvFkcgI,"Mary""s Little Lamb Learning Center",4.8,12.0,high_confidence
1300491,The Playhouse Academy,FORT WORTH,4900 BRIARHAVEN RD,76109 4403,2,4,0,0,0,6,0.667,0.222,164,9,0,7.8,0,0,0,0,0,ChIJ31YDVVlyToYRm1yKVG5itk4,Playhouse Academy,3.7,13.0,high_confidence
95519,Northwoods Presbyterian Church,HOUSTON,3320 F M 1960 W,77068,3,9,6,2,0,20,2.857,0.429,100,7,0,37.9,0,1,0,0,0,ChIJ33mnfYDMQIYRZIvpXT9QHAw,Northwoods Presbyterian Church,4.6,34.0,high_confidence
1485309,Bright & Morning Star Christian Learning Center,SAN ANTONIO,547 K ST,78220 4154,0,3,2,0,0,5,0.833,0.0,21,6,0,0.8,0,1,0,0,0,ChIJ36XD5fT2XIYRlwlQO-3aPS8,Bright & Morning Star Baptist Church,4.8,44.0,medium_confidence
1446133,Meadowbrook School,DALLAS,6525 FOREST LN,75230 2807,0,0,0,0,0,0,0.0,0.0,101,8,0,1.9,0,0,0,0,0,ChIJ37Kgyk6dToYRf_7DtOtupOI,Meadowbrook School,5.0,2.0,high_confidence
1318541,Hands N Hands Childcare,SAN ANTONIO,2143 S WW WHITE RD,78222 1121,9,17,8,3,0,37,1.423,0.346,88,26,1,6.7,0,1,0,0,0,ChIJ398Ritb3XIYRcSAOruux5mo,Hands N Hands,3.0,5.0,medium_confidence
1129827,Kids Are Angels Learning Center,SAN ANTONIO,10865 SHAENFIELD RD STE 2101,78254 9617,1,4,1,0,0,6,0.75,0.125,56,8,0,11.4,0,1,0,0,0,ChIJ398ch8xpXIYRhjr89iX_Cis,Kids Are Angels Learning Center,4.8,30.0,high_confidence
1212145,The Goddard School,AUSTIN,301 MEDICAL PKWY,78738 5627,1,4,2,0,0,7,0.636,0.091,202,11,0,9.9,0,1,0,0,0,ChIJ3Q-hcs05W4YR6c8zY-THreQ,The Goddard School of Lakeway,5.0,70.0,medium_confidence
1509724,Big Dreams &Lil Wonders Academy-Walters Road,HOUSTON,13712 WALTERS RD STE 100,77014 2763,2,2,0,0,0,4,0.8,0.4,132,5,0,-0.0,0,0,0,0,0,ChIJ3Q4tpK3LQIYR0aiJKJ8iiNA,Big Dreams & Lil Wonders Christian Academy,5.0,5.0,medium_confidence
312723,Childs Day,AUSTIN,2525 WALLINGWOOD DR STE 100,78746 6926,3,4,2,1,1,11,0.733,0.2,278,15,0,18.8,1,1,0,0,0,ChIJ3RZ1AjO1RIYRATvhbZ0fgoI,Child's Day,4.4,18.0,high_confidence
1464600,Maple Grove Montessori & Child Care,SAN ANTONIO,7724 ECKHERT RD,78240 3008,8,10,5,0,0,23,1.095,0.381,74,21,1,1.7,0,1,0,0,0,ChIJ3TGcmmJdXIYRVOuyvSRHNdM,Maple Grove Montessori & Childcare,4.4,55.0,high_confidence
1170995,Miss Pattycake Childcare,HOUSTON,2513 SUNSET BLVD,77005 1433,0,2,3,0,1,6,0.857,0.0,37,7,0,10.4,0,0,0,0,0,ChIJ3TQvp1_AQIYRf7NOfb5lxcI,Miss Pattycake Childcare,4.6,39.0,high_confidence
165274,Lil Tikes Day Care Center,SAN ANTONIO,2710 TORTUGA ST,78224 1838,5,10,6,1,0,22,1.467,0.333,49,15,0,24.8,0,1,0,0,0,ChIJ3Uz7qeBZXIYRkMYvoHMOt3w,Lil Tikes Daycare,4.2,18.0,medium_confidence
1372203,"Little Creations Learning Center, LLC",DALLAS,817 HOLCOMB RD,75217 4413,8,14,14,2,1,39,1.3,0.267,223,30,1,4.2,0,1,0,0,0,ChIJ3V0avqm8ToYRd4ZtrbT0Mp0,Little Creations Learning Center,3.7,19.0,high_confidence
1505979,Kido International Preschool,HOUSTON,3302 CANAL ST,77003 1832,3,3,0,0,0,6,1.2,0.6,140,5,0,0.0,0,0,0,0,0,ChIJ3VHFSwC_QIYR1oqRHwJQxas,Kido EADO International Preschool & Daycare,5.0,4.0,medium_confidence
1196487,Arborlawn Children's Academy,FORT WORTH,5001 BRIARHAVEN RD,76109 4406,0,5,2,0,0,7,1.0,0.0,100,7,0,9.7,0,0,0,0,0,ChIJ3_gGRYZyToYRnclPZl7jRPk,Arborlawn Children's Academy,5.0,7.0,high_confidence
285677,Southmore Kiddie Kollege,HOUSTON,3201 SOUTHMORE BLVD,77004 6216,8,30,6,0,0,44,2.095,0.381,85,21,0,19.6,0,1,0,0,0,ChIJ3_kVyaC_QIYRnYV4rNlAJ3E,Southmore Kiddie Kollege,5.0,2.0,high_confidence
1479013,Little Dreamers Preschool,HOUSTON,9803 SPRING CYPRESS RD STE 100,77070 6431,4,7,4,0,0,15,1.25,0.333,96,12,0,1.1,0,1,0,0,0,ChIJ3cmadFHTQIYRCsa6fGtlnIQ,Little Dreamers Preschool,4.6,27.0,high_confidence
1508742,Creative Care - Blalock,HOUSTON,1639 BLALOCK RD,77080 7320,0,5,1,1,0,7,1.75,0.0,193,4,0,0.2,1,0,0,0,0,ChIJ3f9W_gbFQIYRgcm8ABlHWys,Creative Care Childrens School - Spring Branch - Blalock,4.9,82.0,medium_confidence
1515543,Stepping Stone School XVIII,AUSTIN,9325 ALICE MAE LN,78748 5413,0,0,0,0,0,0,0.0,0.0,170,5,0,0.2,0,0,0,0,0,ChIJ3fIr79BMW4YRT60hR380tbQ,Stepping Stone School - Southpark Meadows/Onion Creek,4.2,44.0,medium_confidence
94266,St. Paul's Lutheran Child Development Center,SAN ANTONIO,106 211 ROSEBOROUGH ST,78210,1,0,3,0,0,4,0.4,0.1,128,10,0,40.1,1,1,0,0,0,ChIJ3wBGFyH2XIYRaop_HanqFfU,St Paul Lutheran Child Development Center,4.0,4.0,high_confidence
1235442,Buckeye Trail Commons Early Head Start and Head Start,DALLAS,6717 BEXAR ST,75215 5406,1,0,0,0,0,1,0.125,0.125,160,8,0,9.3,0,0,0,0,0,ChIJ3wuexPyZToYRNTuNoY10--0,Buckeye Headstart Learning Center,4.1,9.0,medium_confidence
148838,Childrens Courtyard,AUSTIN,11012 HARRIS BRANCH PKWY,78754 5602,3,7,7,0,1,18,1.286,0.214,224,14,0,28.3,1,1,0,0,0,ChIJ3xtsHXnIRIYRoRa7hmMcogc,The Children's Courtyard on Harris Branch Parkway,4.2,81.0,medium_confidence
114239,Mi Escuelita Preschool @ Cockrell Hill Head Start,DALLAS,4031 W CLARENDON DR,75211 4917,1,3,0,0,0,4,0.364,0.091,116,11,0,36.6,0,0,0,0,0,ChIJ3zz_WfKaToYRweKBdMQI0uM,Mi Escuelita Preschool,3.2,9.0,medium_confidence
250709,Little Miracles Child Development Center,SAN ANTONIO,3751 COMMERCIAL AVE,78221 3118,2,14,6,1,0,23,2.091,0.182,100,11,0,21.0,0,1,0,0,0,ChIJ40baJSZYXIYRp2IQ5dpZpJA,Little Miracles Child Development Center,3.0,2.0,high_confidence
257413,Lil' Dragon Den Day Care,SAN ANTONIO,7330 MARBACH RD,78227 1918,0,6,1,0,0,7,1.167,0.0,80,6,1,20.6,0,1,0,0,0,ChIJ430fSp5cXIYRBI6yCb1ZzMg,Lil Dragon Den,2.3,33.0,medium_confidence
268969,Lake Highlands Presbyterian CDC,DALLAS,8525 AUDELIA RD,75238 4201,17,19,4,0,0,40,1.053,0.447,154,38,0,20.8,0,0,0,0,0,ChIJ47Ad8U-gToYR5IUbTqO29Zk,Lake Highlands Presbyterian Church,4.2,30.0,high_confidence
105502,Green Acres Child Care Center,SAN ANTONIO,1710 S SAINT MARYS ST,78210 1635,0,8,7,0,0,15,1.154,0.0,24,13,0,34.4,1,0,0,0,0,ChIJ47VUULpYXIYRZJFK0lkrAz8,Greenacres Child Care Center,4.3,22.0,high_confidence
147720,Skillman Child Development,DALLAS,3014 SKILLMAN ST,75206 6129,4,3,0,0,0,7,0.438,0.25,300,16,0,28.7,0,0,0,0,0,ChIJ47wGPkOfToYRBb3EYBm3JoY,Skillman Church of Christ Child Development Center,5.0,6.0,medium_confidence
1172854,St John Learners Academy,DALLAS,2600 S MARSALIS AVE,75216 3021,0,9,6,0,0,15,1.154,0.0,125,13,0,10.1,0,0,0,0,0,ChIJ4REezN-ZToYRzm90lEnZc98,St. John Learner's Academy,5.0,1.0,high_confidence
532368,Learning Time Academy,HOUSTON,8433 ALMEDA RD STE U,77054 7102,6,6,2,3,0,17,1.889,0.667,61,9,2,15.6,0,1,0,0,0,ChIJ4RKWI_-_QIYRJ0r7zvl7tyk,Learning Time Academy,4.5,13.0,high_confidence
1488463,Pinnacle Montessori Academy of Saginaw,FORT WORTH,6769 OLD DECATUR ROAD,76179,4,2,1,1,0,8,0.533,0.267,225,15,0,0.6,0,0,0,0,0,ChIJ4U367ih1ToYRoovIZVfBU8I,Pinnacle Montessori of Saginaw,4.3,23.0,high_confidence
320440,Primrose School of Huebner Village,SAN ANTONIO,2410 HUEBNER PARK,78248 1472,1,6,8,0,0,15,2.5,0.167,225,6,0,17.9,1,0,0,0,0,ChIJ4U96tnVhXIYRmjUVcsxRFuY,Primrose School of Huebner Village,4.8,58.0,high_confidence
1341629,Petite Ecole Internationale,AUSTIN,831 SPRINGDALE RD,78702 4042,0,0,4,0,0,4,0.8,0.0,49,5,0,6.0,0,1,0,0,0,ChIJ4UEkeV7KRIYRX5cNvE4CAM8,Petite Ecole Internationale,5.0,1.0,high_confidence
1382459,Garden Blossom Preschool,AUSTIN,6000 MOUNTAIN SHADOWS DR,78735 8012,0,0,0,0,0,0,0.0,0.0,34,9,0,3.8,1,1,0,0,0,ChIJ4VR1sjlJW4YR87SgBdGlAM0,Garden Blossom Preschool,5.0,12.0,high_confidence
100363,Gloria Dei Early Childhood Program,HOUSTON,18220 UPPER BAY RD,77058 4127,7,2,2,1,0,12,0.8,0.467,322,15,1,38.9,1,0,0,0,0,ChIJ4XJVSw-dQIYRlBSMbpHSPfg,Gloria Dei Lutheran Church,4.8,19.0,medium_confidence
151949,Westoak Woods Baptist Preschool,AUSTIN,2900 SLAUGHTER LN W,78748 5701,1,0,4,0,0,5,0.714,0.143,91,7,0,28.0,0,0,0,0,0,ChIJ4_yP5mdMW4YRf-Jy-mVkkxE,Westoak Woods Baptist Church,4.1,27.0,high_confidence
128364,Westbury Methodist Day School,HOUSTON,5200 WILLOWBEND BLVD,77096 5219,0,0,0,0,0,0,0.0,0.0,135,5,0,33.2,1,1,0,0,0,ChIJ4aEeqd3rQIYRcjVnP0MuWL4,Westbury Methodist Day School,5.0,21.0,high_confidence
1465978,Armenta's Early Childhood Development II,HOUSTON,10330 BLACKHAWK BLVD,77089 2798,0,3,4,0,0,7,1.0,0.0,86,7,0,1.6,0,1,0,0,0,ChIJ4bKpkiiRQIYRhBB5c_nBeTw,Armenta's Early Childhood Development- Blackhawk,5.0,8.0,high_confidence
106015,West Montessori School Of Copperfield,HOUSTON,15810 LONGENBAUGH DR,77095 1601,2,1,1,0,0,4,0.5,0.25,96,8,0,36.9,0,0,0,0,0,ChIJ4cyhDdPQQIYROak2EFtraAo,West Montessori School of Copperfield,4.7,62.0,high_confidence
200020,Cook Head Start,HOUSTON,6959 COOK RD,77072 2240,1,1,1,0,0,3,0.3,0.1,254,10,0,23.6,0,0,0,0,0,ChIJ4dHQZQ7dQIYRaKZOJchV4aA,Cook Road Head Start Center,3.7,28.0,medium_confidence
359472,Ridglea Country Club,FORT WORTH,3700 BERNIE ANDERSON AVE,76116 7301,0,2,1,0,0,3,0.375,0.0,12,8,0,16.9,0,0,0,0,0,ChIJ4fCOyt1yToYR-uDGIlKHzTU,Ridglea Country Club - North,4.6,372.0,high_confidence
282627,Pinebrook KinderCare,HOUSTON,4422 CLEAR LAKE CITY BLVD,77059 8000,0,3,1,0,0,4,0.4,0.0,130,10,0,19.5,1,1,0,0,0,ChIJ4w9A_ZqeQIYRAQ25VftO6XA,Pinebrook KinderCare,4.9,35.0,high_confidence
1403483,"Daniel's Academic Academy, LLC",HOUSTON,4025 GRIGGS RD,77021 1447,0,0,1,0,0,1,0.1,0.0,78,10,0,3.2,0,1,0,0,0,ChIJ4wd7qCW_QIYRSU-dVeL_Kls,Daniels Academic Academy,5.0,3.0,high_confidence
95605,Harvest Child Enrichment Center,FORT WORTH,7501 CROWLEY RD,76134 4202,6,8,2,1,0,17,2.125,0.75,130,8,0,25.7,0,1,0,0,0,ChIJ4x4gq4BuToYRDGpuS3tGRLA,Harvest Child Enrichment Center,5.0,9.0,high_confidence
282818,Bright Stars Academy,HOUSTON,712 E TIDWELL RD STE J,77022 1842,1,1,2,2,0,6,0.667,0.111,78,9,2,19.8,1,1,0,0,0,ChIJ4x9uiwu4QIYRjj96FhG8ZEU,Bright Stars Academy,4.1,9.0,high_confidence
1382936,Spanish Grove Academy- Edquisitive Montessori,SAN ANTONIO,22215 WILDERNESS OAK,78258 2511,0,8,2,0,0,10,0.625,0.0,165,16,0,4.0,0,1,0,0,0,ChIJ4zLMNkFiXIYR9YWxLXDPtGs,Spanish Grove Academy - Edquisitive Montessori,5.0,2.0,high_confidence
1502117,KIDZ ROCKET 3,HOUSTON,8610 SYNOTT RD,77083 6018,0,0,1,0,0,1,0.2,0.0,117,5,0,0.2,0,0,0,0,0,ChIJ50-rYpDdQIYRO3fJSExl6HA,Kidz Rocket Learning Center,4.2,22.0,medium_confidence
217344,West Austin Youth Association  Developmental Mornings,AUSTIN,1314 EXPOSITION BLVD,78703,0,1,0,0,0,1,0.167,0.0,103,6,0,22.4,0,1,0,0,0,ChIJ502UZlq1RIYR2GcL87YTyx8,WAYA (West Austin Youth Association) & WAYA Preschool,3.7,19.0,medium_confidence
151901,Temple Days,FORT WORTH,6816 RANDOL MILL RD,76120 1248,3,9,3,0,0,15,1.0,0.2,181,15,1,28.4,0,1,0,0,0,ChIJ50Apydl7ToYR2-y-VX58yTc,Temple Days Daycare,4.8,21.0,medium_confidence
1347550,Primrose School Klyde Warren Park,DALLAS,1909 WOODALL RODGERS FWY STE 100,75201 2200,2,3,6,0,0,11,0.846,0.154,130,13,0,5.4,1,0,0,0,0,ChIJ50vSFTyZToYRwFnah9RwT_w,Primrose School at Klyde Warren Park,5.0,21.0,high_confidence
1246305,The Children's Preschool Center,DALLAS,1450 OLD GATE LN STE 100,75218 4103,0,0,0,0,0,0,0.0,0.0,134,7,0,9.3,1,0,0,0,0,ChIJ51V0enahToYRrs0sTbCQFiw,The Children's Center,4.6,9.0,high_confidence
118465,Cranbrook Learning Connection,HOUSTON,13331 Kuykendahl  Suite 101 & Suite 122,77090,0,0,1,0,0,1,0.167,0.0,147,6,0,32.1,0,1,0,0,0,ChIJ52VvvzXKQIYRmULoFlSc_Vk,Canbrook Learning Connection,4.6,27.0,medium_confidence
1348666,Peari's Preparatory Academy,DALLAS,3814 MARYLAND AVE,75216 6116,1,3,6,0,0,10,0.769,0.077,39,13,0,5.1,0,1,0,0,0,ChIJ55d7mueZToYRNFkg60eKyqE,Peari's Preparatory Academy,4.6,9.0,high_confidence
216690,Diamond Road Head Start and Child Development Center,FORT WORTH,2526 DIAMOND RD,76106 6568,3,1,0,0,0,4,0.4,0.3,60,10,0,22.5,0,1,0,0,0,ChIJ55xEpe52ToYRxpx4ZldnNZ8,Diamond Road Child Development Center,5.0,5.0,high_confidence
1500475,Just 4 Kids Learning Academy,HOUSTON,11430 WEST RD,77065 4712,2,4,1,0,0,7,1.167,0.333,75,6,0,0.1,1,0,0,0,0,ChIJ56LqObHRQIYROrkOFAJCF0A,Just 4 Kids Learning Academy,4.6,40.0,high_confidence
271865,Leaps n Bounds,AUSTIN,7010 VILLAGE CENTER DR,78731 3024,0,9,0,0,0,9,1.286,0.0,211,7,5,20.1,0,1,0,0,0,ChIJ56PcNBrLRIYRzUVfGsKnwbU,Leaps N Bounds,4.5,21.0,high_confidence
1515011,Stepping Stone School VI,AUSTIN,12301 HYMEADOW DR,78750 1816,0,0,0,0,0,0,0.0,0.0,157,3,0,0.2,0,0,0,0,0,ChIJ58C6w8cyW4YR0EHByLzOMfM,Stepping Stone School Lakeline,4.8,27.0,medium_confidence
1121599,"Mustard Seed Academy, Inc.",SAN ANTONIO,1115 S SAINT MARYS ST,78210 1286,4,18,8,0,0,30,0.833,0.111,84,36,0,11.9,0,1,0,0,0,ChIJ5SMVbKZYXIYR_XqwitCAP3k,Mustard Seed Academy,4.0,33.0,high_confidence
218027,Unity Child Care,HOUSTON,827 TURNEY DR,77038 3921,2,6,1,4,1,14,2.8,0.4,49,5,2,23.1,0,1,0,0,0,ChIJ5TD6esfOQIYRLyEgw_aylbk,Unity Child Development School,4.0,4.0,medium_confidence
1118878,Children's Lighthouse at Cibolo Canyon,SAN ANTONIO,25473 BULVERDE RD,78261 2323,7,5,3,1,0,16,0.667,0.292,228,24,0,11.9,0,1,0,0,0,ChIJ5U_wR_SIXIYRCRDEmev9EEY,Children's Lighthouse of San Antonio - Bulverde Rd,4.6,118.0,medium_confidence
104407,Chisholm La Petite Academy,AUSTIN,9315 CHISHOLM LN,78748 6389,7,5,4,0,0,16,1.231,0.538,109,13,0,37.7,0,1,0,0,0,ChIJ5UmC2OtMW4YR5vYo795mJ2w,La Petite Academy of South Austin,4.3,86.0,medium_confidence
1268888,Houston Kidz Center LLC,HOUSTON,713 E AIRTEX DR,77073 6342,2,2,1,1,0,6,0.545,0.182,136,11,1,9.0,0,1,0,0,0,ChIJ5Xmu22vKQIYR_Gf1jEGX3CU,Houston Kidz Center,4.0,40.0,high_confidence
1405070,My Little Rascals Development Center,DALLAS,5554 S HAMPTON RD,75232 2202,15,22,6,2,0,45,1.5,0.5,141,30,4,3.0,1,1,0,0,0,ChIJ5Zq4GOiQToYRdKrT7vU-pQs,Little Rascals Daycare,3.6,16.0,medium_confidence
1317687,The Gifted Minds,DALLAS,2550 W RED BIRD LN STE 412,75237 2314,0,8,3,0,1,12,1.714,0.0,62,7,0,6.6,0,0,0,0,0,ChIJ5_RK7FSRToYRMHMkwmaqCsM,The Gifted Minds Foundation,5.0,6.0,medium_confidence
1494508,Silver Star Academy at Cypress Creek,HOUSTON,4331 BRIGHTWOOD DR,77068 1700,3,9,4,0,0,16,3.2,0.6,168,5,0,0.4,1,0,0,0,0,ChIJ5b7S9VDNQIYRB_71oSKXd7I,Silver Star Academy at Cypress Creek,5.0,9.0,high_confidence
729909,Nicholson Early Childhood Education Center,AUSTIN,12233 RR 620 N STE 201,78750 1069,0,1,0,0,0,1,0.125,0.0,95,8,0,14.9,1,0,0,0,0,ChIJ5bzsa5EyW4YRhanwnJRaJuc,Nicholson Early Childhood Education Center,5.0,10.0,high_confidence
771089,Northwest Hills GMC Mother's Day Out Preschool,SAN ANTONIO,7575 TEZEL RD,78250 3504,0,1,1,0,0,2,0.286,0.0,70,7,0,14.6,0,0,0,0,0,ChIJ5c2B4wBoXIYR2qqClZkFNOg,Northwest Hills Global Methodist Church,4.7,114.0,medium_confidence
1128747,Museum District Childcare Center,HOUSTON,5010 CAROLINE ST,77004 5704,2,0,0,0,0,2,0.333,0.333,77,6,0,11.6,0,1,0,0,0,ChIJ5cRVOXi_QIYRGemDvSuH8Oc,Museum District Child Care Center,4.7,71.0,high_confidence
1458729,Del Valle ISD South Child Development Center,AUSTIN,4215 SMITH SCHOOL RD,78744 3217,8,0,12,0,0,20,0.476,0.19,80,42,0,1.9,0,1,0,0,0,ChIJ5eJ39YWwRIYRj2x6Rhz0O9Q,Del Valle Child Development Center,5.0,3.0,high_confidence
233395,Creative Years Early Learning Center,HOUSTON,17135 KIETH HARROW BLVD,77084 2512,0,0,0,0,0,0,0.0,0.0,180,7,0,22.4,0,1,0,0,0,ChIJ5xLw4eDZQIYR3Cca1zM7kMY,Creative Years Early Learning,4.8,28.0,high_confidence
1503800,The Pillars Christian Learning Center,SAN ANTONIO,24161 BOERNE STAGE RD,78255 9517,2,12,5,0,0,19,1.357,0.143,225,14,0,0.0,0,0,0,0,0,ChIJ5ySkc2tlXIYRQFspRinsilI,The Pillars Christian Learning Centers: Boerne Stage Rd,4.6,64.0,high_confidence
1525343,Kids R Kids of Houston Heights,HOUSTON,819 JACKSON HILL ST,77007 5772,0,0,1,0,0,1,1.0,0.0,288,1,0,0.0,0,0,0,0,0,ChIJ5yu-ZS3BQIYRaB-4HvZCqfo,Kids 'R' Kids Learning Academy of Houston Heights,4.9,17.0,medium_confidence
1108340,Kidz K'nect Child Development Center,HOUSTON,1340 CYPRESS STATION DR STE C,77090 3035,5,3,6,1,0,15,1.0,0.333,126,15,2,12.2,0,0,0,0,0,ChIJ5zZaTR7LQIYRQboS0BvT4uc,Kidz K'nect Child Development Center,2.6,20.0,high_confidence
1462904,Bezos Academy North Dallas,DALLAS,8703 STULTS RD STE 100,75243 4109,1,1,0,0,0,2,0.167,0.083,113,12,0,1.7,0,0,0,0,0,ChIJ5zjqdgAhTIYRqtO-gGg0xsw,Bezos Academy - North Dallas,4.4,21.0,high_confidence
1524128,My Small Wonders #318,DALLAS,2310 STUTZ DR,75235 6512,0,1,1,0,0,2,0.667,0.0,193,3,0,0.0,0,0,0,0,0,ChIJ6-jK2h6cToYRBeNQ4kUcU9Y,My Small Wonders,4.3,86.0,high_confidence
1467827,Cielito Lindo Spanish Immersion Preschool II,AUSTIN,13107 DESSAU RD,78754 1865,0,3,1,0,0,4,0.444,0.0,51,9,0,1.5,0,1,0,0,0,ChIJ6-y1mdXPRIYROU3EUo1lUPY,Cielito Lindo Spanish Immersion Preschool,5.0,3.0,high_confidence
901169,Challenger School,AUSTIN,15101 AVERY RANCH BLVD,78717 3945,3,1,0,0,0,4,0.5,0.375,731,8,0,14.1,0,0,0,0,0,ChIJ64zi8rnSRIYRPI3PWpU13sA,Challenger School - Avery Ranch,3.9,51.0,medium_confidence
1470685,The Ark Schools,DALLAS,1655 N JIM MILLER RD STE 100,75217 1321,0,0,1,0,0,1,0.143,0.0,105,7,0,1.6,0,1,0,0,0,ChIJ65mkx4ujToYR-MqlwJ8_Lvo,The Ark Schools,5.0,27.0,high_confidence
1515616,Stepping Stone School IX,AUSTIN,8121 SHOAL CREEK BLVD,78757 8040,0,0,0,0,0,0,0.0,0.0,227,5,0,0.2,0,0,0,0,0,ChIJ66CQrqHLRIYREXoslkDKMI4,Stepping Stone School - Shoal Creek/Domain,4.3,52.0,medium_confidence
1349881,Apple  Seed Private School,HOUSTON,1444  FM 1960 RD  W,77090,1,9,6,1,0,17,1.0,0.059,165,17,1,5.0,0,1,0,0,0,ChIJ66MlPxLLQIYR1VcR7hMxVJ8,Apple Seed Private School,3.4,49.0,high_confidence
1090415,Kidz Kollege,DALLAS,7307 CHURCHILL GREEN DR,75228 6608,2,3,5,0,0,10,0.714,0.143,49,14,0,12.8,1,1,0,0,0,ChIJ66UFqSSiToYRBhhXMFFwnjs,Kidz Kollege,2.1,20.0,high_confidence
1093025,The Goddard School,HOUSTON,1720 CRESCENT PLAZA DR,77077 5566,7,7,2,0,0,16,1.0,0.438,172,16,1,12.8,1,1,0,0,0,ChIJ67JwvXLcQIYRCXlCLBZtpXE,The Goddard School of Houston - Energy Corridor,4.4,147.0,medium_confidence
1348790,Tony Little Clubhouse,DALLAS,6909 SCYENE RD,75227 6539,2,12,1,1,0,16,1.455,0.182,41,11,0,5.3,0,1,0,0,0,ChIJ67QT42ijToYRoxzJBAj3vNs,Tony’s Little Clubhouse,5.0,3.0,high_confidence
113729,Cornerstone/The Ranch,DALLAS,1050 E CAMP WISDOM RD,75241 3605,13,19,7,0,1,40,2.353,0.765,95,17,0,37.3,0,1,0,0,0,ChIJ68fZMV2XToYRtY0CCBHOpbg,The Ranch Child Care Center,5.0,2.0,medium_confidence
204805,Esperanza Heights,HOUSTON,429 HEIGHTS BLVD,77007 2519,1,11,7,1,1,21,3.0,0.143,86,7,1,23.2,1,0,0,0,0,ChIJ6SrDwVbHQIYREafRi8fo9Uo,Esperanza After School,5.0,1.0,medium_confidence
1372767,YMCA Children's Academy at Avenue Center,HOUSTON,3517 IRVINGTON BLVD STE 101,77009 5700,3,1,1,2,0,7,0.583,0.25,72,12,2,4.3,0,1,0,0,0,ChIJ6TpL22m5QIYRh4lSn7XojY0,YMCA Children's Academy at Avenue Center,3.7,10.0,high_confidence
874109,Houston Racquet Club,HOUSTON,10709 MEMORIAL DR,77024 7604,2,9,2,0,0,13,2.6,0.4,137,5,1,14.2,0,0,0,0,0,ChIJ6U0qzPTDQIYRyXxNOsi1Y7s,Houston Racquet Club,4.5,318.0,high_confidence
1146919,Advent's Beloved Children  ABC Learning Center,HOUSTON,5820 PINEMONT DR,77092 2604,3,3,0,0,0,6,0.6,0.3,68,10,0,10.9,0,0,0,0,0,ChIJ6_CwZwrGQIYRifLVk0_xkig,ABC Learning Center,4.3,6.0,medium_confidence
116683,Dallas Day School,DALLAS,4242 OFFICE PKWY,75204 3629,4,13,2,0,0,19,1.188,0.25,260,16,0,32.4,0,1,0,0,0,ChIJ6bTKUCufToYRcs2TOlo0H5Q,Dallas Day School,4.4,28.0,high_confidence
1090309,Little Dove Learning Center,SAN ANTONIO,2655 TALLEY RD,78253 4955,1,2,1,0,0,4,0.5,0.125,93,8,0,12.3,0,1,0,0,0,ChIJ6cuwpIRBXIYR8apN7_v1D54,Little Dove Learning Center,5.0,10.0,high_confidence
1453620,Bilingual Child Academy - Leon Valley,SAN ANTONIO,7702 ECKHERT RD,78240 3008,0,1,2,1,0,4,0.4,0.0,159,10,1,2.0,1,1,0,0,0,ChIJ6dRWYO1nXIYRXcVn-3V9O-Q,Bilingual Child Academy - Leon Valley,4.3,15.0,high_confidence
725248,La Petite Academy Inc,FORT WORTH,1300 W EVERMAN PKWY,76134 4950,3,7,2,1,0,13,0.619,0.143,204,21,2,15.3,0,1,0,0,0,ChIJ6fISnYZuToYRLWyyHiY2rvs,La Petite Academy on Everman Parkway,4.5,99.0,medium_confidence
1287280,Green Oak Learning Center,SAN ANTONIO,7223 GREEN OAK PL,78221 1647,4,8,6,3,0,21,1.05,0.2,90,20,1,7.8,0,1,0,0,0,ChIJ6ft03wxYXIYR8ztpKDFH4QE,Green Oak Learning Center,4.1,16.0,high_confidence
134192,Ortega Preschool Child Incorporated,AUSTIN,1135 GARLAND AVE,78721 2625,0,1,1,0,0,2,0.333,0.0,34,6,0,31.3,1,0,0,0,0,ChIJ6wC5qG-2RIYRCYTB1VOPloU,Child Inc. Ortega CDC,2.0,1.0,medium_confidence
107749,Colonial Hills Child Development Center,SAN ANTONIO,5247 VANCE JACKSON RD,78230 4624,0,1,0,0,0,1,0.2,0.0,150,5,0,35.8,0,1,0,0,0,ChIJ6zyALuZhXIYR0CMfJhc4y3A,Colonial Hills United Methodist Child Development Center,4.4,13.0,high_confidence
1357827,Colibri Spanish Immersion Preschool,AUSTIN,603 BOULDIN AVE,78704 1607,2,3,6,1,2,14,1.4,0.2,55,10,1,5.0,0,0,0,0,0,ChIJ7-PdYRu1RIYRx36STL0jmPs,Colibri Spanish Immersion Preschool - Bouldin Creek Campus - Montessori Spanish Austin,5.0,5.0,medium_confidence
1490965,Children's Choice Academy,HOUSTON,8405 ALMEDA GENOA RD STE Y,77075 2569,2,2,0,0,0,4,0.5,0.25,73,8,0,0.6,1,0,0,0,0,ChIJ70K79AuXQIYRoRa6fUYWX0k,CHILDREN'S CHOICE ACADEMY,4.9,18.0,high_confidence
949448,Open Door Preschool at M Station,AUSTIN,2918 E MARTIN LUTHER KING JR B,78702 1660,4,9,4,1,0,18,1.286,0.286,98,14,0,13.7,1,1,0,0,0,ChIJ70ihQOa1RIYR-HAVaZ7DVuM,Open Door Preschools,4.8,23.0,medium_confidence
1290603,Nurturing Child Care Centers,AUSTIN,1054 SPRINGDALE RD STE L,78721 1917,8,15,13,2,1,39,2.053,0.421,63,19,5,8.2,0,1,0,0,0,ChIJ71ar_3O2RIYRZ3-OQfhQbxM,Nurturing Child Care Centers,5.0,1.0,high_confidence
1311011,Lots of Luv Child Care,DALLAS,9090 SKILLMAN ST STE 186A,75243 8217,0,4,1,1,0,6,0.667,0.0,73,9,0,7.4,0,1,0,0,0,ChIJ72AH2WegToYRjYJzoOOGY1c,Lots of Luv Child Care,4.3,24.0,high_confidence
153076,Stephanies Angels,SAN ANTONIO,1411 UPLAND RD STE 2,78219 4033,16,22,10,0,0,48,0.585,0.195,47,82,0,27.6,0,1,0,0,0,ChIJ74TMDqH2XIYRz0WsX5BGd2Y,Stephanie's Angels Child Care,4.0,4.0,medium_confidence
1116317,Primrose School of Clear Lake,HOUSTON,2411 FALCON PASS,77062 6238,2,2,1,1,0,6,0.857,0.286,204,7,1,12.0,0,0,0,0,0,ChIJ75KeDkicQIYRdON5vDN02wk,Primrose School of Clear Lake,4.6,121.0,high_confidence
1337704,Joy Park Montessori School,AUSTIN,13171 POND SPRINGS RD,78729 7102,5,1,0,0,0,6,0.375,0.312,102,16,0,5.9,0,0,0,0,0,ChIJ75n_My3NRIYR0dPp98yvTBE,Joy Park Montessori Preschool,5.0,34.0,high_confidence
1381116,Upbring Head Start (San Antonio College),SAN ANTONIO,1819 N MAIN AVE BLDG 52,78212 3941,4,8,8,0,0,20,0.417,0.083,44,48,0,4.1,0,0,0,0,0,ChIJ76kJ_9ZfXIYR78jD8BJRMgg,San Antonio College Early Childhood Center,5.0,1.0,medium_confidence
273978,Precious Moments Learning Center,HOUSTON,10615 HOMESTEAD RD,77016 2703,1,4,4,0,0,9,1.286,0.143,39,7,0,19.8,0,1,0,0,0,ChIJ76yMuTi7QIYRGgMThfu1C6E,Precious Moments Learning Center,3.7,3.0,high_confidence
1513666,Lighthouse Learning Academy LLC-Dallas,DALLAS,1518 JOHN WEST RD,75228 5452,0,0,0,0,0,0,0.0,0.0,103,5,0,0.0,0,0,0,0,0,ChIJ76zz07mjToYRwAL4ErYguuQ,Lighthouse Learning Academy - Dallas,4.8,33.0,medium_confidence
1294204,Childrens Lighthouse Learning Center,HOUSTON,14505 W LAKE HOUSTON PKWY,77044 6398,2,3,1,2,0,8,0.571,0.143,232,14,1,7.8,0,0,0,0,0,ChIJ77dsOvKuQIYRQVGNSuepf8E,Children's Lighthouse of Houston - Lake Houston,4.7,168.0,medium_confidence
1424490,My Anointed Sisters Children Learning Center LLC,DALLAS,312 W 12TH ST,75208 6501,1,1,2,0,0,4,0.308,0.077,30,13,1,2.5,0,1,0,0,0,ChIJ77iWAeuZToYRhc0lpWX7ToE,My Anointed Sisters Children Learning Center LLC,4.0,2.0,high_confidence
1504964,HONESTY KID?S ACADEMY,HOUSTON,12320 BEECHNUT ST STE G,77072 3985,1,3,1,0,0,5,0.833,0.167,44,6,0,0.1,0,0,0,0,0,ChIJ78LU30HdQIYR1SA0lmMq5uE,Honesty Kid's Academy,5.0,2.0,high_confidence
1287690,Escuela Hispanoamericana de Texas,AUSTIN,12507 FITZHUGH RD,78736 7520,5,5,5,0,0,15,1.667,0.556,74,9,0,7.8,0,0,0,0,0,ChIJ7R_LJW1JW4YRvIsU8rZkxXc,EHAT- Escuela Hispanoamericana de Texas,4.9,66.0,high_confidence
107966,St. Martin's Preschool,HOUSTON,717 SAGE RD,77056 2111,1,2,2,0,0,5,0.714,0.143,255,7,0,35.9,1,0,0,0,0,ChIJ7SUbWE7BQIYRk_wVW8PMtfA,St. Martin's Episcopal Preschool,5.0,1.0,high_confidence
1392736,America's Choice Child Care,HOUSTON,10792 BELLAIRE BLVD STE D,77072 2764,3,10,2,0,0,15,1.154,0.231,100,13,0,4.0,0,1,0,0,0,ChIJ7TMa33rdQIYRx6LEexVPDTE,America's Choice Childcare Center - Bellaire,4.8,56.0,medium_confidence
1290963,Sweet Briar Child Development Center 1,AUSTIN,205 SANDRA ST,78745 3126,0,4,2,0,0,6,0.6,0.0,68,10,0,7.6,0,1,0,0,0,ChIJ7W-Z01ezRIYRFnW5mXQjnS4,Sweet Briar Daycare & Childcare - South Austin,4.6,33.0,medium_confidence
1506241,"Exceptional Foundation Academy and Childcare, Inc.",HOUSTON,17190 BEAVER SPRINGS DR,77090 2356,1,3,0,0,0,4,0.667,0.167,176,6,0,0.0,0,0,0,0,0,ChIJ7XHKOhPLQIYR7jWanFxlju8,Right Steps Childcare & Academy,4.1,52.0,medium_confidence
1288353,Creative Action After School at Blanton,AUSTIN,5408 WESTMINSTER DR,78723 3454,9,0,3,0,0,12,0.211,0.158,100,57,0,7.9,0,0,0,0,0,ChIJ7Xc9F-i1RIYR3nTGnUkwMMI,Creative Action,4.8,57.0,medium_confidence
1144302,St. Theresa Early Childhood Center in Memorial Park,HOUSTON,6622 HASKELL ST,77007 2044,1,2,2,0,0,5,0.625,0.125,52,8,0,11.0,0,0,0,0,0,ChIJ7Xq_fivHQIYRo73yjTaKm7M,St. Theresa Catholic Church,4.6,212.0,medium_confidence
209351,His Kids Weekday Preschool West,HOUSTON,19449 KATY FWY,77094 1005,1,4,2,2,0,9,1.8,0.2,80,5,0,22.9,0,0,0,0,0,ChIJ7YDGrZLDQIYRxErLuWA2WH4,"Second Baptist Church, Houston, West Campus: His Kids Weekday Preschool",5.0,3.0,medium_confidence
632672,Neighborhood Christian Learning Center of Dallas INC,DALLAS,1111 E LEDBETTER DR,75216 6863,0,1,1,0,0,2,0.286,0.0,146,7,0,15.8,1,1,0,0,0,ChIJ7YKH2BCXToYR7qCrMSOCUBY,Neighborhood Christian Learning Center of Dallas,5.0,31.0,high_confidence
1454597,KCE Champions LLC @ KIPP Peace,HOUSTON,5400 MARTIN LUTHER KING BLVD,77021 3010,2,1,1,0,0,4,0.571,0.286,118,7,1,1.9,1,1,0,0,0,ChIJ7ZQTKmG_QIYRN6qvdAfsAQo,Champions at KIPP Peace Elementary,5.0,2.0,medium_confidence
1504249,Gifted and Talented Kid's Academy,HOUSTON,12707 KIRBY DR,77047 2621,0,3,0,0,0,3,0.429,0.0,100,7,0,0.1,0,0,0,0,0,ChIJ7bu25NnrQIYRm_CiyiPXDOI,Gifted & Talented Kids Academy,4.6,9.0,high_confidence
1358475,Mercy's Playhouse,SAN ANTONIO,3630 SE MILITARY DR STE 120,78223 4050,0,2,3,0,0,5,0.417,0.0,49,12,0,4.9,0,1,0,0,0,ChIJ7cFUMUH3XIYRG75Kf7gjnTs,Mercy's Playhouse,4.5,16.0,high_confidence
929804,Epiphany Lutheran Preschool,HOUSTON,14423 WEST RD,77041 1106,0,1,0,1,0,2,0.4,0.0,40,5,0,14.2,0,0,0,0,0,ChIJ7czgKOLQQIYR_pukX2fywmo,Epiphany Lutheran Church and School,4.5,61.0,medium_confidence
1150800,Woodcreek Child Development Center,HOUSTON,225 N DAIRY ASHFORD RD,77079 1118,3,5,4,0,0,12,1.0,0.25,208,12,0,10.9,0,0,0,0,0,ChIJ7d-a7qHbQIYRfc-L0UPtrFY,Shell Woodcreek Complex,4.3,53.0,medium_confidence
94192,Good Street Learning Center  INC,DALLAS,3126 ELSIE FAYE HEGGINS ST,75215 4433,1,7,5,0,0,13,1.444,0.111,100,9,0,38.8,1,1,0,0,0,ChIJ7eBnzYGiToYRgRvCpNtS_eA,Good Street Learning Center,4.4,13.0,high_confidence
1116810,Love & Art Childcare Corp.,HOUSTON,3505 S DAIRY ASHFORD RD STE 100,77082 5514,2,10,4,2,0,18,1.8,0.2,89,10,1,11.9,0,1,0,0,0,ChIJ7eE_DlbcQIYRjD1LRP2C70M,Love & Art Child Care,4.3,48.0,medium_confidence
1510942,Ray Ellison Family Center,SAN ANTONIO,1400 W VILLARET BLVD,78224 2417,0,1,3,0,1,5,1.25,0.0,31,4,0,0.0,0,0,0,0,0,ChIJ7fX_o2ZXXIYRWgY6qOjLogo,Ray Ellison Family Center,5.0,3.0,high_confidence
124040,Gonzales Day Care,HOUSTON,839 RUTLAND ST,77007 1529,10,24,25,2,2,63,4.5,0.714,111,14,1,33.4,0,0,0,0,0,ChIJ7wEjr1vHQIYRJ4X1yZHljs0,Gonzales Day Care,4.8,13.0,high_confidence
1502158,Kidz Rocket 2,HOUSTON,15655 WESTHEIMER RD STE 111,77082 1317,1,0,0,0,0,1,0.167,0.167,99,6,1,0.2,0,0,0,0,0,ChIJ7wI9vHLYQIYRPSHvqLUZiAw,Kidz Rocket Learning Center,3.9,38.0,medium_confidence
148737,Bertha Alyce Early Childhood School,HOUSTON,5601 S BRAESWOOD BLVD,77096 3907,5,3,0,1,0,9,0.75,0.417,352,12,1,29.0,0,1,0,0,0,ChIJ7xgrv_3pQIYRiOLbq3V7vbo,Bertha Alyce Early Childhood Academy,4.1,11.0,medium_confidence
107964,Jewish Community CTR West Houston,HOUSTON,13875 BRIMHURST DR,77077 1883,4,8,9,2,1,24,2.4,0.4,51,10,2,35.7,1,1,0,0,0,ChIJ7xgrv_3pQIYRycCy6MGEf4c,Evelyn Rubenstein Jewish Community Center of Houston (ERJCC),4.5,396.0,medium_confidence
1234128,"Kids Rainbow Academy,  LLC",FORT WORTH,4959 OLD MANSFIELD RD,76119 4658,3,5,3,0,0,11,1.1,0.3,103,10,0,8.8,0,1,0,0,0,ChIJ8-4r0iBwToYRVAHVVAcSuL8,KIDS Rainbow Academy,4.7,25.0,high_confidence
710428,Head Start Pilgrim School,SAN ANTONIO,500 PILGRIM DR,78213 2826,2,0,3,2,0,7,0.368,0.105,68,19,1,14.9,0,1,0,0,0,ChIJ83QYIW5fXIYR7PSLHiSs-fk,Family Service Head Start Pilgrim,5.0,3.0,medium_confidence
310160,Childtime Learning Center,FORT WORTH,8701 MEADOWBROOK BLVD,76120 4601,10,41,13,3,0,67,2.68,0.4,121,25,2,18.8,0,1,0,0,0,ChIJ84rXh2t8ToYRq-2PrcYMwPA,Childtime on Meadowbrook Blvd,3.9,34.0,medium_confidence
97006,The Acorn - A School for Young Children,SAN ANTONIO,3501 BROADWAY ST,78209 6513,0,2,1,0,0,3,0.429,0.0,92,7,0,38.9,0,0,0,0,0,ChIJ85Wg4ZD1XIYRrIRr0HuGnDs,The Acorn - A School for Young Children,5.0,8.0,high_confidence
1468670,Westlake Child Development Center,HOUSTON,540 WESTLAKE PARK BLVD,77079 2603,4,3,3,0,0,10,0.833,0.333,336,12,1,1.4,0,0,0,0,0,ChIJ868LTunbQIYRjGLtI0VRnLE,WestLake Child Development Center,3.8,13.0,high_confidence
281508,Learning Tree Academy,SAN ANTONIO,638 LANARK DR,78218 1829,3,9,6,1,0,19,1.583,0.25,211,12,0,20.0,0,1,0,0,0,ChIJ86mOmKH0XIYRiiqY2F9h5qc,Learning Tree Academy,4.7,100.0,high_confidence
1496141,Colibri Spanish Immersion Preschool,AUSTIN,10713 N FM 620 RD STE 601,78726 1731,0,0,1,2,0,3,0.333,0.0,76,9,0,0.0,0,0,0,0,0,ChIJ88N2UTUzW4YR7wv16nkYObI,Colibri Spanish Immersion Preschool,5.0,1.0,high_confidence
1450673,Academic Romper Room Phase 2,HOUSTON,16910 ROLLING CREEK DR,77090 3700,1,5,4,0,0,10,0.833,0.083,196,12,0,1.9,1,1,0,0,0,ChIJ89x99SzLQIYRdZiBDpVucSc,Academic Romper Room Phase 2,3.7,6.0,high_confidence
1359919,A & B Nursery School,HOUSTON,3111 FOREST OAKS BLVD,77017 7127,21,29,13,1,3,67,3.045,0.955,153,22,0,4.9,0,1,0,0,0,ChIJ8Q3gAu-XQIYRhBzcvo3YMkM,A&B Nursery School,4.4,32.0,high_confidence
1321988,Kingdom Kids Learning Center,HOUSTON,1315 S DAIRY ASHFORD RD,77077 2377,0,0,0,0,0,0,0.0,0.0,289,5,0,6.9,0,1,0,0,0,ChIJ8TPown3cQIYRVIUDw_-Kmrc,Kingdom Kids Learning Center,4.2,54.0,high_confidence
247532,Nexus Child Development Center,DALLAS,8733 LA PRADA DR,75228 5036,3,2,2,1,0,8,0.667,0.25,111,12,0,21.2,0,1,0,0,0,ChIJ8TQPeVWhToYR2iX9KDCS9VM,Nexus Child Development Center,3.5,4.0,high_confidence
300177,Bright Kids Daycare & Learning Center Inc.,SAN ANTONIO,4230 CLEAR SPRING DR,78217 3604,19,31,10,0,0,60,1.304,0.413,112,46,1,19.4,0,1,0,0,0,ChIJ8UF0fU6LXIYRmj_q8TEymOA,Bright Kids Daycare Center,3.6,28.0,medium_confidence
516988,The Woods Private School @Cedar Point,HOUSTON,13835 CEDAR POINT DR,77070 2735,1,2,3,0,0,6,1.2,0.2,119,5,0,15.9,0,0,0,0,0,ChIJ8UIt2UzSQIYRfVFkw2hgmps,The Woods Preschool,5.0,8.0,medium_confidence
1515066,Joyful Days Academy,HOUSTON,14449 BAMMEL NORTH HOUSTON RD,77014 1703,2,9,10,0,2,23,4.6,0.4,72,5,0,0.2,1,0,0,0,0,ChIJ8YW99zfNQIYRT7nz_XyrB3E,Joyful Days Academy,5.0,1.0,high_confidence
1368168,Children's Lighthouse of Oak Forest,HOUSTON,2109 W 34TH ST,77018 6002,11,11,5,1,0,28,1.333,0.524,268,21,0,4.6,1,0,0,0,0,ChIJ8ZkmHpzHQIYR01AvjHBJt5A,Children's Lighthouse of Houston - Oak Forest,4.5,106.0,high_confidence
1331499,Shining Lights Daycare & Development Center,HOUSTON,6655 LONDON ST BLDG A,77021 4229,2,4,3,0,0,9,1.8,0.4,53,5,0,6.1,0,1,0,0,0,ChIJ8a5WvC2-QIYRSwjZsn06FvI,Shining Light Daycare Development,4.9,10.0,high_confidence
135514,ST Marks Child Development,HOUSTON,600 PECORE ST,77009 6224,9,18,11,2,0,40,2.5,0.562,97,16,2,31.2,0,0,0,0,0,ChIJ8bKfs764QIYRx7V4lU8A-s0,St Mark's Child Development,4.0,4.0,high_confidence
1486121,Kido International Preschool,HOUSTON,11177 KATY FWY,77079 2107,2,2,3,0,0,7,0.875,0.25,124,8,0,0.7,0,0,0,0,0,ChIJ8eTk47LbQIYR5DOqltW1gOo,Kido International Preschool & Daycare Memorial,5.0,3.0,medium_confidence
318115,"The Children's Garden, A Place To Bloom",SAN ANTONIO,5965 BABCOCK RD,78240 2137,6,13,5,1,0,25,1.25,0.3,131,20,0,18.1,0,1,0,0,0,ChIJ8ev1rW1nXIYRy7CvKcPmmRw,"The Children's Garden, A Place to Bloom",4.2,22.0,high_confidence
1455177,Little Scholars Learning Academy,HOUSTON,12525 WHITTINGTON DR,77077 4849,2,2,1,0,0,5,0.5,0.2,182,10,0,1.9,0,1,0,0,0,ChIJ8fAcGF_dQIYRozquihQeSkE,Little Scholars Learning Academy,5.0,14.0,high_confidence
1274249,Creative Connections Children's Center #2,HOUSTON,14659 BEECHNUT ST,77083 4436,6,3,3,0,0,12,0.857,0.429,108,14,0,8.1,0,1,0,0,0,ChIJ8fEmAQveQIYRa5rmlTLeNo8,Creative Connections #2,4.7,60.0,medium_confidence
1388397,KinderCare at Bergstrom Tech,AUSTIN,6800 BURLESON RD BLDG 312 STE 170,78744 2325,0,3,0,0,0,3,0.3,0.0,75,10,0,3.7,0,1,0,0,0,ChIJ8xa7bcqzRIYRLNV8HORMQw0,KinderCare at Bergstrom Tech,4.7,23.0,high_confidence
104392,La Petite Academy Beech Trail,SAN ANTONIO,6865 BEECH TRAIL DR,78244 1878,13,27,9,0,0,49,1.195,0.317,150,41,0,37.7,0,1,0,0,0,ChIJ8zb2be3yXIYRg6alx_-ayws,La Petite Academy on Beech Trail Drive,2.8,26.0,high_confidence
131469,"Country Home Learning Center #7, LTD",AUSTIN,6900 ESCARPMENT BLVD,78749 1814,4,5,0,0,0,9,0.409,0.182,310,22,0,31.8,0,1,0,0,0,ChIJ9-cA6ttLW4YR4lARgmvkV_s,Country Home Learning Center at Southwest Austin,4.5,73.0,medium_confidence
98414,Northaven Co-operative Preschool,DALLAS,11211 PRESTON RD,75230 3457,1,1,0,0,0,2,0.333,0.167,85,6,0,39.1,1,0,0,0,0,ChIJ93sUEJsgTIYREgbAOvWYfUg,Northaven Cooperative Preschool,4.8,17.0,high_confidence
1496405,YMCA Tomorrow Academy at Four Points,AUSTIN,8300 N FM 620 RD BLDG RT9,78726 4063,2,10,2,0,0,14,0.636,0.091,122,22,0,0.4,0,0,0,0,0,ChIJ94PUJiIzW4YRYluNAFaprh4,YMCA Tomorrow Academy-Four Points,4.7,15.0,high_confidence
1388955,Poe Nursery School,HOUSTON,5315 MAIN ST,77004 6810,1,1,4,1,0,7,0.778,0.111,34,9,2,3.7,1,0,0,0,0,ChIJ95sRpInAQIYRagUjLF13txk,Poe Cooperative Nursery School,4.8,16.0,medium_confidence
1105444,Childhood Seasons Learning Academy,HOUSTON,779 NORMANDY ST # 100,77015 3599,0,7,4,1,0,12,1.5,0.0,87,8,1,12.4,0,1,0,0,0,ChIJ96JLoJ-kQIYRIbsv3RvzEwA,Childhood Seasons Learning Academy #1,4.8,57.0,high_confidence
1258950,Clear Lake Montessori School,HOUSTON,2486 FALCON PASS DR,77062 6237,3,25,13,0,0,41,4.556,0.333,144,9,1,8.6,0,0,0,0,0,ChIJ96Kt0GacQIYR4nyRS3POo34,Clear Lake Montessori School,5.0,6.0,high_confidence
1349064,I'm Just a Kid!  LLC,SAN ANTONIO,5038 WEST AVE,78213 2710,0,0,0,0,0,0,0.0,0.0,136,11,0,5.3,0,1,0,0,0,ChIJ97FnjU_1XIYRpmLNmoLRBmU,I'm Just A Kid,4.3,40.0,high_confidence
144746,Blessed Beginnings Pre-school,HOUSTON,19222 TOMBALL PKWY,77070 3510,1,3,7,2,0,13,1.857,0.143,140,7,1,29.3,0,0,0,0,0,ChIJ97YKY6rNQIYRux_NCsahfbo,Blessed Beginnings Preschool,5.0,55.0,high_confidence
1386535,One Stop Montessori,AUSTIN,9725 CIRCLE DR TRLR A,78736 7939,0,3,0,0,0,3,0.3,0.0,37,10,0,3.9,0,1,0,0,0,ChIJ98br-TVJW4YR3sEZkZ5T1mw,One Stop Montessori,5.0,18.0,high_confidence
132066,Jefferson Place Learning and Developmental Center,DALLAS,3430 S MARSALIS AVE,75216 5208,0,0,1,0,0,1,0.167,0.0,61,6,0,31.9,0,1,0,0,0,ChIJ9QDHr0KXToYRe5mfzMJ94vg,Jefferson's Place Learning Center,4.8,23.0,medium_confidence
162569,Creative Little Minds,SAN ANTONIO,2606 COMMERCIAL AVE,78221 1707,2,3,1,1,0,7,0.778,0.222,85,9,1,24.8,0,1,0,0,0,ChIJ9TEhxjlYXIYRRl6AxG2ulRY,Creative Little Minds,4.5,11.0,high_confidence
98511,Discovery School,SAN ANTONIO,222 SALEM DR,78201 2229,0,6,2,0,0,8,1.0,0.0,130,8,0,38.5,1,0,0,0,0,ChIJ9Tq9W7NfXIYRr9CU2IcI70o,Discovery School,5.0,17.0,high_confidence
1289360,Childrens Lighthouse Learning Center at Stone Oak,SAN ANTONIO,20906 GATHERING OAK,78260 3102,17,2,3,0,0,22,0.647,0.5,227,34,0,7.8,0,0,1,0,0,ChIJ9UhzfkhiXIYRXuisd0hBCrw,Children's Lighthouse of San Antonio - Stone Oak,4.8,156.0,medium_confidence
350256,Arbor Montessori Academy,AUSTIN,11726 JOLLYVILLE RD,78759 3937,0,1,0,0,0,1,0.143,0.0,110,7,0,17.2,0,0,0,0,0,ChIJ9VSEHe7MRIYRT17GWXf5MrI,Arbor Montessori Academy,5.0,26.0,high_confidence
1137541,Vogel Alcove,DALLAS,1738 GANO ST,75215 1210,2,3,2,1,0,8,0.571,0.143,300,14,2,11.3,1,1,0,0,0,ChIJ9VhxIh2ZToYRmwQQ6Q2U7og,Vogel Alcove,4.5,23.0,high_confidence
1362104,Youth Movement Arts & Athletics Club,SAN ANTONIO,2922 E HOUSTON ST,78202 3219,0,2,2,0,1,5,0.625,0.0,56,8,0,4.7,0,1,0,0,0,ChIJ9WJqYH33XIYReXO5LzDzYhs,Youth Movement Club,4.7,3.0,medium_confidence
1490794,K3 Creative Center #3,HOUSTON,22424 IMPERIAL VALLEY DR STE 900,77073 1162,0,0,0,0,0,0,0.0,0.0,32,6,0,0.7,0,1,0,0,0,ChIJ9XXrKerKQIYRpdriymuUkyA,K3 Creative Center,3.0,12.0,high_confidence
166018,ABC Word Academy,HOUSTON,7350 W T C JESTER BLVD,77088 7468,3,12,11,1,2,29,2.231,0.231,104,13,2,25.2,0,1,0,0,0,ChIJ9YJDMKLIQIYRC0mc34mzf5E,ABC Word Academy,4.5,10.0,high_confidence
1483556,Kinderland Daycare,HOUSTON,10012 BISSONNET ST,77036 7802,4,8,6,1,0,19,2.375,0.5,64,8,0,0.7,0,1,0,0,0,ChIJ9Z1uo6nCQIYRuAE5XnOAofw,Kinder Land Daycare,4.9,28.0,high_confidence
1356451,Kido International Preschool,AUSTIN,10625 BONAVENTURE DR,78730 2312,12,1,4,0,0,17,0.607,0.429,425,28,0,5.0,0,1,0,0,0,ChIJ9a_dT7IzW4YR5pSccPsJCgI,Kido International Preschool & After School - River Place,4.5,8.0,medium_confidence
1397256,The Rock Early Learning Center,HOUSTON,4101 BROADWAY ST,77087 4705,5,7,4,0,0,16,1.067,0.333,170,15,0,3.2,0,1,0,0,0,ChIJ9af3YNaXQIYR8kgNi9YEbRI,The R.O.C.K. Early Learning Center,4.6,22.0,high_confidence
1284794,Luv 'N' Care Learning Center,FORT WORTH,4451 BOAT CLUB RD,76135 2500,1,6,2,1,0,10,0.556,0.056,86,18,0,8.3,0,1,0,0,0,ChIJ9bDPoSN1ToYRACqjs0TojHY,Luv 'N' Care Learning Center,4.2,54.0,high_confidence
96993,Trinity Episcopal School Day Care,FORT WORTH,3425 BELLAIRE DR S,76109 2133,0,3,2,0,0,5,0.714,0.0,98,7,0,38.9,0,0,0,0,0,ChIJ9bYs7RZyToYRta5HyFwsU7M,Trinity Episcopal School,5.0,2.0,high_confidence
347253,Shoreline Learning Center,AUSTIN,15201 BURNET RD,78728 3505,2,10,3,0,0,15,0.75,0.1,253,20,0,17.0,0,1,0,0,0,ChIJ9dJ48HTORIYRaQAcx8enyOc,Shoreline Early Learning Center,4.7,33.0,high_confidence
1463466,Fairland Learning Academy,HOUSTON,3737 SYNOTT RD,77082 5211,1,6,1,0,0,8,1.0,0.125,117,8,0,1.7,0,1,0,0,0,ChIJ9eN6_0zcQIYRbdEz6_TCJhk,Fairland Learning Academy,4.7,31.0,high_confidence
316615,Gulf Meadows Child Development Center,HOUSTON,8012 FUQUA ST,77075 3735,0,2,2,0,0,4,0.667,0.0,142,6,0,18.0,0,1,0,0,0,ChIJ9fdMWtyWQIYRWRcrbAznVCA,Kids Quest Child Development Center,4.5,27.0,medium_confidence
220143,"Children's Summit Learning Center, L.L.C",SAN ANTONIO,2250 BENRUS BLVD,78228 3736,0,2,2,0,0,4,0.4,0.0,63,10,0,22.3,0,1,0,0,0,ChIJ9fmT1P1dXIYRPxdVscU-Poc,"Children's Summit Learning Center, LLC",5.0,5.0,high_confidence
108467,Covenant Presbyterian Preschool,AUSTIN,3003 NORTHLAND DR,78757 5036,0,1,0,0,0,1,0.143,0.0,111,7,0,35.9,0,0,0,0,0,ChIJA-R_QEXLRIYRSYyzNgiVW4w,Covenant Presbyterian Preschool,5.0,16.0,high_confidence
155432,The Apple Tree School,HOUSTON,17127 RED OAK DR,77090 2600,1,9,7,1,1,19,1.462,0.077,102,13,0,27.6,0,1,0,0,0,ChIJA1wzYhfLQIYRCOxTS8CBark,The Apple Tree School,3.4,77.0,high_confidence
156442,Islamic Education Center,HOUSTON,2313 S VOSS RD,77057 3807,3,4,3,1,0,11,2.2,0.6,110,5,0,27.1,0,1,0,0,0,ChIJA45yor_DQIYR4Tfpnfcz1tE,Islamic Education Center,4.7,345.0,high_confidence
1452923,Primrose School at Bulverde Road,SAN ANTONIO,18207 BULVERDE RD,78259 3704,2,1,1,0,0,4,0.364,0.182,246,11,0,2.0,0,0,0,0,0,ChIJA4L7092LXIYRDYe7pi5KP14,Primrose School at Bulverde Road,4.6,49.0,high_confidence
270361,Primrose School at Summerwood,HOUSTON,14002 W LAKE HOUSTON PKWY,77044 5542,4,0,0,0,0,4,0.235,0.235,280,17,0,20.2,1,1,0,0,0,ChIJA5Rk9PquQIYR-uvlnFvg_oQ,Primrose School at Summerwood,4.7,103.0,high_confidence
1464480,Texas A&M University-Campus CARES,SAN ANTONIO,1 UNIVERSITY WAY RM D,78224 3134,0,0,0,0,0,0,0.0,0.0,68,4,0,2.0,0,0,0,0,0,ChIJA5bzDWJXXIYR8RCQY3lA1W0,Texas A&M University-San Antonio,4.3,339.0,medium_confidence
1383976,International School of  San Antonio,SAN ANTONIO,6739 CALLAGHAN RD,78229 4644,8,8,8,2,1,27,1.588,0.471,73,17,0,4.0,0,0,0,0,0,ChIJA9JkJShhXIYRH71j1DgXCOc,International School of San Antonio,5.0,1.0,high_confidence
1321220,Eli's Learning Academy,HOUSTON,5941 MOHAWK ST,77016 1860,10,22,10,2,0,44,1.158,0.263,73,38,0,6.5,0,1,0,0,0,ChIJAQA7YKWwQIYRmDIvLPaC-es,Eli's Learning Academy,4.0,4.0,high_confidence
1356752,"The Wynn Academy, LLC",FORT WORTH,4067 FAIR PARK BLVD,76115 1743,1,2,1,0,1,5,0.417,0.083,47,12,0,4.8,1,0,0,0,0,ChIJAQAEKdRxToYRcKGQMlWoxi0,The Wynn Academy,4.5,17.0,high_confidence
163146,Albury Head Start NCI,HOUSTON,11125 ALBURY DR,77096 5708,0,0,0,0,0,0,0.0,0.0,97,6,0,25.8,0,0,0,0,0,ChIJAQAQ9OnpQIYR78C1TSqYPEg,Albury Head Start,5.0,6.0,high_confidence
1302830,Living Word Academy,HOUSTON,13833 RICHMOND AVE,77082 1712,7,14,9,3,0,33,3.667,0.778,98,9,3,6.7,0,1,0,0,0,ChIJAQBA8zrcQIYR9HaFb4vYKc0,Living Word Academy,4.9,8.0,high_confidence
1316358,Inspire Me Learning Center,HOUSTON,10100 KLECKLEY DR STE A2,77075 3418,5,5,5,0,1,16,2.0,0.625,75,8,1,6.7,0,1,0,0,0,ChIJAQBwZWGXQIYRni0YN58SlXc,Inspire Me Learning Center,5.0,36.0,high_confidence
1495069,Project One Day,HOUSTON,7000 BELLAIRE BLVD,77074 3504,2,2,4,0,0,8,1.6,0.4,72,5,0,0.5,0,0,0,0,0,ChIJAQC8Kii5QIYRmjsXSzaoKpE,Project One Day,4.1,13.0,high_confidence
199229,Beanie Learning Center,SAN ANTONIO,106 LAS PALMAS DR,78237 3104,0,4,5,0,0,9,1.0,0.0,61,9,0,23.4,0,1,0,0,0,ChIJAQCM5zRZXIYR5_f3-XaFjRs,Beanie Learning Center,4.4,9.0,high_confidence
1329513,Loadz of Love,HOUSTON,14614 MONRAD DR,77045 6233,2,18,12,0,0,32,2.909,0.182,25,11,0,6.3,0,1,0,0,0,ChIJAQCkeaTrQIYRygcEKk3bIjc,Loadz of Love,4.5,6.0,high_confidence
1159019,San Antonio Zoo School,SAN ANTONIO,103 TULETA DR,78212 3176,7,4,3,2,0,16,0.8,0.35,160,20,1,10.9,1,0,0,0,0,ChIJAQDQL4T1XIYRPxzv7-oxCVA,San Antonio Zoo School,5.0,6.0,high_confidence
1173945,Mrs. Nikkis Childcare & Academic Center,HOUSTON,11131 HOMESTEAD RD,77016 1907,6,10,2,1,0,19,1.9,0.6,39,10,1,10.3,0,1,0,0,0,ChIJAQDU56-wQIYR7-cO7bnIhWY,Mrs Nikki's Childcare & Academic Center,4.8,4.0,high_confidence
1389237,Texas Jump N Learn School Care,HOUSTON,6520 QUEENSTON BLVD,77084 8055,2,6,0,1,0,9,0.75,0.167,70,12,0,3.1,0,1,0,0,0,ChIJAQDwx2nXQIYRq2oKtlGbHOo,Texas Jump N Learn,5.0,8.0,medium_confidence
879588,Blooming Daisies Learning Center,HOUSTON,17118 W LITTLE YORK RD STE 101,77084 6833,8,20,9,0,0,37,2.312,0.5,181,16,1,14.1,0,1,0,0,0,ChIJAUfF8GjXQIYRo2LEy8Q1dQQ,Blooming Daisies Learning Center,4.8,165.0,high_confidence
1469718,Mockingbird Centers,AUSTIN,4422 GILLIS ST,78745 1018,2,0,3,0,0,5,0.625,0.25,46,8,0,1.4,0,0,0,0,0,ChIJAX1tNPu1RIYRXUNB0cJrFVQ,Mockingbird MicroSchool,5.0,29.0,medium_confidence
160552,Lake Hills Montessori,AUSTIN,600 N CUERNAVACA DR,78733 3212,0,7,3,1,0,11,1.571,0.0,97,7,0,25.5,0,0,0,0,0,ChIJAYKMedY1W4YRq4eu9u43__Y,Lake Hills Montessori,4.0,8.0,high_confidence
195084,Childrens Courtyard,AUSTIN,11718 METRIC BLVD BLDG C,78758 3203,3,5,4,0,0,12,0.75,0.188,332,16,0,23.7,1,1,0,0,0,ChIJAZNjgwbMRIYR4wxM-8RiQac,The Children's Courtyard of Austin,3.6,33.0,medium_confidence
1364179,Rice Village Childcare Center,HOUSTON,2434 SUNSET BLVD,77005 1432,3,8,4,0,0,15,1.875,0.375,32,8,0,4.6,0,0,0,0,0,ChIJAbYQn-nBQIYRQtZrD9JbIaM,Rice Village Childcare Center,4.7,23.0,high_confidence
226810,LeafSpring School at Sonterra,SAN ANTONIO,322 E SONTERRA BLVD,78258 3964,1,9,4,0,0,14,0.519,0.037,333,27,1,22.1,1,1,0,0,0,ChIJAchiKgFiXIYRAZy1QdFVKtU,LeafSpring School at Sonterra,4.2,30.0,high_confidence
1525595,Manifest Early Learning Academy,SAN ANTONIO,2738 SHINGLE OAK DR,78247 3739,0,0,0,0,0,0,0.0,0.0,44,1,0,0.0,0,0,0,0,0,ChIJAdrw5lOKXIYRvgtKPYN_OGI,SOA Child Learning Center,3.7,9.0,medium_confidence
153422,Little Smiles Day Care,SAN ANTONIO,508 CUPPLES RD # 5,78237 3925,4,13,4,0,0,21,1.4,0.267,57,15,0,27.6,0,1,0,0,0,ChIJAeeEgDdZXIYR5Ol6SH74118,Little Smiles Day Care,4.3,11.0,high_confidence
1254024,Crimson Early Learning Center,HOUSTON,10101 BISSONNET ST STE T,77036 7835,8,12,11,1,0,32,2.462,0.615,82,13,2,8.9,0,1,0,0,0,ChIJAfN_MI7pQIYRExBajI5vOqc,Crimson Early Learning Center,4.4,13.0,high_confidence
284601,Building Blocks Academy Cypress,HOUSTON,17800 WEST RD,77095 5565,5,4,1,0,0,10,0.714,0.357,175,14,0,19.7,0,1,0,0,0,ChIJAwrcRPrWQIYRPVp-AD5EMOo,Building Blocks Academy Cypress,4.3,40.0,high_confidence
1484854,Cielito Lindo Spanish Immersion Preschool III,AUSTIN,8203 SAM RAYBURN DR,78753 6021,1,1,1,0,0,3,0.5,0.167,37,6,0,0.8,0,0,0,0,0,ChIJAxX6Al3LRIYRfCdZk1eXbeI,Cielito Lindo Spanish Immersion Preschool 3,5.0,5.0,high_confidence
216832,Rosies Day Care,AUSTIN,7512 CAMERON RD,78752 2018,0,6,2,0,0,8,0.889,0.0,48,9,0,23.1,0,1,0,0,0,ChIJAy-10PrJRIYRc32ybgFelug,Rosie's Day Care Inc.,4.1,13.0,high_confidence
1358673,Big Dreams Learning Center,HOUSTON,10904 SCARSDALE BLVD STE 300,77089 6035,3,6,6,1,0,16,1.333,0.25,88,12,1,5.3,0,1,0,0,0,ChIJAyC_1BuaQIYRSQZHyRqb62E,Big Dreams Learning Center,4.1,54.0,high_confidence
1118308,Pre-K 4 SA - South Education Center,SAN ANTONIO,3510 S WW WHITE RD,78222 5018,5,6,1,0,0,12,0.4,0.167,470,30,0,11.9,1,0,0,0,0,ChIJB-6wgJf3XIYRU4DCuoG5XhM,Pre-K 4 SA - South Education Center,4.1,22.0,high_confidence
785688,Papa & Nanas Child Care,AUSTIN,11301 HORNSBY ST,78753 2625,24,52,36,0,0,112,1.6,0.343,63,70,6,14.1,0,1,1,0,0,ChIJB1jzyEXJRIYRFVkRs301hc0,Papa & Nanas Child Care,4.3,15.0,high_confidence
1420651,Learning Tree Daycare,HOUSTON,2105 CYPRESS LANDING DR,77090 3601,8,13,7,1,2,31,1.824,0.471,131,17,1,2.7,0,1,0,0,0,ChIJB2S170jLQIYR1YyLlSKJBgc,Learning Tree Daycare,5.0,37.0,high_confidence
1305834,Child Foundation Academy,HOUSTON,15016 LINDITA DR,77083 4416,6,7,0,0,0,13,0.52,0.24,95,25,0,7.2,0,1,0,0,0,ChIJB2WisgzeQIYRs3heClpEy1Q,CHILD FOUNDATION ACADEMY,1.0,3.0,high_confidence
251638,Just Kids Christian Learning Center and Child Care,SAN ANTONIO,6204 PRUE RD,78240 2035,6,5,2,0,1,14,0.667,0.286,136,21,0,21.2,0,1,0,0,0,ChIJB2cIew9nXIYRswzY6Wu7flY,Just Kids Christian Academy,4.5,73.0,medium_confidence
1133177,Annointed Christian Childcare & Academy II,HOUSTON,360 UVALDE RD,77015 2213,2,4,0,0,1,7,1.167,0.333,93,6,0,11.5,0,1,0,0,0,ChIJB49bS4ikQIYREsMk_FsPkN4,Annointed Christian Academy,5.0,10.0,medium_confidence
97498,Temple Emanu El Preschool,DALLAS,8500 HILLCREST AVE,75225 4204,5,4,0,1,0,10,1.111,0.556,324,9,1,40.0,1,0,0,0,0,ChIJB5tcXrGfToYR5n0R2vjsqP0,Temple Emanu-El,4.8,102.0,medium_confidence
237372,Mercy Culture Preschool,FORT WORTH,1401 OAKHURST SCENIC DR,76111 1460,3,2,1,0,0,6,0.75,0.375,115,8,0,22.2,1,0,0,0,0,ChIJBRQiefx3ToYRkNHNPZyjNew,Mercy Culture Preparatory,4.1,51.0,medium_confidence
1467660,Kids R Kids of Lakeshore,HOUSTON,16325 W LAKE HOUSTON PKWY,77044 5679,8,15,4,1,0,28,1.333,0.381,377,21,2,1.2,1,1,0,0,0,ChIJBRRzc56uQIYReaUxAx6CM28,Kids ‘R’ Kids Learning Academy of Lakeshore,4.3,49.0,medium_confidence
1313681,Early Learning Prep,HOUSTON,10560 FUQUA ST,77089 1402,3,4,3,0,0,10,0.714,0.214,85,14,0,6.3,0,1,0,0,0,ChIJBXnQ8XDDQIYR28xKaz-9MgM,Early Learning Preparatory,5.0,20.0,high_confidence
1298441,The Learning Experience Bellaire,HOUSTON,3701 BELLAIRE BLVD,77025 1206,2,5,5,0,0,12,1.5,0.25,227,8,1,7.4,0,0,0,0,0,ChIJB_-Wc0vAQIYRFXkUxE9UUWw,The Learning Experience - West University,4.3,85.0,medium_confidence
1349854,Sweet  Peas Daycare Academy,HOUSTON,717B DUNSON GLEN DR,77090 5365,2,0,1,0,0,3,0.333,0.222,38,9,0,5.1,0,1,0,0,0,ChIJB_aMMkbLQIYRokPKXvNK68k,Sweet Peas Daycare Academy,5.0,7.0,high_confidence
879392,Little Einstein's Learning Academy,HOUSTON,14633 BEECHNUT ST,77083 4436,3,7,2,0,0,12,1.5,0.375,60,8,0,14.1,0,1,0,0,0,ChIJB_w88wreQIYRTVlsAuhE-KU,Little Einstein's Learning Academy,5.0,19.0,high_confidence
1512953,The Learning Experience,AUSTIN,12400 W US HIGHWAY 290,78737 9437,0,0,1,0,0,1,0.25,0.0,187,4,0,0.3,0,0,0,0,0,ChIJBbUx871HW4YR64Xd6cj8smM,The Learning Experience - Austin Dripping Springs,5.0,3.0,medium_confidence
97174,La Petite Academy,FORT WORTH,9917 WHITE SETTLEMENT RD,76108 4115,10,24,10,1,0,45,1.607,0.357,132,28,0,36.4,0,1,0,0,0,ChIJBdv_yXAMToYR0e7cGnyU4gk,La Petite Academy on White Settlement Road,4.0,51.0,medium_confidence
324019,Jacinto City Preschool,HOUSTON,10205 CHALLENGER 7 DR,77029 2009,0,2,2,0,0,4,0.8,0.0,34,5,0,18.3,0,0,0,0,0,ChIJBeME8Zi8QIYRL2beSJ3HNU0,Jacinto City Preschool,3.0,2.0,high_confidence
1319501,Early Discovery Montessori Academy,HOUSTON,15985 WESTHEIMER RD,77082 1234,2,10,8,2,0,22,3.667,0.333,60,6,1,6.7,0,0,0,0,0,ChIJBeRhL_PeQIYRa0NpzRuSMB0,Early Discovery Montessori Academy,4.3,7.0,high_confidence
1383176,KCE Champions LLC @ KIPP,HOUSTON,8805 FERNDALE,77017 6515,3,2,0,0,0,5,0.357,0.214,136,14,0,3.9,1,1,0,0,0,ChIJBfW5eY6XQIYR2HwI-sFdxwQ,Champions at KIPP Climb Academy,5.0,1.0,medium_confidence
1396407,Safe Zone Childcare Center,HOUSTON,6629 BELLFORT ST,77087 6409,8,16,18,6,0,48,1.043,0.174,151,46,6,3.3,0,1,0,0,0,ChIJBy7uHjCWQIYRUxEUjdViOIA,Bellfort Street KinderCare,4.6,46.0,medium_confidence
1371168,Mi Casita Austin Montessori,AUSTIN,1211 PARKWAY,78703 4132,0,0,2,1,0,3,0.5,0.0,29,6,0,4.9,0,1,0,0,0,ChIJC-RQ-Qa1RIYRtnxgpT3huS8,Mi Casita Montessori,5.0,7.0,high_confidence
1396615,Merit Children's Academy Lakewood,DALLAS,6210 E MOCKINGBIRD LN,75214 2619,5,3,1,1,0,10,0.556,0.278,170,18,0,3.3,0,0,0,0,0,ChIJC0KfXECfToYRdtAXb4EY-lE,Merit Children's Academy,4.4,14.0,high_confidence
1471634,Roseland Homes Head Start/ Early Head Start,DALLAS,2011 N WASHINGTON AVE,75204 4244,2,1,3,0,0,6,0.545,0.182,60,11,0,1.4,0,0,0,0,0,ChIJC0TYJNSYToYRmrkSpt1ea1k,Head Start At Roseland Homes,4.3,4.0,medium_confidence
1376607,Tiny Treasures Daycare & Learning Center,SAN ANTONIO,9714 POTRANCO RD STE 115,78251 9617,2,14,1,0,1,18,0.9,0.1,59,20,0,4.1,0,1,0,0,0,ChIJC0ThmT9DXIYR2etO1ctQRAg,Tiny Treasures Daycare & Learning Center,4.0,47.0,high_confidence
302589,Big Dreams & Lil Wonders Christian Academy # 2,HOUSTON,11944 VETERANS MEMORIAL DR,77067 1834,7,16,13,1,1,38,2.533,0.467,244,15,0,18.9,0,1,0,0,0,ChIJC11pW7HOQIYRG-_5PrSdpTI,Big Dreams & Lil Wonders Christian Academy,4.7,49.0,high_confidence
465028,A-2-Z Learning Center,SAN ANTONIO,160 DARSON MARIE DR,78226 1224,3,9,4,1,0,17,0.773,0.136,48,22,0,16.0,0,1,0,0,0,ChIJC1B3GGpZXIYRiIBVXxVstSY,A-2-Z Learning Center,4.4,9.0,high_confidence
1311811,St. Catherine of Siena Preschool,AUSTIN,4800 CONVICT HILL RD,78749 2202,0,0,0,0,0,0,0.0,0.0,70,7,0,6.9,0,0,0,0,0,ChIJC3WHWZNLW4YRz_PQeLjdvIY,St. Catherine of Siena Catholic Church,4.7,202.0,medium_confidence
1158796,All Beautiful Children Enrichment Learning Center,HOUSTON,12805 CULLEN BLVD STE D,77047 3760,7,11,8,2,0,28,3.5,0.875,31,8,2,10.7,0,1,0,0,0,ChIJC6K70_mUQIYR-ltvaubKeE8,All Beautiful Children Enrichment Learning Center,4.9,17.0,high_confidence
1264770,Armand Bayou Montessori School,HOUSTON,16204 HICKORY KNOLL DR,77059 5309,5,17,8,0,0,30,3.0,0.5,126,10,0,8.9,0,0,0,0,0,ChIJC8tNyyecQIYRKKrg_Wn6LHI,Armand Bayou Montessori School,4.2,22.0,high_confidence
1296839,Houston Methodist Childcare Center,HOUSTON,2100 S BRAESWOOD BLVD,77030 4402,6,4,4,0,0,14,1.273,0.545,130,11,0,7.6,0,0,0,0,0,ChIJCQ-yrBPAQIYR9RRnwB1LSzc,Houston Methodist Child Care Center,4.2,20.0,high_confidence
238111,Town and Country Childrens Montessori Incorporated,AUSTIN,3801 KEATS DR,78704 6741,2,0,0,0,0,2,0.333,0.333,125,6,0,22.1,0,0,0,0,0,ChIJCRB44TJLW4YR555q3UnCzKQ,Town & Country Children's Montessori School,5.0,2.0,medium_confidence
1509586,Little Legends Academy HTX,HOUSTON,12425 JOHN F KENNEDY BLVD STE 110,77039 5918,0,0,0,0,0,0,0.0,0.0,55,3,0,0.3,0,0,0,0,0,ChIJCRfCIuu3QIYRh9O7973p5dQ,Little Legends Academy,4.7,12.0,high_confidence
1337465,Spring Creek Private School,DALLAS,14855 SPRING CREEK RD,75248 5712,6,13,5,0,0,24,1.0,0.25,186,24,0,5.2,0,1,0,0,0,ChIJCSYiI7ghTIYR5b6hhUdyaKc,Spring Creek Private School,4.6,24.0,high_confidence
1298271,Childrens Genesis,DALLAS,6808 PASTOR BAILEY DR,75237 2602,0,3,2,0,1,6,0.857,0.0,120,7,0,7.7,0,1,0,0,0,ChIJCT2nALyQToYRWLpygvfgvKU,Children's Genesis,5.0,6.0,high_confidence
96049,University Presbyterian Children,SAN ANTONIO,300 BUSHNELL AVE,78212 5334,0,4,1,0,0,5,0.714,0.0,124,7,0,38.9,1,1,0,0,0,ChIJCT8TGn1fXIYR36zhdIS5tv8,University Presbyterian Church,4.4,22.0,high_confidence
102385,La Petite Guilbeau,SAN ANTONIO,9401 GUILBEAU RD,78250 1938,13,9,10,2,1,35,1.0,0.371,144,35,1,39.0,0,1,0,0,0,ChIJCTH3og9oXIYR1un9j9x3AgE,La Petite Academy on Guilbeau Road,4.5,50.0,medium_confidence
1348684,Family Gatherings,SAN ANTONIO,5430 SEGUIN RD,78219 1041,12,5,8,0,1,26,0.867,0.4,96,30,0,5.8,0,1,0,0,0,ChIJCTWMPS3zXIYRNA5wGXrFBTk,Family Gatherings,3.4,13.0,high_confidence
96163,St. Andrew's Church and School,SAN ANTONIO,722 ROBINHOOD PL,78209 3400,0,7,5,0,0,12,2.4,0.0,23,5,0,39.1,1,0,0,0,0,ChIJCYEuiSL1XIYRjEtcQDNs8bQ,St. Andrew's Church & School,4.4,20.0,high_confidence
252515,Kids R Kids Quality Learning Academy,HOUSTON,6020 N ELDRIDGE PKWY,77041 4208,3,4,1,1,0,9,0.643,0.214,326,14,1,20.4,0,1,0,0,0,ChIJCYo9bZTQQIYRkVXXgNaDoMY,Kids 'R' Kids Learning Academy of West Houston,4.6,104.0,medium_confidence
101182,Kinsmen Lutheran Child Development,HOUSTON,12100 CHAMPION FOREST DR,77066 2704,4,9,15,0,0,28,4.667,0.667,175,6,0,40.1,0,0,0,0,0,ChIJCZ_SyTvMQIYRixUStRzRevw,Kinsmen Children's Academy,4.7,12.0,medium_confidence
1168453,Shining Starz Learning Center  INC.,HOUSTON,13403 WINDFERN RD,77064 3019,5,6,7,0,0,18,1.286,0.357,157,14,0,10.5,0,1,0,0,0,ChIJCZvww-zRQIYR1ZqlPxVyYU4,Shining Starz Learning Center,4.3,30.0,high_confidence
1345149,American Care Academy Pleasant Grove,DALLAS,1227 N MASTERS DR,75217 3722,0,2,2,0,0,4,0.25,0.0,153,16,0,6.0,0,1,0,0,0,ChIJC_TEErOlToYR7TQZtHaYLGA,American Care Academy Pleasant Grove,4.4,37.0,high_confidence
1372539,First Place Kids,HOUSTON,10111 GRANT RD STE C,77070 4533,7,10,11,0,0,28,1.647,0.412,132,17,0,4.3,0,1,0,0,0,ChIJCayaKuLNQIYRSZjrCLoJQMI,First Place Kids Christian Academy,4.2,25.0,medium_confidence
1298578,Happy Bunnies,AUSTIN,7212 OAK MEADOW DR,78736 1916,1,0,3,0,0,4,0.4,0.1,95,10,0,7.3,1,1,0,0,0,ChIJCdd9PX1JW4YRtwGlRnXQaPw,Happy Bunnies Child Care School,4.8,59.0,medium_confidence
1257502,Bethlehem United Community Centers Inc.,FORT WORTH,951 EVANS AVE,76104 3627,3,3,0,0,0,6,0.429,0.214,115,14,0,8.4,0,0,0,0,0,ChIJCfvm8gZxToYRxGTXzh0AHzo,UCC Bethlehem Center,4.7,65.0,medium_confidence
97212,St. Mark's Catholic Preschool and Nursery,SAN ANTONIO,1602 THOUSAND OAKS DR,78232 2338,1,0,0,0,0,1,0.111,0.111,124,9,0,38.6,0,0,0,0,0,ChIJCxL2YhOKXIYRWB3KZuS4jBc,St Mark's Catholic Pre-School,3.1,7.0,high_confidence
1119256,"Lobo Gymnastics, Inc.",HOUSTON,2500 FALCON PASS,77062 6239,3,5,4,0,0,12,0.923,0.231,302,13,0,12.3,0,1,0,0,0,ChIJCxsGxDecQIYRgp31C16OnJg,Lobo Active Learning Center & Gymnastics,4.3,29.0,medium_confidence
100380,Childrens Cottage Infant Center,HOUSTON,3910 BROOKWOODS DR,77092 8322,5,6,9,2,0,22,2.0,0.455,64,11,0,39.1,0,0,0,0,0,ChIJD0pob_bGQIYRr6be1uWJ2Ww,Montessori Children's Cottage,4.0,5.0,medium_confidence
1254064,HCDE Tidwell Head Start,HOUSTON,8302 JOHN RALSTON RD,77044 2120,2,4,3,0,0,9,1.8,0.4,70,5,1,8.9,0,0,0,0,0,ChIJD29SC0elQIYRYxmeOArSsbg,Tidwell Head Start Center,4.9,15.0,high_confidence
94509,La Petite Academy,FORT WORTH,8603 S NORMANDALE ST,76116 6139,11,21,8,1,0,41,1.281,0.344,117,32,1,40.1,0,1,0,0,0,ChIJD2V_RuQMToYRaf9rnO4WyEw,La Petite Academy on Normandale South,3.4,38.0,medium_confidence
209726,Northern Hills UMC Day School,SAN ANTONIO,3703 N LOOP 1604 E,78247 2301,0,5,1,1,0,7,0.875,0.0,188,8,0,22.9,0,0,0,0,0,ChIJD2XJP8OLXIYRuKAjMudARD0,Northern Hills United Methodist Church,4.6,73.0,medium_confidence
1287142,Kiddie Academy of Clear Lake,HOUSTON,11534 SPACE CENTER BLVD,77059 3603,6,4,4,0,0,14,0.933,0.4,247,15,0,7.9,0,1,0,0,0,ChIJD2jHucueQIYRt2wOIdzOD3A,Kiddie Academy of Clear Lake,4.6,68.0,high_confidence
1161556,MI3 Center Academy,HOUSTON,1135 ELLA CROSSING DR,77090,1,0,0,0,0,1,0.125,0.125,408,8,0,10.8,0,1,0,0,0,ChIJD39x0iPHQIYR-ssHzsZU_Po,MI3 Center,4.4,459.0,medium_confidence
102838,Westlake Hills Presbyterian Preschool,AUSTIN,7127 BEE CAVE RD,78746 4102,5,4,0,0,0,9,1.0,0.556,160,9,0,38.6,1,0,0,0,0,ChIJD4F2iDo1W4YRZ6gIKCC6Ub4,Westlake Hills Presbyterian Preschool,5.0,6.0,high_confidence
373585,Ivy Crest Academy of Camino Bandera,SAN ANTONIO,10002 CAMINO BANDERA,78254 6176,11,8,8,1,0,28,0.933,0.367,302,30,2,16.7,0,1,0,0,0,ChIJD4YDLpdnXIYRpRVZ-OBajGo,Ivy Crest Academy of Camino Bandera,3.5,19.0,high_confidence
156167,North Austin Montessori School,AUSTIN,12400 AMHERST DR STE 120,78727 5322,0,3,0,0,0,3,0.333,0.0,49,9,0,27.1,0,0,0,0,0,ChIJD7z3zD7MRIYRmq0M12uqdUU,North Austin Montessori School,4.7,22.0,high_confidence
95246,St Andrews Presbyterian Childrens Place,HOUSTON,3303 BISSONNET ST,77005 2113,3,7,6,0,0,16,1.333,0.25,240,12,0,38.7,1,0,0,0,0,ChIJD80KhvjAQIYRmJbQ0QlBfeg,Children's Place Preschool,4.8,6.0,medium_confidence
150039,A Step Ahead,DALLAS,1050 N WESTMORELAND RD STE 308,75211 2416,1,4,5,1,1,12,0.923,0.077,79,13,1,28.8,0,1,0,0,0,ChIJD8nRVqubToYR7fVUkPfJ6jA,A Step Ahead Learning Center,3.9,14.0,medium_confidence
1323429,Hope Day School,DALLAS,5910 CEDAR SPRINGS RD,75235 6806,0,1,2,0,0,3,0.5,0.0,168,6,0,6.4,0,1,0,0,0,ChIJDQ3Wq9ufToYRxPMaCq_UGXI,Hope Day School,4.7,35.0,high_confidence
95509,YWCA Olga H. Madrid Center,SAN ANTONIO,503 CASTROVILLE RD,78237 3131,5,8,4,1,0,18,0.75,0.208,195,24,1,39.7,1,1,0,0,0,ChIJDUIcqTVZXIYRsHfFtdc2QWU,YWCA Olga Madrid Center,3.6,27.0,high_confidence
706809,Baker Ripley Early Childhood Development Center,HOUSTON,8575 PITNER RD BLDG 1,77080 2010,1,2,4,1,0,8,0.615,0.077,238,13,0,14.9,0,0,0,0,0,ChIJD_o_TADFQIYRxOAlDJUmLN4,Baker Ripley Early Childhood Development Center - Pitner HS,5.0,1.0,high_confidence
281989,KinderCare Learning Center,AUSTIN,6434 S CONGRESS AVE,78745 4529,15,32,15,0,0,62,1.348,0.326,150,46,0,20.0,1,0,0,0,0,ChIJDfoNHVGzRIYRwkfrIEx1iMA,South Congress KinderCare,4.5,40.0,medium_confidence
1211607,Little Sprouts,AUSTIN,12411 LIMERICK AVE STE 100,78758 2421,4,14,21,1,0,40,3.333,0.333,28,12,1,9.8,0,1,0,0,0,ChIJDyDi-J_NRIYRMVuiJryg1JU,Little Sprouts Preschool,5.0,12.0,medium_confidence
1113756,Four Seasons Community School,AUSTIN,3909 ADELPHI LN,78727 5331,1,8,8,0,1,18,2.0,0.111,138,9,0,12.6,0,0,0,0,0,ChIJE1AO2TjMRIYRpWirY6TJtJc,Four Seasons Community School,4.3,6.0,high_confidence
952148,West Garden  Montessori School,HOUSTON,12350 WESTHEIMER RD STE A,77077 6068,0,10,3,0,0,13,2.6,0.0,83,5,0,13.7,0,1,0,0,0,ChIJE5yQXvTcQIYRVKQd7vDVv18,Garden Montessori Schools - West,5.0,4.0,high_confidence
94687,Inman Christian Center,SAN ANTONIO,1214 COLIMA ST,78207 6102,8,10,10,1,0,29,0.763,0.211,109,38,1,40.1,0,1,0,0,0,ChIJE6A9DM5YXIYRqKaYQvEa80Y,Inman Christian Center,3.4,19.0,high_confidence
957828,Kicks and Giggles Daycare Academy,HOUSTON,12130 ANTOINE DR STE H,77066 4461,6,10,4,2,2,24,3.429,0.857,103,7,0,13.6,0,1,0,0,0,ChIJEQIyLQHMQIYRw-Bd7lGfkcY,Kicks And Giggles Daycare Academy,4.7,26.0,high_confidence
306322,Rylie Day Care Center,DALLAS,1509 HAYMARKET RD,75253 2606,3,5,2,0,0,10,1.0,0.3,49,10,0,19.1,0,1,0,0,0,ChIJES7W-wy7ToYRnR7Qx41D9OQ,Rylie Day Care Center,5.0,12.0,high_confidence
96814,Spicewood Country School,AUSTIN,6102 SPICEWOOD SPRINGS RD,78759 7818,0,0,0,0,0,0,0.0,0.0,63,6,0,39.5,0,0,0,0,0,ChIJESFwZ6jMRIYR0IPeORZzQ1U,Spicewood Country Preschool,4.2,5.0,high_confidence
1394834,Spring Branch After-School Martial Arts,HOUSTON,1520 WITTE RD,77080 7630,6,6,4,2,1,19,1.0,0.316,68,19,0,3.3,0,1,0,0,0,ChIJESgJKGrFQIYRNTJ0noF53w8,Spring Branch After-School MA,5.0,26.0,high_confidence
693788,ST Michaels Episcopal Day School,AUSTIN,1500 N CAPITAL OF TEXAS HWY,78746 3320,1,5,3,0,0,9,0.9,0.1,105,10,0,15.0,0,0,0,0,0,ChIJETeyggw1W4YRsGTrz13fbBc,St. Michael's Episcopal Day School,5.0,15.0,high_confidence
254152,Hands 'n'  Hands Childcare and Learning Center,SAN ANTONIO,875 HOT WELLS BLVD,78223 2201,9,8,3,0,1,21,0.913,0.391,133,23,0,20.4,0,1,0,0,0,ChIJEW2GbqX3XIYRIitHorEtNQo,Hands N Hands Childcare,3.0,24.0,medium_confidence
1449612,KCE Champions LLC @ IDEA Spears,HOUSTON,2010 SPEARS RD,77067 1204,2,10,20,3,2,37,3.7,0.2,120,10,1,2.0,1,1,0,0,0,ChIJEYGiHxvLQIYROFHbS71oP8Q,Champions at IDEA Spears,3.0,3.0,high_confidence
1309982,Bethany Christian Academy,HOUSTON,7304 HOMESTEAD RD,77028 3027,23,14,20,1,0,58,1.871,0.742,100,31,2,7.1,0,1,0,0,0,ChIJEYYuknG7QIYRLyvvukw1G6I,Bethany Christian Academy,4.7,29.0,high_confidence
1102149,Clayton Child Care  Inc @ River Crest Country Club,FORT WORTH,1501 WESTERN AVE,76107 1542,1,8,6,1,0,16,2.0,0.125,25,8,1,12.4,0,0,0,0,0,ChIJEZ4pl6JzToYRXS5meOQZUA0,River Crest Country Club,4.6,222.0,medium_confidence
95665,St. David's Episcopal School,SAN ANTONIO,1300 WILTSHIRE AVE,78209 6049,1,2,0,1,0,4,0.4,0.1,84,10,1,39.1,0,0,0,0,0,ChIJE_acxP30XIYRBL2KOEPz3nM,St Davids Episcopal School,4.7,6.0,high_confidence
1234235,St. David's Episcopal Church and School Bright Beginnings,SAN ANTONIO,1300 WILTSHIRE AVE,78209 6049,1,1,2,1,0,5,0.833,0.167,32,6,1,9.9,0,0,0,0,0,ChIJE_acxP30XIYRCJROEsvXAP4,St. David's Episcopal Church,4.5,22.0,medium_confidence
95616,Christ Lutheran Day School,SAN ANTONIO,6720 BROADWAY ST,78209 3732,0,5,2,1,0,8,1.6,0.0,103,5,0,39.8,1,0,0,0,0,ChIJEb8GcWz1XIYRggDTHxwOIe4,Christ Lutheran Day School,5.0,1.0,high_confidence
1362369,Kidz School Daycare Learning Center,HOUSTON,10714 W BELLFORT AVE,77099 4749,7,20,10,0,0,37,2.467,0.467,119,15,0,4.6,0,1,0,0,0,ChIJEbKFHuTnQIYRLkn-FABXL2o,Kidz School Daycare Learning Center,4.9,47.0,high_confidence
226600,Angel Valley Christian Day Care,SAN ANTONIO,1305 SW LOOP 410 STE 125,78227 1671,2,5,2,0,0,9,0.818,0.182,128,11,0,22.1,0,1,0,0,0,ChIJEbzr8sldXIYR_I7QmNupMIo,Angel Valley Christian Daycare Center,4.6,18.0,high_confidence
1514290,Mother Goose Day Care LLC,FORT WORTH,2102 PRAIRIE AVE,76164 7820,0,0,0,0,0,0,0.0,0.0,33,4,0,0.3,0,0,0,0,0,ChIJEcpZGw50ToYRS3OowQRX21k,Mother Goose Daycare LLC,4.7,7.0,high_confidence
1241733,Primrose School of Upper Kirby,HOUSTON,3001 RICHMOND AVE,77098 3107,7,4,5,0,0,16,0.889,0.389,207,18,0,9.2,1,0,0,0,0,ChIJEf8KUPDAQIYRBCIHBlPal-E,Primrose School of Upper Kirby,4.1,110.0,high_confidence
1464052,Munchkin's Inc. Daycare LLC.,FORT WORTH,3209 NW 33RD ST,76106 3423,1,4,0,0,0,5,0.417,0.083,64,12,0,1.7,0,1,0,0,0,ChIJEfZ-xRJ1ToYRhLM7Eg0CPOs,"Munchkin’s, Inc Day Care",4.2,10.0,medium_confidence
1077290,Atelier Preescolar LLC,AUSTIN,8305 W HIGHWAY 71 STE 100,78735 8107,0,1,0,0,0,1,0.125,0.0,34,8,0,13.0,0,1,0,0,0,ChIJEf_mfJ5JW4YRtnCoEXJdBmQ,Atelier Preescolar preschool 520,4.5,59.0,medium_confidence
975176,Attitude Respect N Manners Learning Center,HOUSTON,12289 W HOUSTON CENTER BLVD STE 200,77082 3157,22,34,8,2,0,66,1.138,0.379,124,58,2,13.4,0,1,0,0,0,ChIJEx8RFO7cQIYRlk0-r3loOj8,Attitude Respect N Manners,4.1,21.0,medium_confidence
1256065,Greater Heights School,HOUSTON,4780 N MAIN ST,77009 4411,5,5,3,0,0,13,1.0,0.385,307,13,0,8.8,0,0,0,0,0,ChIJExh3HKK4QIYRGZZgpO-yaJI,Greater Heights School,4.6,82.0,high_confidence
1371876,Alianza Eco International School,HOUSTON,129 AURORA ST,77008 2138,10,22,20,2,0,54,1.286,0.238,120,42,2,4.3,0,0,0,0,0,ChIJExvqkU_HQIYRYkxILkqsjbk,Alianza Preschool The Heights,4.9,28.0,medium_confidence
1472817,Lakeside Little Learners,HOUSTON,14303 W LAKE HOUSTON PKWY,77044 1421,3,0,1,0,1,5,0.833,0.5,47,6,0,1.0,0,0,0,0,0,ChIJF2ig5b-vQIYRPuxtCrXpgI8,Lakeside Little Learners,3.0,2.0,high_confidence
1211279,A+ Highpointe Academy,DALLAS,3211 W CAMP WISDOM RD,75237 2605,4,28,22,0,0,54,1.5,0.111,113,36,0,10.2,0,1,0,0,0,ChIJF3R6hAGRToYRtATooldgod8,A+ Highpointe Academy,3.2,9.0,high_confidence
442128,Sun Moon And Stars LLC Learning Center,AUSTIN,3810 S 1ST ST,78704 7048,0,2,2,0,0,4,0.444,0.0,183,9,0,16.3,0,0,0,0,0,ChIJF4-6U7-0RIYRmtl5GwrJAig,Sun Moon & Stars Learning Center,4.5,63.0,high_confidence
208704,Alpha Academy,HOUSTON,1647 CANDYTUFT CT,77038 2907,1,6,5,3,1,16,3.2,0.2,51,5,0,23.1,0,1,0,0,0,ChIJF468u1XIQIYR_YbNHFkbjKc,Alpha Academy,4.8,17.0,high_confidence
1358950,Books & Bibs Childcare and Learning,SAN ANTONIO,3030 E COMMERCE ST,78220 1013,4,7,3,1,0,15,1.5,0.4,118,10,1,5.3,0,1,0,0,0,ChIJF5COnof2XIYRHUS2cHlzcLM,Books And Bibs Child Care And Learning Academy,4.8,33.0,medium_confidence
1315250,The Modern Tot,DALLAS,10801 GARLAND RD,75218 2610,4,4,2,0,0,10,0.5,0.2,177,20,0,6.8,0,0,0,0,0,ChIJF5I8tmGhToYRJOdr79DAybM,The Modern Tot Preschool,5.0,15.0,medium_confidence
287514,Copperfield Kindercare,HOUSTON,18035 FOREST HEIGHTS DR,77095 4442,7,12,4,2,0,25,1.667,0.467,131,15,2,19.8,0,1,0,0,0,ChIJF9XkhAbXQIYRkLAR8AwOzZ4,Copperfield KinderCare,4.8,49.0,high_confidence
1502053,Kidz Rocket 4,HOUSTON,9103 HOWELL SUGAR LAND RD,77083 6300,1,2,1,0,0,4,0.5,0.125,100,8,0,0.2,0,0,0,0,0,ChIJFQ-oPfDdQIYRHxCEPl3A0rM,Kidz Rocket Learning Center,4.0,23.0,medium_confidence
538551,The Goddard School,AUSTIN,2111 FRATE BARKER RD,78748 3614,1,1,1,0,0,3,0.333,0.111,168,9,0,15.8,0,1,0,0,0,ChIJFQR-2LNNW4YRCJWqFSkGqcw,The Goddard School of Austin,4.8,79.0,medium_confidence
285362,Sunshine CCC,HOUSTON,5414 S ACRES DR,77048 1121,4,7,9,0,0,20,2.0,0.4,71,10,0,20.1,0,1,0,0,0,ChIJFRS3k7GVQIYRXHaoRW5NLgI,Sunshine Child Care Center,5.0,6.0,medium_confidence
1351596,The Goddard School,HOUSTON,4025 RICHMOND AVE,77027 6817,1,2,3,0,0,6,0.667,0.111,158,9,2,5.1,0,0,0,0,0,ChIJFRZu2K3BQIYR-aDTfqF9ySM,The Goddard School of Houston - Greenway/ Upper Kirby,4.7,105.0,medium_confidence
1527230,Kidztown Childcare,HOUSTON,13829 LONGVIEW ST,77015 3943,0,0,1,0,0,1,1.0,0.0,83,1,0,0.0,0,0,0,0,0,ChIJFSPxVHmkQIYRjClo7azE5tk,Kidstown,4.4,20.0,medium_confidence
1330143,The Goddard School,FORT WORTH,8801 RAY WHITE RD,76244 6211,5,3,1,0,0,9,0.5,0.278,153,18,0,6.5,0,0,0,0,0,ChIJFTugojrYTYYRhv-cWDnubcI,The Goddard School of Fort Worth - Keller,4.5,92.0,medium_confidence
1319961,Primrose School at Greenway Plaza,HOUSTON,3 GREENWAY PLZ STE 100,77046 0395,6,3,2,0,2,13,1.182,0.545,90,11,1,6.5,0,0,0,0,0,ChIJFV3QBYLBQIYReiMGTUng4HM,Primrose School at Greenway Plaza,4.8,55.0,high_confidence
195079,Allbright Academy,HOUSTON,12321 BISSONNET ST,77099 1332,0,2,4,0,0,6,1.2,0.0,67,5,0,24.0,0,1,0,0,0,ChIJFWIeX3zdQIYR4AyY6Ov8iwc,Daycare Allbright Academy,4.2,10.0,high_confidence
121232,Childrens Early Development Center,FORT WORTH,3328 E BELKNAP ST,76111 4741,22,24,44,12,0,102,2.217,0.478,63,46,0,33.7,0,1,0,0,0,ChIJFWtC7dJwToYRILBJdlyBxtg,Children's Early Development Center CEDC,3.7,18.0,high_confidence
1388147,Winners Children Academy,HOUSTON,10950 BISSONNET ST STE A350,77099 1716,14,21,7,0,2,44,1.375,0.438,52,32,2,3.6,0,1,0,0,0,ChIJFWvvXRDdQIYR6kgPis8hNs8,Winners Children Academy,4.2,16.0,high_confidence
1267150,Moore's Faithful 2 Learning,DALLAS,2120 N SAINT AUGUSTINE DR STE 120,75227 8039,4,12,4,0,0,20,0.667,0.133,34,30,0,8.5,0,1,0,0,0,ChIJFXZeuKulToYR3AHnD1qvI8Y,Moore’s Faithful Learning Academy,4.2,5.0,high_confidence
94656,Highland Park United Methodist Day School,DALLAS,3300 MOCKINGBIRD LN,75205 2327,8,4,3,0,1,16,1.0,0.5,247,16,0,38.2,0,0,0,0,0,ChIJFYcMaBufToYRW4pBI4-ZeUA,Highland Park United Methodist Church,4.8,177.0,medium_confidence
323206,Growing Tree Academy,HOUSTON,5310 ELM ST,77081 4106,1,0,1,0,0,2,0.2,0.1,102,10,0,17.9,0,0,0,0,0,ChIJFajQaobBQIYRonBYLsnDjYc,The Growing Tree Academy,4.4,30.0,high_confidence
308355,Young and Gifted Learning Center,HOUSTON,10300 BAMMEL NORTH HOUSTON RD STE B-G,77086 2891,1,10,0,1,0,12,2.0,0.167,87,6,1,18.5,0,1,0,0,0,ChIJFash-x_MQIYRUZ64FfenmZA,Young and Gifted Learning Center,3.7,18.0,high_confidence
1162062,Walter's Road Head Start,HOUSTON,11910 WALTERS RD,77067 1956,12,18,8,6,0,44,0.957,0.261,153,46,2,10.7,0,0,0,0,0,ChIJFbXtMpjLQIYRtc_vaBPgFrw,AVANCE Houston - Walters Rd,4.7,7.0,medium_confidence
1521732,IGNITE Early Enrichment Academy,HOUSTON,3531 S DAIRY ASHFORD RD,77082 5537,0,1,0,0,0,1,0.5,0.0,94,2,0,-0.0,0,0,0,0,0,ChIJFbmXhdLdQIYR6oX4VRsTFdE,Ignite Early Enrichment Academy,5.0,7.0,high_confidence
1316571,Nasa Kids Academy Too,HOUSTON,911 GEMINI ST,77058 2762,4,4,4,1,0,13,1.444,0.444,153,9,1,6.8,0,1,0,0,0,ChIJFca61vecQIYRvuslWsKJTC8,Nasa Kids Academy,4.4,21.0,high_confidence
1443214,A Missionary COGIC Learning Center,DALLAS,7460 S WESTMORELAND RD STE 105,75237 3300,1,5,8,0,1,15,1.154,0.077,143,13,0,2.2,0,1,0,0,0,ChIJFczbe9iWToYRGZsMtyi-J0I,Missionary C.O.G.I.C Learning Center,3.7,3.0,medium_confidence
96653,La Petite Academy Springtime,SAN ANTONIO,6634 SPRING TIME ST,78249 2702,5,7,4,0,0,16,1.067,0.333,125,15,0,39.5,0,1,0,0,0,ChIJFdrzeqpnXIYRITvTaBhObKI,La Petite Academy on Springtime Drive,4.5,73.0,high_confidence
598048,My Little Team Texas Daycare,SAN ANTONIO,15415 APPLEWHITE RD STE 102&107,78264 3656,1,6,1,1,0,9,0.6,0.067,162,15,0,15.5,0,1,0,0,0,ChIJFecOjsJWXIYRAqUy6GffB14,My Little Team Texas Daycare,4.3,54.0,high_confidence
1259669,"Little Thinkers of West Oaks, LLC",HOUSTON,2933 WESTHOLLOW DR,77082 1823,13,21,16,7,0,57,3.8,0.867,100,15,2,8.6,0,1,0,0,0,ChIJFf_uNiXcQIYRTtTse6rcul4,Little Thinkers,4.7,41.0,medium_confidence
969373,Dealey Child Care Center,DALLAS,8190 WALNUT HILL LN,75231 4316,2,1,5,0,0,8,0.8,0.2,250,10,0,14.0,0,0,0,0,0,ChIJFwR5pO-fToYRpfh3rx6CYL4,The Dealey Child Care Center managed by Bright Horizons,3.8,25.0,medium_confidence
1412985,KCE Champions LLC @ Melillo MS,HOUSTON,9220 HUGHES RD,77089 3336,0,1,0,0,0,1,0.125,0.0,80,8,0,2.9,1,1,0,0,0,ChIJFyJwPY-RQIYRsglMGIk5euE,Champions at Melillo Middle School,3.0,2.0,medium_confidence
1327425,Life Church Learning Center - West Campus,SAN ANTONIO,10310 POTRANCO RD,78251 3356,8,7,2,0,0,17,0.654,0.308,291,26,0,6.3,0,1,0,0,0,ChIJG-ySWo5DXIYR71VoR5B6hig,Life Church Learning Center - West Campus,2.8,30.0,high_confidence
1509055,Kiddie Round-Up #5,SAN ANTONIO,8125 GLEN MONT,78239 3499,6,4,2,0,0,12,0.5,0.25,106,24,0,0.1,0,0,0,0,0,ChIJG0MnHp7yXIYRiWoIfhEcYIA,"Kiddie Round-Up, CDC",4.1,34.0,high_confidence
1434535,Helen Marie's Christian Childcare,SAN ANTONIO,11839 PERRIN BEITEL RD,78217 2155,11,20,32,3,0,66,2.64,0.44,8,25,1,1.8,0,1,0,0,0,ChIJG3GirNyLXIYRXrgNM_BrRmM,Helen Marie's Christian Childcare Learning Academy,4.2,17.0,medium_confidence
112257,Ella McFadden-Downtown YMCA,FORT WORTH,512 LAMAR ST,76102 3754,4,8,0,0,0,12,0.333,0.111,140,36,0,39.8,0,1,0,0,0,ChIJG3Q06UFxToYRJfKjeHo94Gc,Amon Carter Jr. Downtown YMCA,4.7,265.0,medium_confidence
418951,Tender Memories Learning Center,AUSTIN,308 W STASSNEY LN,78745 3130,1,4,3,1,0,9,0.9,0.1,76,10,0,16.2,0,1,0,0,0,ChIJG3beu6m0RIYRm2-hYgdBHxM,Tender Memories Learning Center,4.0,20.0,high_confidence
321492,Creative Minds Child Care Center,DALLAS,5606 S COCKRELL HILL RD,75236 2116,2,3,3,0,0,8,0.571,0.143,56,14,0,17.9,0,1,0,0,0,ChIJG5XeAEWQToYRsFB6sMuSBlM,Creative Minds Child Care Center,4.2,13.0,high_confidence
235252,Light of the World,FORT WORTH,8750 OLD DENTON RD,76244 9696,0,1,0,0,0,1,0.125,0.0,157,8,0,22.3,0,0,0,0,0,ChIJG6OoKljYTYYRatQD08eJdJI,Light of the World Church,4.9,146.0,high_confidence
1344779,Happiness Learning Center,HOUSTON,9626 COURT GLEN DR,77099 2541,3,7,11,0,0,21,1.909,0.273,60,11,0,5.4,0,1,0,0,0,ChIJG84qZ2DdQIYRs7jCZLHaSZo,Happiness Learning Center,4.8,6.0,high_confidence
222113,Church of Incarnation,DALLAS,3966 MCKINNEY AVE,75204 2018,2,5,7,0,0,14,2.0,0.286,194,7,0,22.5,0,0,0,0,0,ChIJGR9AD9aeToYRki4OGrQ_AKk,Church of the Incarnation,4.7,92.0,high_confidence
512688,Champions-George Bannerman Dealey Montessori Academy,DALLAS,6501 ROYAL LN,75230 4142,1,8,7,0,0,16,1.455,0.091,113,11,0,15.6,0,1,0,0,0,ChIJGVrG438gTIYRvmvs0TdIuDc,Champions at George Bannerman Dealey Montessori Academy,5.0,2.0,high_confidence
1440557,Love and Light CDC,DALLAS,2506 S LANCASTER RD,75216 2532,14,18,5,1,0,38,2.235,0.824,50,17,2,2.0,0,1,0,0,0,ChIJGXV0P1aZToYReFzkRQrwvXk,Love and Light Child Development Center,5.0,1.0,medium_confidence
1311500,All Saints Episcopal Church,AUSTIN,209 W 27TH ST,78705 1043,2,1,6,1,0,10,1.429,0.286,75,7,2,6.9,1,0,0,0,0,ChIJGY8rR4K1RIYRj4XxDYP81JE,All Saints' Episcopal Church,4.7,88.0,high_confidence
146447,Study Hall,SAN ANTONIO,2046 BABCOCK RD,78229 4409,8,10,6,1,0,25,1.923,0.615,71,13,0,28.3,0,1,0,0,0,ChIJGYFX3fpdXIYRorKVOG6XoXA,Study Hall Learning Center,4.6,25.0,medium_confidence
949708,Summerlin Child Care & Learning Center,SAN ANTONIO,6387 DE ZAVALA RD,78249 2101,9,16,5,0,0,30,1.304,0.391,126,23,0,14.1,0,1,0,0,0,ChIJG_3vFvlmXIYRqoKR8zeArpQ,Summerlin Childcare & Learning Center,4.5,110.0,high_confidence
1323098,Dear Ones Daycare & Preschool,FORT WORTH,8061 S HULEN ST,76123 2768,5,2,6,0,0,13,0.765,0.294,102,17,1,5.9,0,1,0,0,0,ChIJGb5WOBxtToYRK4I7cqjTDDc,DearOnes Daycare & Preschool,4.5,42.0,high_confidence
94861,Skyrise School on Westcreek Drive,FORT WORTH,6017 WESTCREEK DR,76133 3330,5,2,6,1,0,14,0.438,0.156,119,32,0,38.9,1,0,0,0,0,ChIJGbEn2dxtToYRAb3IeMjnfI0,Skyrise School on Westcreek Drive,4.3,46.0,high_confidence
804708,Pinnacle Kids Academy,SAN ANTONIO,7003 TEZEL RD,78250 3592,4,3,3,0,1,11,0.5,0.182,152,22,0,14.5,0,1,0,0,0,ChIJGc5Tj6xCXIYR_vd3JX8VQsY,Pinnacle Kids Academy,4.0,45.0,high_confidence
207443,Kids Concepts Child Development,DALLAS,4019 W LEDBETTER DR,75233 3627,1,5,4,0,0,10,1.0,0.1,163,10,0,23.1,0,1,0,0,0,ChIJGc85hmaQToYReddgP1zknds,Kids Concepts,4.7,47.0,medium_confidence
1517293,Tree Of Life Daycare Infants/Afterschool,SAN ANTONIO,2302 N ZARZAMORA ST,78201 5407,12,4,10,0,0,26,1.444,0.667,33,18,0,0.1,0,0,0,0,0,ChIJGcCsaABfXIYRhl518a5_51w,Tree of Life Daycare,5.0,7.0,medium_confidence
1469757,Happy Hearts Bilingual Learning Center,AUSTIN,6615 MENCHACA RD,78745 4934,1,3,0,0,0,4,0.8,0.2,72,5,1,1.8,0,1,0,0,0,ChIJGe41zF9LW4YRMWBmYnNhpM0,Happy Hearts Bilingual,4.8,22.0,medium_confidence
1515478,Stepping Stones Academy,FORT WORTH,11655 ALTA VISTA RD,76244 6430,0,0,0,0,0,0,0.0,0.0,157,2,0,0.3,0,0,0,0,0,ChIJGe_Y2u3ZTYYRebscLcVUQnw,Stepping Stones Academy,4.7,77.0,high_confidence
1374087,House of Little Angels LLC,AUSTIN,5611 W GATE BLVD,78745 3431,1,2,3,0,0,6,0.545,0.091,105,11,0,4.8,0,1,0,0,0,ChIJGw6atapMW4YRzFrMejuMk3U,House of Little Angels,4.3,36.0,high_confidence
1317011,Sproutstart Academy,HOUSTON,4926 N SHEPHERD DR,77018 2218,1,14,13,2,1,31,2.583,0.083,99,12,2,6.7,0,0,0,0,0,ChIJGww-0OjHQIYRaSRPzO9FVYM,Sproutstart Academy,5.0,11.0,high_confidence
1183653,Spark Learning,AUSTIN,2515 ENFIELD RD,78703 3715,0,0,0,1,0,1,0.143,0.0,59,7,1,10.5,0,1,0,0,0,ChIJGypPUgXLRIYRwUrPnmJZbKU,Spark Learning Preschool and ABA Therapy,4.1,35.0,medium_confidence
1335118,The Kid's Garden Learning Center,SAN ANTONIO,8680 GUILBEAU RD,78250 2644,5,9,2,1,0,17,0.739,0.217,147,23,1,5.3,0,1,0,0,0,ChIJGz0rw5FnXIYRFbAGtrztQxw,The Kids Garden Learning Center II,4.1,20.0,high_confidence
261706,Montessori Schoolhouse,SAN ANTONIO,10711 DREAMLAND DR,78230 4201,2,9,10,2,1,24,3.429,0.286,70,7,2,20.3,0,0,0,0,0,ChIJH1L4oPJgXIYReiW8uoFqmco,MONTESSORI SCHOOLHOUSE,4.8,24.0,high_confidence
1391308,Incredible Kidz Daycare & Learning Center,HOUSTON,11130 N ELDRIDGE PKWY STE 4,77065 3425,5,13,8,1,0,27,1.8,0.333,68,15,2,3.0,0,1,0,0,0,ChIJH1pZenfRQIYRgd5PNvcGmSw,Incredible Kidz Daycare,5.0,3.0,medium_confidence
1317616,Kandy Stripe Academy,HOUSTON,6515 MARTIN LUTHER KING BLVD,77033 1724,1,4,7,0,0,12,2.4,0.2,187,5,0,7.0,0,1,0,0,0,ChIJH1pssie-QIYRQMFegVdo2Kc,Kandy Stripe Academy Early Childhood Center,3.7,19.0,medium_confidence
96691,Clear Lake United  Methodist Church Preschool and MDO,HOUSTON,16335 EL CAMINO REAL,77062 5208,3,2,1,0,0,6,0.545,0.273,176,11,0,39.3,0,1,0,0,0,ChIJH1sYVGacQIYR8UUnoZGQdMI,Clear Lake United Methodist Church,4.4,42.0,medium_confidence
1338151,Daisy School,FORT WORTH,3443 MCCART AVE,76110 3635,6,18,4,0,0,28,2.154,0.462,136,13,0,5.8,0,1,0,0,0,ChIJH28g5B1yToYRfpco1E2kleI,Daisy School LLC,3.0,20.0,high_confidence
1495595,Museum District Childcare Center San Jacinto,HOUSTON,4905 SAN JACINTO ST,77004 5718,0,0,0,0,0,0,0.0,0.0,124,6,0,0.5,0,0,0,0,0,ChIJH2Pjnti_QIYRLAxBDlo-kIg,Museum District Child Care Center at San Jacinto,5.0,13.0,high_confidence
96878,Carino Child Care Center,SAN ANTONIO,435 SIMS AVE,78225 2355,7,9,7,0,0,23,2.875,0.875,60,8,0,38.8,0,1,0,0,0,ChIJH4BTqPBYXIYRJ6phqmgqnZ8,Carino Child Care Center,4.7,7.0,high_confidence
1390638,Dallas Life Child Development Center,DALLAS,1100 CADIZ ST,75215 1012,12,22,0,0,0,34,0.81,0.286,307,42,0,3.6,0,1,0,0,0,ChIJH57B4LuZToYR1l-guyrjI54,Developmental Learning Center at FUMC,5.0,2.0,medium_confidence
107581,Westbury Baptist Church Day School,HOUSTON,10425 HILLCROFT ST,77096 4703,1,0,0,0,0,1,0.167,0.167,238,6,0,35.6,0,0,0,0,0,ChIJH7A5WuTpQIYRhR7lu6cpI_8,Westbury Baptist Church,4.8,63.0,high_confidence
1266245,Creative Steps Academy LLC,DALLAS,3250 ORADELL LN,75220 6041,1,5,4,1,0,11,1.1,0.1,85,10,0,8.9,1,1,0,0,0,ChIJH7OLabCdToYRC4bgvwNLo8Y,Creative Steps Academy,4.6,20.0,high_confidence
275296,Heavenly Christian Academy,DALLAS,11421 SHILOH RD,75228 2150,1,0,0,0,0,1,0.083,0.083,169,12,1,19.9,0,1,0,0,0,ChIJH83ciyyhToYRQixohYDRhVA,Heavenly Christian Academy,4.0,65.0,high_confidence
94992,Terrace Weekday Programs,HOUSTON,1203 WIRT RD,77055 6852,3,1,1,0,0,5,0.357,0.214,264,14,0,37.9,0,0,0,0,0,ChIJH94KXxjEQIYRzFclxEuw8QM,Terrace United Methodist Church,4.6,29.0,medium_confidence
1466378,Kiddie Corner Learning Academy 2,SAN ANTONIO,2430 WAYNE DR,78222 1431,0,1,1,0,0,2,0.286,0.0,119,7,0,2.1,0,1,0,0,0,ChIJH9Ynz3fxXIYRpHEWOgBMXTI,Kiddie Corner Learning Center 2,4.8,27.0,high_confidence
1348336,"International Kids Academy, Inc",FORT WORTH,145 SHEFFIELD DR,76134 3819,3,6,14,4,0,27,1.5,0.167,96,18,2,5.2,0,1,0,0,0,ChIJHQZkWF1vToYRutuW1PUIpQ4,"International Kids Academy, Inc.",4.6,19.0,high_confidence
1519031,Sweet Sunsets Learning Academia,SAN ANTONIO,1056 E BORGFELD DR,78260 1627,0,0,0,0,0,0,0.0,0.0,33,2,0,0.0,0,0,0,0,0,ChIJHQszbaklKmEROPut7e7KMJw,Sweet Sunsets Learning Academia,5.0,1.0,high_confidence
1369688,Early Head Start at Stafford ECC,SAN ANTONIO,611 SW 36TH ST,78237 2607,1,2,2,0,0,5,0.312,0.062,189,16,0,4.5,0,0,0,0,0,ChIJHRnuEwBcXIYRwc_7v9ukwVo,Stafford Early Childhood Center,4.0,20.0,medium_confidence
1284285,Growing Imaginations Learning Center LLC,AUSTIN,5410 S 1ST ST,78745 3040,0,1,1,0,0,2,0.4,0.0,50,5,0,7.9,0,1,0,0,0,ChIJHS6J96u0RIYRoG0jaDa-o94,Growing Imaginations Learning Center LLC,4.5,45.0,high_confidence
154018,National Elite Gymnastics,AUSTIN,7632 W HIGHWAY 71,78735 8247,5,23,8,0,0,36,2.25,0.312,136,16,0,24.1,0,0,0,0,0,ChIJHUOAQnVJW4YRljC9bWZwLME,National Elite Gymnastics,4.2,74.0,high_confidence
167245,St. Philip's College Child Development Center,SAN ANTONIO,2207 WYOMING ST,78203 1949,1,0,0,0,0,1,0.167,0.167,57,6,0,24.8,1,1,0,0,0,ChIJHUwpT533XIYRZl0_-jBM45A,SPC - Child Development Center (CDC),5.0,4.0,medium_confidence
507277,Sharpview Head Start,HOUSTON,12280 SHARPVIEW DR,77072 2331,3,2,3,0,0,8,1.143,0.429,191,7,0,15.9,0,0,0,0,0,ChIJHV1k1Q3dQIYRGHBanDEQ4Mw,Sharpview Head Start,4.9,33.0,high_confidence
165232,The Childrens Courtyard,FORT WORTH,4500 ALLIANCE GATEWAY FWY,76177 3714,3,3,4,0,0,10,0.588,0.176,251,17,0,25.2,1,1,0,0,0,ChIJHVwQ_pbQTYYRFmxj4Jw2gOA,The Children's Courtyard on Alliance Gateway,4.3,32.0,medium_confidence
108664,Grace Christian Academy Early Learning Center,HOUSTON,14325 CRESCENT LANDING DR,77062 2178,4,20,7,2,0,33,3.0,0.364,300,11,2,35.8,0,1,0,0,0,ChIJHW9ufvGbQIYRka4rWvJ5F7o,Grace Christian Academy Early Learning Center,4.2,13.0,high_confidence
662108,2nd Step Daycare & Learning Center,DALLAS,4255 S R L THORNTON FWY,75224 5105,2,3,0,0,0,5,0.455,0.182,198,11,0,15.2,0,1,0,0,0,ChIJHWMbCvuZToYREqtcFawTnrk,2nd Step Daycare & Learning Center,4.1,20.0,high_confidence
1525371,Growing Together Preschool and Daycare,HOUSTON,14600 GLADEBROOK DR,77068 2802,0,0,0,0,0,0,0.0,0.0,102,3,0,0.0,0,0,0,0,0,ChIJHZZCbGPMQIYRjkJCyHfa9Ik,Growing Together Preschool and Daycare,4.4,34.0,high_confidence
303861,Cradles 2 Crayons Academy,HOUSTON,4930 TRAVIS ST,77002 9742,4,8,5,0,1,18,1.8,0.4,101,10,0,18.4,0,1,0,0,0,ChIJHaXlFHm_QIYResLuvKXzDa4,Cradles 2 Crayons Early Learning Academy,4.6,71.0,medium_confidence
1317256,Primrose School of Copperfield,HOUSTON,15550 RIDGE PARK DR,77095 2850,6,2,1,0,0,9,0.5,0.333,186,18,0,7.1,1,1,0,0,0,ChIJHaZOls3QQIYRkg8czo9J8GI,Primrose School of Copperfield,4.8,94.0,high_confidence
1505699,Kinder Learning Academy,SAN ANTONIO,14907 NACOGDOCHES RD,78247 1611,1,1,2,0,0,4,1.0,0.25,83,4,0,0.1,0,0,0,0,0,ChIJHazI8V2MXIYRKE3vy7GRe2o,Kinder Learning Academy,4.9,64.0,high_confidence
1522852,The Learner's Nest Academy II,HOUSTON,15225 ELLA BLVD STE D,77090 7048,4,6,0,2,0,12,0.375,0.125,110,32,2,0.0,0,0,0,0,0,ChIJHbKwo1PLQIYR5Vb4-ANgmik,The Learner's Nest Academy,4.9,39.0,high_confidence
1386013,The Fellowship Kids Day Out and Preschool,SAN ANTONIO,23755 CANYON GOLF RD,78258 4926,0,4,0,0,0,4,0.333,0.0,95,12,0,3.9,0,0,0,0,0,ChIJHf4mcymIXIYRipXqJhajO30,The Fellowship of San Antonio,4.9,88.0,medium_confidence
1281364,"The PlaySpace, LLC",FORT WORTH,3206 COLLINSWORTH ST,76107 6528,2,3,3,1,0,9,1.0,0.222,51,9,1,8.0,0,0,0,0,0,ChIJHfUfvTJyToYRMZwOnKjSme8,The PlaySpace,4.7,45.0,high_confidence
1504148,Rose & Buds Playschool,AUSTIN,2507 WALTER ST,78702 2836,0,0,0,0,0,0,0.0,0.0,12,6,0,0.2,0,0,0,0,0,ChIJHw1hE2W1RIYR7YebNA1IpqE,Rose & Buds Playschool,5.0,5.0,high_confidence
1468351,Light of Houston Bilingual Academy,HOUSTON,14511 1/2 WOODFOREST BLVD,77015 3131,5,8,7,1,0,21,2.333,0.556,55,9,2,1.3,0,1,0,0,0,ChIJHw63q-OlQIYRfr7WlKBptTo,Light Of Houston Bilingual Academy,4.6,65.0,high_confidence
1269908,Kiddie Academy of Canyon Springs,SAN ANTONIO,26335 CANYON GOLF RD,78260 7713,5,6,8,0,0,19,0.95,0.25,240,20,0,8.3,0,0,0,0,0,ChIJHx_TGhuIXIYR_cZZIa9_4HM,Kiddie Academy of Canyon Springs,4.1,57.0,high_confidence
323695,Little People's Learning Tree,HOUSTON,457 PICKERING ST,77091 3311,10,18,6,6,0,40,1.111,0.278,62,36,4,17.3,0,1,0,0,0,ChIJHxfyGCVMbGcRH5MvTzhAPfs,Little People's Creative Academy,5.0,3.0,medium_confidence
94732,La Petite Academy Rayburn,SAN ANTONIO,700 RAYBURN DR,78221 1347,2,5,8,0,0,15,1.875,0.25,118,8,0,40.4,1,1,0,0,0,ChIJHyxSAkdYXIYRVJOqFNHK1xw,La Petite Academy on Rayburn Drive,4.2,20.0,high_confidence
1467832,Children's Lighthouse Woodland Springs,FORT WORTH,11845 ALTA VISTA RD,76244 6409,1,2,1,0,0,4,0.4,0.1,238,10,0,1.9,0,0,0,0,0,ChIJI23GPPLZTYYREGrH5nyWRI0,Children's Lighthouse of Keller - Woodland Springs,4.8,237.0,high_confidence
1434937,Bezos Academy Houston - Magnolia Park,HOUSTON,7524 AVENUE E,77012 1200,2,0,0,0,0,2,0.182,0.182,108,11,0,2.3,0,0,0,0,0,ChIJI3acHgq9QIYRHttDdK6jNPM,Bezos Academy Houston - Magnolia Park,4.7,3.0,high_confidence
1472450,Little Saints Children's Weekday Ministry,FORT WORTH,3312 DRYDEN RD,76109 3704,2,2,1,0,0,5,0.714,0.286,25,7,0,0.9,0,0,0,0,0,ChIJI3hsuFNsToYR1D0Xk5L0qBU,Weekday Christian Preschool,5.0,1.0,medium_confidence
1126690,Davenport Montessori LLC,DALLAS,17501 DAVENPORT RD,75252 5906,2,5,6,0,0,13,1.625,0.25,131,8,0,11.6,0,1,0,0,0,ChIJI4FPG9UjTIYRdcYRDfvll9E,Davenport Montessori,4.0,57.0,high_confidence
1164910,The Goddard School,AUSTIN,5145 RANCH ROAD 620 N BLDG H,78732 1815,2,1,2,1,0,6,0.667,0.222,166,9,0,10.6,0,1,0,0,0,ChIJI4_NWk4xW4YRW1pPQ7o9Ils,The Goddard School of Steiner Ranch,4.8,60.0,medium_confidence
253051,Happy Days Child Learning Center,HOUSTON,7330 JACKRABBIT RD,77095 3518,1,3,0,0,0,4,0.667,0.167,158,6,0,21.1,0,1,0,0,0,ChIJI62fP-nQQIYRDfFFsJPbH1E,Happy Days Child Learning Center,4.6,46.0,high_confidence
1382399,KCE Champions LLC @ Momentous,DALLAS,106 E 10TH ST,75203 2236,0,3,4,0,0,7,0.583,0.0,50,12,0,3.9,0,1,0,0,0,ChIJI8Z6GNaZToYR0WEmZSM-KiA,Champions at Momentous School,3.0,2.0,medium_confidence
1459853,"Stepping Stones DFW, LLC",DALLAS,8315 LAKE JUNE RD,75217 2136,2,5,3,3,0,13,1.444,0.222,50,9,3,1.5,0,1,0,0,0,ChIJI9BwsEWjToYRV_UtOs5zWOA,Stepping Stones Early Child Development Center,3.0,21.0,medium_confidence
99194,Little Folks Nursery and Bilingual Day Care Center,AUSTIN,5706 REICHER DR,78723 3636,1,2,1,0,0,4,0.667,0.167,168,6,0,39.7,1,1,0,0,0,ChIJI9OnEODJRIYRuQ-mhidFRAw,Little Folks Bilingual Child Development Center,4.4,21.0,medium_confidence
1359435,Primrose School Alliance,FORT WORTH,10901 FOUNDERS WAY,76177,5,3,1,0,0,9,0.5,0.278,234,18,0,4.9,0,0,0,0,0,ChIJIQfozaPZTYYR9B7vKEnmL2g,Primrose School at Alliance,4.4,39.0,high_confidence
104932,Bright Ideas Childrens Enrichment,SAN ANTONIO,9433 FREDERICKSBURG RD,78240 1240,0,2,0,0,0,2,0.333,0.0,241,6,0,37.4,0,0,0,0,0,ChIJIQksyk1nXIYR8ziVqTWtDmU,Bright Ideas Children's Enrichment Center,4.5,46.0,high_confidence
1349291,Mi Casa Child Center,SAN ANTONIO,8910 BANDERA RD STE 102,78250 3227,3,10,2,0,0,15,0.938,0.188,116,16,0,5.1,0,1,0,0,0,ChIJISHFE1dnXIYRXCgyT4ThhXk,Mi Casa Child Center,4.6,36.0,high_confidence
1518124,The Learning Experience Museum,HOUSTON,5009 CAROLINE ST,77004 5715,0,0,0,0,0,0,0.0,0.0,244,2,0,0.1,0,0,0,0,0,ChIJISue71y_QIYRjnaRqn1Zu18,The Learning Experience- Museum District,4.2,10.0,high_confidence
1258107,Lake Creek Montessori International School,AUSTIN,10127 LAKE CREEK PKWY,78729 1711,4,7,6,2,1,20,1.538,0.308,246,13,2,9.2,0,1,0,0,0,ChIJIV4p2znNRIYR8jGBf-dlggM,LakeCreek Montessori - Chinese Immersion School,4.7,64.0,medium_confidence
167366,Temple Of Praise ECDC,SAN ANTONIO,1620 PINN RD,78227 2002,5,6,4,0,1,16,1.231,0.385,154,13,0,24.1,0,1,0,0,0,ChIJIVBGD4JcXIYR-Ck-z0uMbHg,Temple of Praise,4.5,26.0,high_confidence
1189205,The Little Doers,SAN ANTONIO,2800 BROADWAY ST,78209 7034,2,4,1,0,1,8,0.667,0.167,51,12,0,9.9,0,0,0,0,0,ChIJIVWnfJL1XIYRagau5YzZxNo,The DoSeum,4.5,1796.0,medium_confidence
150627,St. Louis Early Childhood Development Center,AUSTIN,7601 BURNET RD,78757 1204,2,10,4,0,0,16,1.231,0.154,75,13,1,28.0,0,1,0,0,0,ChIJIWOoSlHLRIYRx2uQNZrw7fw,St. Louis Early Childhood Development Center,5.0,2.0,high_confidence
1066508,Treasures Chest Learning Center,FORT WORTH,2929 FOREST AVE,76112 6608,1,1,1,0,0,3,0.375,0.125,109,8,1,12.3,0,0,0,0,0,ChIJIYhydKp7ToYRDDB5hNrFOJ8,Treasure Chest Learning Center,4.4,20.0,high_confidence
1454375,Rosies Daycare #3,AUSTIN,5807 WELLINGTON DR,78723 3236,2,3,2,0,0,7,1.4,0.4,49,5,1,2.4,0,1,0,0,0,ChIJIZWr1vrJRIYRdZ4FZcaACm0,Rosies Daycare #3,4.2,5.0,high_confidence
1369342,Small Steps Nurturing Center-Gulfton,HOUSTON,6856 BELLAIRE BLVD,77074 4908,7,6,4,1,1,19,1.462,0.538,75,13,0,4.5,0,0,0,0,0,ChIJI_4SPfvDQIYRMlwq3W-o-o0,Small Steps Nurturing Center - Gulfton,5.0,25.0,high_confidence
1470886,Beautiful Children Learning Daycare,SAN ANTONIO,3655 FREDERICKSBURG RD,78201 3859,1,5,1,1,0,8,1.143,0.143,41,7,0,1.3,0,1,0,0,0,ChIJI_rd2VpeXIYR8yCgRilb-tY,Beautiful Children Learning Daycare,3.0,10.0,high_confidence
1073019,Cornerstone  Preschool,HOUSTON,18081 WEST RD,77095,0,1,1,0,0,2,0.4,0.0,175,5,0,13.0,0,0,0,0,0,ChIJIbREC97XQIYRJ_O6lONJg78,Cornerstone Methodist Preschool,5.0,5.0,high_confidence
1444854,Nabor House Community,HOUSTON,14100 MEMORIAL DR,77079 6825,4,13,8,0,0,25,2.273,0.364,74,11,0,2.0,0,0,0,0,0,ChIJIbdHVQDbQIYRNRm48lcrNWI,Nabor House Community,4.8,21.0,high_confidence
1466643,Lionheart Children's Academy at Eagles View,FORT WORTH,5440 W BAILEY BOSWELL RD,76179 4407,5,3,3,0,0,11,0.579,0.263,183,19,0,1.7,0,0,0,0,0,ChIJIc65_VbfTYYRLVA0YBIxNT4,Lionheart Children's Academy at Eagles View Church,4.3,17.0,high_confidence
1104019,Life Time Fitness Camps,AUSTIN,7101 S MOPAC EXPY NB,78749,6,7,2,0,1,16,1.455,0.545,130,11,3,12.1,0,0,0,0,0,ChIJIcZS3AhLW4YRV7Hv4Lkn2jc,Life Time,3.6,872.0,medium_confidence
297673,Capital Metro Childcare and Learning Center,AUSTIN,624 N PLEASANT VALLEY RD,78702 3945,0,4,3,0,0,7,0.875,0.0,74,8,0,18.9,1,0,0,0,0,ChIJIdc5k821RIYRSR-JVwaRVl0,Capital Metro Child Care & Early Learning Center,4.7,14.0,high_confidence
1476682,A Place For Children Too INC,HOUSTON,9805 BISSONNET ST STE A,77036 8225,10,16,7,1,0,34,2.0,0.588,100,17,0,1.1,0,1,0,0,0,ChIJIe4IGg_dQIYRqETXLfCmYGk,A PLACE FOR CHILDREN - HOUSTON,3.8,84.0,medium_confidence
1378413,LEAH Schools Downtown Academy,HOUSTON,1316 WASHINGTON AVE,77002 1549,4,9,3,0,0,16,1.143,0.286,238,14,0,4.0,0,0,0,0,0,ChIJIeecBjC_QIYREBbRoZZu6Lw,LEAH Schools Downtown Academy,4.6,19.0,high_confidence
1403434,Happy Bees Childcare Center,HOUSTON,9600 S GESSNER RD BLDG C,77071 1002,13,37,10,2,0,62,3.1,0.65,151,20,0,2.4,0,1,0,0,0,ChIJIyLG0IDDQIYRw1V6KeatcbA,Happy Bees Childcare Center,4.9,87.0,high_confidence
1524554,The Learning Experience,FORT WORTH,7345 CANYON PARK DR,76123 3038,1,1,0,0,0,2,0.667,0.333,192,3,0,0.0,0,0,0,0,0,ChIJIz58m_DTTYYRHAMvhyWb1Yo,The Learning Experience - Fort Worth Summer Creek,4.7,57.0,medium_confidence
1338790,Premier Early Learning Center,SAN ANTONIO,3450 ROOSEVELT AVE,78214 2657,6,3,4,1,0,14,1.167,0.5,80,12,0,5.8,0,1,0,0,0,ChIJJ2czVM_3XIYRxuuevhrAVT0,Premier Early Learning Center,4.9,11.0,high_confidence
96638,Shepherd of the Hills Lutheran,SAN ANTONIO,6914 WURZBACH RD,78240 3832,14,28,18,5,0,65,2.031,0.438,219,32,1,39.4,0,0,0,0,0,ChIJJ2rhkO1dXIYR_iB8VomC-7g,"Shepherd of the Hills Lutheran Church, School, & Child Care",4.6,122.0,medium_confidence
1368111,My Kids Daycare,HOUSTON,12280 WESTHEIMER RD STE 50,77077 6050,5,15,5,0,0,25,0.926,0.185,215,27,0,4.5,0,1,0,0,0,ChIJJ3QjAsTdQIYRElKg_sNlZNc,My Kid's Daycare,4.0,69.0,high_confidence
886890,TR Hoover CDC,DALLAS,5106 BEXAR ST,75215 4666,1,3,5,0,0,9,1.8,0.2,40,5,2,14.4,0,1,0,0,0,ChIJJ5Qr2XmYToYRi3u6aCvXCpI,TR Hoover CDC,4.6,14.0,high_confidence
1329092,Happy Kidz Learning Center #2,SAN ANTONIO,410 VALLEY HI DR STE 109-200,78227 4611,22,23,9,0,0,54,1.742,0.71,67,31,2,6.2,0,1,0,0,0,ChIJJ6DTSiJbXIYR7aVozn2TQmk,Happy Kidz Learning Center,4.2,43.0,high_confidence
1336284,Bright Beginnings Child Development Center,DALLAS,7221 SCYENE RD,75227 5759,3,3,3,1,0,10,1.0,0.3,68,10,0,5.8,0,1,0,0,0,ChIJJRBeG1SjToYRhWxaAsth3DY,Bright Beginnings Ministry/Child Development Center,4.6,19.0,medium_confidence
1464490,Loving Family Daycare,HOUSTON,9437 HIGHWAY 6 S,77083 6309,1,6,4,0,0,11,1.571,0.143,44,7,0,1.6,0,1,0,0,0,ChIJJREDtP3dQIYRseKfem6wLSk,LOVING FAMILY DAYCARE,5.0,42.0,high_confidence
1119073,Tiny Feet  Child Care,HOUSTON,11360 WESTHEIMER RD,77077 6842,4,17,14,1,0,36,5.143,0.571,27,7,1,11.9,0,1,0,0,0,ChIJJRXnEsHcQIYRF9gbhamekMQ,Tiny Feet Child Care,4.1,21.0,high_confidence
1363636,Kiddie Academy of Alliance,FORT WORTH,9773 TEHAMA RIDGE PKWY,76177 7416,5,2,1,0,0,8,0.533,0.333,225,15,0,5.2,0,0,0,0,0,ChIJJT6b0xvZTYYRsd_tJnny95Q,Kiddie Academy of Alliance,4.4,76.0,high_confidence
1507680,Amazing Explorers Academy Goodnight Ranch,AUSTIN,8749 VERTEX BLVD.,78747,0,0,0,0,1,1,0.2,0.0,237,5,0,-0.0,0,0,0,0,0,ChIJJT9znVKzRIYRpss5Kvajge8,Amazing Explorers Academy Goodnight Ranch,5.0,28.0,high_confidence
1310960,ChildCareGroup at West Dallas,DALLAS,2827 LAPSLEY ST,75212 4421,3,6,0,0,0,9,0.9,0.3,86,10,0,7.3,1,0,0,0,0,ChIJJUchMEibToYRcp0ztNwN8-k,Child Care Group West Dallas,4.5,8.0,medium_confidence
1145186,Bilingual Child Academy - Stone Oak,SAN ANTONIO,21785 HARDY OAK BLVD,78258 2359,2,5,0,0,0,7,0.467,0.133,181,15,0,11.1,0,1,0,0,0,ChIJJVhwkXpiXIYRtLj6UlV6c8s,Bilingual Child Academy Stone Oak,4.1,88.0,high_confidence
95407,Toddler House INC No 4,HOUSTON,2215 W 34TH ST,77018 6004,9,18,8,2,0,37,1.609,0.391,140,23,0,38.8,0,1,0,0,0,ChIJJWZB8FXGQIYRfPS1sr-qqtw,The Toddler House Oak Forest/ The Heights,4.3,39.0,medium_confidence
207574,Nathan J & Amelia Klein Head Start,HOUSTON,6447 PRESTWOOD DR,77081 1105,0,1,0,0,0,1,0.2,0.0,121,5,0,23.1,1,0,0,0,0,ChIJJWjAQTTCQIYR3Jc_m-nN4wM,Klein Early Head Start/Head Start,4.6,31.0,medium_confidence
1355149,Pinnacle Montessori,SAN ANTONIO,111 EXETER PLACE DR,78253 7094,30,50,17,1,2,100,1.887,0.566,219,53,1,5.0,0,0,1,0,0,ChIJJWvPD0dDXIYRgssTCphyQAE,Pinnacle Montessori of Potranco,3.8,40.0,medium_confidence
1469166,Wynn Academy - Marigold,FORT WORTH,3829 MARIGOLD AVE,76111 4944,4,1,4,0,1,10,1.0,0.4,33,10,0,1.5,0,0,0,0,0,ChIJJYmzn9F3ToYR5Snx2P1GriY,The Wynn Academy Marigold,5.0,3.0,high_confidence
1474863,Little Scholars Learning Center,HOUSTON,14043 WESTHEIMER RD,77077 5360,1,5,1,0,0,7,1.167,0.167,116,6,0,1.6,0,1,0,0,0,ChIJJ_N9vCPcQIYRrFQ5nSr3b48,Little Scholars Learning Center,4.7,73.0,high_confidence
1238343,Imagination Child Development Center 2,SAN ANTONIO,5851 WAR CLOUD DR,78242 2600,4,5,2,1,0,12,0.857,0.286,108,14,1,9.6,0,1,0,0,0,ChIJJ_YhlmBaXIYR0ne7r_87PPs,Imagination Child Development Center 2,4.4,40.0,high_confidence
1326836,As We Grow Learning Center #2,HOUSTON,9802 N HOUSTON ROSSLYN RD,77088 2132,6,5,5,0,0,16,1.6,0.6,45,10,1,6.1,0,1,0,0,0,ChIJJawOMj_PQIYRw6rbAIGaYg4,As We Grow Learning Center #2,4.4,28.0,high_confidence
98317,Messiah Lutheran Early Childhood,HOUSTON,5103 ROSE ST,77007 5240,29,55,41,2,2,129,3.071,0.69,136,42,0,38.6,0,0,1,0,0,ChIJJazaHLXAQIYR7Z4bvXg4rl4,Messiah Lutheran School,3.9,7.0,medium_confidence
94857,Mossrock KinderCare,SAN ANTONIO,2711 MOSSROCK,78230 5115,4,16,7,0,0,27,0.818,0.121,167,33,0,38.4,0,1,0,0,0,ChIJJbboNyheXIYRSWUlZJdzomk,Mossrock KinderCare,2.7,151.0,high_confidence
1502513,The Learning Corner Academy Inc,HOUSTON,8245 MILLS RD STE G,77064 1301,4,5,3,0,0,12,2.0,0.667,60,6,0,0.2,0,0,0,0,0,ChIJJeJBCB7NQIYR74bx9UZAW0o,The Learning Corner Academy,3.0,2.0,high_confidence
1137820,RR&B 24hr Daycare,DALLAS,4014 S COCKRELL HILL RD,75236 1602,14,28,23,0,0,65,3.824,0.824,54,17,11,10.5,0,1,0,0,0,ChIJJeQWI2-QToYR5-C9Yu73mwA,Angels Playland 24HR Daycare,3.6,7.0,medium_confidence
282065,St. Paul's Episcopal Montessori School,SAN ANTONIO,1018 E GRAYSON ST,78208 1224,0,9,3,1,0,13,1.625,0.0,43,8,1,19.5,0,0,0,0,0,ChIJJxhXSun1XIYRDJYKo0lmfEk,St. Paul's Episcopal Montessori School,4.4,33.0,high_confidence
1265215,Kids Country Childcare and Learning Center,DALLAS,9571 SKILLMAN ST,75243 8209,4,2,3,0,0,9,0.9,0.4,55,10,0,7.9,1,1,0,0,0,ChIJJyIe_9IfTIYRb8GWZjvBYyU,Kids Country Child Care Center,4.5,26.0,medium_confidence
240836,Genesis Learning Center - Downtown,HOUSTON,2819 CAROLINE ST,77004 2713,0,0,0,0,0,0,0.0,0.0,102,5,0,21.3,0,1,0,0,0,ChIJJye5NhO_QIYRmQL0VHv5V0o,Genesis Learning Center,4.1,10.0,high_confidence
108132,Faith Lutheran Child Development Center,AUSTIN,6600 WOODROW AVE,78757 2521,3,7,6,1,0,17,2.429,0.429,150,7,0,36.0,0,1,0,0,0,ChIJK0yaW07KRIYRkSwqDLg4ioo,Faith Lutheran Child Development Center,4.6,9.0,high_confidence
237266,Just Kids! Christian Learning Center & Child Care,SAN ANTONIO,3060 OLMOS CREEK DR,78230 5427,6,5,3,0,0,14,0.412,0.176,191,34,0,22.2,0,1,0,0,0,ChIJK4b8gRdhXIYRMkLweGiJsno,Just Kids Christian Academy,4.5,110.0,medium_confidence
1238340,Imagination Child Development Center 1,SAN ANTONIO,1430 SAVA ST SUITE 111,78214,5,1,1,0,0,7,0.333,0.238,259,21,0,8.8,0,1,0,0,0,ChIJK5ZWiwz4XIYRzcmOFIVx81Q,Imagination Child Development Center 1,4.8,69.0,high_confidence
1257122,The Foshee Family House of Tiny Treasures,HOUSTON,2323 FRANCIS ST,77004 4235,0,1,0,0,0,1,0.071,0.0,72,14,0,8.8,0,1,0,0,0,ChIJK5uEuA6_QIYRSBfzVx-gvEU,SEARCH's House Of Tiny Treasures,4.2,12.0,medium_confidence
1152648,United Kidz Academy San Antonio,SAN ANTONIO,1211 N ELLISON DR,78251 4617,7,9,1,0,0,17,0.548,0.226,200,31,0,10.9,0,1,0,0,0,ChIJK9MTUuBDXIYRPYwWRvpeRHw,United Kidz Academy,3.0,26.0,medium_confidence
1303837,Life Time Kids Camp,FORT WORTH,10761 FOUNDERS WAY,76177 1574,4,12,4,0,1,21,3.0,0.571,150,7,0,7.1,0,0,0,0,0,ChIJK9XepQzZTYYRJI5LEx7dHW8,Life Time,4.4,706.0,medium_confidence
1515611,Stepping Stone School I,AUSTIN,1710 RICHCREEK RD,78757 1846,0,0,0,0,0,0,0.0,0.0,68,2,0,0.3,0,0,0,0,0,ChIJKQRqF7PLRIYR42p4YOlymHA,Stepping Stone School Crestview/Allandale,4.9,22.0,medium_confidence
1364644,Primrose School of Garden Oaks,HOUSTON,919 JUDIWAY ST,77018 6201,10,7,6,0,1,24,1.143,0.476,278,21,0,4.7,0,0,0,0,0,ChIJKQrw61XHQIYRbZNhoR7KyIU,Primrose School of Garden Oaks,5.0,43.0,high_confidence
1338791,Youth Development Center,HOUSTON,6050 BRETSHIRE DR,77016 3212,1,2,1,2,0,6,1.0,0.167,282,6,0,5.8,0,1,0,0,0,ChIJKSPCXYa5QIYRZ5hGKaHJxDo,Youth Development Center,4.9,16.0,high_confidence
1322574,William M. McDonald YMCA,FORT WORTH,2701 MORESBY ST,76105 5216,2,4,1,0,0,7,0.636,0.182,180,11,2,7.0,0,0,0,0,0,ChIJKUiNOpx6ToYRuotjzXuBCH0,William M. McDonald YMCA | YMCA of Fort Worth,4.4,164.0,medium_confidence
1284350,The New Day School,HOUSTON,3615 MANGUM RD,77092 5405,0,5,0,1,0,6,1.0,0.0,85,6,1,7.4,0,0,0,0,0,ChIJKUtLrdLHQIYRr0Wq5WdpFjU,The New Day School,5.0,19.0,high_confidence
157507,Copperfield Church Preschool,HOUSTON,8350 HIGHWAY 6 N,77095 2002,1,1,1,0,0,3,0.429,0.143,183,7,0,26.8,0,0,0,0,0,ChIJKWhoP9jQQIYRibZoGi2uXLM,Copperfield Church,4.8,97.0,medium_confidence
1156648,Primrose School of the Westchase District,HOUSTON,3191 BRIARPARK DR,77042 3707,6,6,9,1,0,22,2.2,0.6,227,10,3,10.9,1,0,0,0,0,ChIJKY_tJSXDQIYR8NGZ_o61tcU,Primrose School of The Westchase District,4.3,54.0,high_confidence
198851,SBISD Child Development Lab School  Tiger Trail,HOUSTON,10406 TIGER TRL,77043 2601,0,3,0,0,0,3,0.6,0.0,92,5,0,23.5,0,1,0,0,0,ChIJKYiGktfEQIYRQBdjuahs2Uc,The Tiger Trail School,5.0,17.0,medium_confidence
94660,White Rock North School Inc,DALLAS,9711-9727 WHITE ROCK TRL,75238,5,6,3,1,0,15,1.25,0.417,377,12,0,38.5,0,0,0,0,0,ChIJK_Un6xSgToYR97qCtowekcE,White Rock North School,4.6,17.0,high_confidence
1356554,Peace of Mind Childrens Center,AUSTIN,5615 BURNET RD STE 5,78756 1630,0,1,1,0,0,2,0.25,0.0,125,8,0,4.9,0,1,0,0,0,ChIJK_bWkPHKRIYRwVS9fEYF44M,Peace of Mind Children’s Center,5.0,10.0,high_confidence
1333269,Computer Kids Westheimer,HOUSTON,14144 WESTHEIMER RD STE 88,77077 5303,4,18,8,1,0,31,2.067,0.267,93,15,1,6.1,0,1,0,0,0,ChIJKa4aATvdQIYR6WNFS_-cTkE,Computer Kids Westheimer,4.3,51.0,high_confidence
1296467,Bubbly Baby Childcare & Learning Center,HOUSTON,2955 S SAM HOUSTON PKWY E #600,77047,2,6,14,1,0,23,2.3,0.2,41,10,2,7.5,0,1,0,0,0,ChIJKb6xsjKTQIYRyQQhEqnp244,Bubbly Baby Childcare and Learning Center,4.0,7.0,high_confidence
1118904,Learning With Grace Educational Child Care,SAN ANTONIO,3210 CLARK AVE,78210 5712,2,6,2,0,0,10,0.556,0.111,63,18,0,11.9,0,1,0,0,0,ChIJKee0rlP2XIYRjiUP7zcr9K8,Learning with Grace,3.5,8.0,medium_confidence
1472586,Seek and Say Enrichment Day Care,AUSTIN,6123 FM 969 RD,78724 5302,2,14,3,0,0,19,1.462,0.154,39,13,0,1.0,0,1,0,0,0,ChIJKw0Visq3RIYR9r_PEKS1G0A,Seek & Say Daycare,4.8,35.0,medium_confidence
665568,Northchase Learning Center,HOUSTON,14400 W SYLVANFIELD DR,77014 1625,4,10,7,3,0,24,1.846,0.308,115,13,0,14.5,0,1,0,0,0,ChIJKzprK2_MQIYR49xK8NLkE4Q,Northchase Learning Center,4.7,29.0,high_confidence
1274561,Primrose School of Fort Worth West,FORT WORTH,3777 WESTRIDGE AVE,76116 5805,7,2,0,0,0,9,0.409,0.318,204,22,0,8.3,0,0,0,0,0,ChIJL-qQGeByToYRv2HEJDf1ND4,Primrose School of Fort Worth West,4.4,35.0,high_confidence
166258,Bright Horizons Family Center,AUSTIN,2411 W BRAKER LN,78758 4547,4,9,6,1,0,20,1.333,0.267,194,15,1,25.2,1,1,0,0,0,ChIJL0JpCfXLRIYRUJcdsqisXR4,Bright Horizons Family Center at Braker Lane,4.3,31.0,medium_confidence
1332802,Faro Kids Learning Center,HOUSTON,4900 GREENHOUSE RD,77084 5589,1,0,1,0,0,2,0.4,0.2,90,5,0,6.2,0,1,0,0,0,ChIJL1UdTofZQIYRfLF2VpHlRIQ,Faro Kids Learning Center,5.0,8.0,high_confidence
1234041,Little Laughter's Childcare Center,HOUSTON,10209 VETERANS MEMORIAL DR STE 5,77038 2032,2,2,3,1,2,10,1.429,0.286,64,7,0,9.5,0,1,0,0,0,ChIJL36IQBDJQIYRIeQD791-s40,Little Laughter's ChildCare Center,4.0,24.0,high_confidence
1481504,Bezos Academy Old East Dallas,DALLAS,4724 E SIDE AVE BLDG 4,75226 1046,0,0,0,0,0,0,0.0,0.0,51,8,0,0.9,0,0,0,0,0,ChIJL4A2M0eZToYRCuxKl53jvlE,Bezos Academy Old East Dallas,5.0,14.0,high_confidence
101170,"Country Home Learning Center #1, LTD.",SAN ANTONIO,13315 NW MILITARY HWY,78231 1842,1,5,2,0,0,8,0.211,0.026,458,38,0,39.8,1,1,0,0,0,ChIJL5-uLQNhXIYRuMQaBnd45p0,Country Home Learning Center at NW Military Hwy,4.4,127.0,medium_confidence
571528,Bright Stars CDC,HOUSTON,1306 FORESTBURG DR,77038 2124,6,8,12,4,1,31,3.1,0.6,112,10,3,15.5,0,1,0,0,0,ChIJL8sarwXJQIYR1XPN6eEXuK4,Bright Stars Child Development Center,4.7,47.0,medium_confidence
1447784,Paragon Prep Preschool,AUSTIN,831 HOUSTON ST,78756 2232,3,4,2,0,0,9,0.818,0.273,179,11,0,2.4,0,0,0,0,0,ChIJL9p3l0LKRIYRCoV6NVzyO0k,Paragon Prep Preschool - Austin,4.9,35.0,high_confidence
1347075,4 Heaven Sakes Learning Center,DALLAS,3650 N BUCKNER BLVD STE 110A,75228 5613,2,1,3,0,0,6,0.545,0.182,44,11,1,5.4,0,1,0,0,0,ChIJLV1YTuKhToYRlJ5SnTx5Ebw,4 Heaven Sakes Learning Center,5.0,4.0,high_confidence
219250,Spring Branch Head Start,HOUSTON,9655 LONG POINT RD,77055 4251,3,2,1,2,0,8,0.615,0.231,218,13,1,22.5,0,0,0,0,0,ChIJLVsw7fHEQIYR73uFoJizADc,BakerRipley Head Start - Spring Branch,4.8,35.0,medium_confidence
1413182,Sapienza Montessori,AUSTIN,2825 HANCOCK DR STE 113,78731 5030,0,2,0,1,0,3,0.333,0.0,60,9,1,3.0,0,0,0,0,0,ChIJLXo0TR7LRIYRYlxNyt69FM0,Sapienza Montessori School,5.0,7.0,high_confidence
1270000,Jeremiah Program Child Development Center,AUSTIN,1200 PAUL TERESA SALDANA,78702 2438,4,6,7,1,0,18,1.5,0.333,80,12,0,8.3,0,1,0,0,0,ChIJLYutrDa1RIYRiN7FCuCcBks,Jeremiah Program Austin,4.2,22.0,medium_confidence
1059728,Tanias Tots Learning Center,AUSTIN,15400 MARSHA ST,78728 4705,1,3,2,1,0,7,1.0,0.143,35,7,0,13.0,1,1,0,0,0,ChIJL_eWBVvORIYRNZtVU21gVws,Tanias Tots Learning Center,5.0,2.0,high_confidence
1329086,Hua Xia Chinese School,HOUSTON,5925 SOVEREIGN DR,77036 2312,6,6,14,1,1,28,4.0,0.857,180,7,2,6.6,0,0,0,0,0,ChIJLa5A1NDCQIYRvYKRIzeIDVQ,Hua Xia Chinese School Main Campus,2.6,28.0,medium_confidence
102782,La Petite Academy,SAN ANTONIO,1700 ENCINO RIO UNIT 6,78259 1810,1,7,1,0,1,10,1.429,0.143,153,7,0,39.0,1,1,0,0,0,ChIJLbCbG5SJXIYR2yipvVjJXhQ,La Petite Academy on Encino Rio,3.7,12.0,medium_confidence
102863,Eagle Mountain Church,FORT WORTH,14355 MORRIS DIDO RD,76179,1,3,0,0,1,5,0.714,0.143,98,7,0,38.0,0,0,0,0,0,ChIJLbgxBgDnTYYRt0-VMZr-X-Q,Eagle Mountain International Church,4.5,494.0,medium_confidence
303227,Sunshine Childrens World,HOUSTON,11410 HALL RD,77089 3002,4,10,7,0,0,21,2.625,0.5,79,8,0,18.6,1,1,0,0,0,ChIJLbrADVWXQIYRBM8jucRBzyw,Sunshine Children's World Academy,4.8,16.0,high_confidence
1213160,St. James Child Development Center Child Inc.,AUSTIN,1941 WEBBERVILLE RD,78721 1679,6,12,4,0,0,22,2.0,0.545,64,11,2,9.7,0,0,0,0,0,ChIJLffUAj-2RIYRIMaH8JYIlFU,Child Inc. St. James Child Development Center,3.7,6.0,high_confidence
1163523,Charlotte's Little Angels Learning Academy,HOUSTON,5410 MAYWOOD DR,77053 3209,36,40,28,10,2,116,1.812,0.562,114,64,6,10.7,0,1,0,0,0,ChIJLxZD_zLPQIYRugH5TN1vl48,Lil' Angels Childcare & Learning Academy,4.3,27.0,high_confidence
105842,"Country Home Learning Center #4, LTD",SAN ANTONIO,14966 SPRING FARM ST,78247 1695,6,6,0,0,0,12,0.324,0.162,442,37,0,37.0,1,1,0,0,0,ChIJM0LmE2GMXIYR_Q1HZ7ca9BU,Country Home Learning Center at Nacogdoches,4.2,85.0,medium_confidence
1312930,Y School Age @ Advance Learning Academy,SAN ANTONIO,1014 WAVERLY AVE,78201 6045,1,1,0,0,1,3,0.375,0.125,120,8,0,7.0,0,1,0,0,0,ChIJM0qx5h9fXIYR3padHzgmB1U,Advanced Learning Academy - Primary,4.7,23.0,medium_confidence
1513124,Primrose School at Easton Park,AUSTIN,8905 ALPHABET DR.,78744,0,1,1,0,0,2,0.286,0.0,234,7,0,0.3,1,0,0,0,0,ChIJM10yUjezRIYR5-lftwtxkxo,Primrose School at Easton Park,4.2,5.0,high_confidence
1507979,The Learning Tree Child Care Center,HOUSTON,6672 ANTOINE DR,77091 1206,2,4,1,1,2,10,2.0,0.4,93,5,1,-0.0,0,0,0,0,0,ChIJM2fm-3bJQIYRc90Pdm9DOFY,The Learning Tree,5.0,15.0,medium_confidence
97544,Community Of Hope CDC,FORT WORTH,4301 MILLER AVE,76119 3648,8,13,8,2,0,31,1.938,0.5,64,16,1,39.8,0,1,0,0,0,ChIJM5X3yad6ToYR2HVeTBd6SHs,Community-Hope Lutheran Church,4.5,13.0,medium_confidence
1493717,Kidz Playhouse L.C.,SAN ANTONIO,1127 MINDIE LN,78253 5143,9,7,1,2,0,19,1.727,0.818,122,11,0,0.5,0,0,0,0,0,ChIJM7zrLupBXIYRkze0JdHUhsE,kidz playhouse learning center,4.9,72.0,medium_confidence
324851,Kids Korner Learning Center,DALLAS,4707 LARUE,75211,1,7,3,2,0,13,1.3,0.1,75,10,0,17.9,0,1,0,0,0,ChIJM8OB9KGaToYRaGxDygPuQR0,Kid's Korner Learning Center,4.8,15.0,high_confidence
768769,Cadence Academy Preschool,HOUSTON,12300 QUEENSTON BLVD,77095 6678,6,6,2,1,0,15,0.789,0.316,297,19,0,14.6,0,1,0,0,0,ChIJMR_ZACfUQIYR-olDN6ZMf94,Cadence Academy Preschool,4.6,80.0,high_confidence
1479060,"Kidz World Learning Center, INC",HOUSTON,1981 W T C JESTER BLVD,77008 1259,3,6,3,0,0,12,1.091,0.273,72,11,1,0.9,0,0,0,0,0,ChIJMRhCxck2_SkRbue_XYb9GMg,Kidz World Learning Center Inc.,5.0,6.0,high_confidence
1430089,Snapdragon Preschool Domain,AUSTIN,10910 DOMAIN DR STE 112,78758 7758,0,1,2,1,0,4,0.444,0.0,51,9,0,2.6,0,0,0,0,0,ChIJMRjFUp3NRIYRaUYAzFgV-g4,Snapdragon Preschool - Domain Austin,3.7,3.0,high_confidence
1120612,Good Shepherd Christian Academy,FORT WORTH,5625 GOOD SHEPHERD WAY,76119 4233,4,2,3,0,0,9,0.75,0.333,170,12,0,11.9,0,1,0,0,0,ChIJMSH_Jwl7ToYRQDuxk0Jnxew,Good Shepherd Christian Academy,5.0,3.0,high_confidence
1470314,YMOK Daycare Austin LLC,AUSTIN,2606 S 1ST ST,78704 5452,4,0,2,0,0,6,0.143,0.095,64,42,0,1.5,0,1,0,0,0,ChIJMUPX2Li0RIYRcyoVpb02zMs,YMOK Daycare Austin,4.4,23.0,high_confidence
1385485,Little Hands International Preschool,AUSTIN,8830 CAINWOOD LN,78729 4620,1,5,2,2,0,10,0.833,0.083,87,12,1,3.9,0,1,0,0,0,ChIJMWF1PjjNRIYR3P-UoCvKYkY,Little Hands Int‘ Preschool 小小手国际幼儿园,4.7,41.0,medium_confidence
877190,The Learning Bridge Day School,FORT WORTH,170 SYCAMORE SCHOOL RD,76134 5008,1,4,3,0,0,8,0.727,0.091,68,11,0,14.1,0,1,0,0,0,ChIJMWlVx_ZuToYR7ffrEYQ-Sx8,Learning Bridge Day School,4.7,11.0,high_confidence
104216,Avalon Academy,HOUSTON,1616 INDIANA ST,77006 1714,0,2,0,0,0,2,0.4,0.0,147,5,0,35.1,0,0,0,0,0,ChIJMXaNqJjAQIYRUHyvihHJ-6s,Avalon Academy,4.7,16.0,high_confidence
163498,Harvest Christian Academy,HOUSTON,17770 IMPERIAL VALLEY DR,77060 6100,11,8,4,0,0,23,1.095,0.524,180,21,0,25.7,0,1,0,0,0,ChIJMZNqxbHJQIYRtK4pwTmYARk,The Harvest Christian Academy,4.0,4.0,high_confidence
1482214,Little Angels Bilingual Daycare,HOUSTON,14649 BEECHNUT ST,77083 4436,0,1,3,1,0,5,0.833,0.0,38,6,0,0.4,0,0,0,0,0,ChIJMZf2P1PfQIYRgJdR1zh6xbI,Little Angels Bilingual Daycare,5.0,2.0,high_confidence
1269494,"Miss Pattycake Childcare,LLC d/b/a Miss Pattycake Montessori",HOUSTON,2144 KIPLING ST,77098 2304,1,4,2,0,1,8,1.6,0.2,80,5,0,8.4,0,0,0,0,0,ChIJMa9HBZPAQIYR-MBEBgDWtjY,Miss Pattycake Montessori Childcare,4.3,3.0,medium_confidence
967651,Mary Immaculate Preschool,HOUSTON,5900 CHIPPEWA BLVD,77086 3904,0,2,3,0,1,6,1.0,0.0,150,6,1,13.6,0,0,0,0,0,ChIJMdeWMyjPQIYRv48XQjxnJYM,Mary Immaculate Preschool,5.0,9.0,high_confidence
1322375,ABC Daycare,SAN ANTONIO,1810 THORAIN BLVD,78201 2934,18,26,23,4,0,71,2.958,0.75,68,24,2,6.4,0,1,0,0,0,ChIJN2SDSwBfXIYRcfG6TnbymGY,ABC daycare,5.0,2.0,high_confidence
1265886,My Children's Choice Academy,HOUSTON,3100 HILLCROFT ST,77057 5880,7,22,11,0,0,40,2.5,0.438,48,16,0,8.5,0,0,0,0,0,ChIJN2d5fLfDQIYRfw2FoFehRGY,My Children's Choice Academy,5.0,34.0,high_confidence
1509434,Guidepost Montessori at Galleria,HOUSTON,1331 S VOSS RD,77057 1023,1,0,0,0,0,1,0.25,0.25,131,4,0,0.0,0,0,0,0,0,ChIJN3tOURrDQIYR3BEsbRTj3Fk,Guidepost Montessori at Galleria,4.7,79.0,high_confidence
1313971,The Footprint  Foundation,HOUSTON,9502 MILLS RD,77070 5514,0,3,5,0,0,8,1.333,0.0,28,6,0,7.3,0,1,0,0,0,ChIJN5pRcD3NQIYRqkX7t4Yvclw,The Footprint Foundation,5.0,9.0,high_confidence
1367800,Kiddie Academy of Cypresswood,HOUSTON,13909 MANDOLIN DR,77070 1161,7,15,14,1,0,37,2.467,0.467,204,15,0,4.5,0,1,0,0,0,ChIJN77uE-_TQIYRBqaEWs98buY,Kiddie Academy of Cypresswood,4.6,58.0,high_confidence
276690,University of Texas Child Development Center,AUSTIN,2205 COMAL ST,78722 2519,10,5,2,0,0,17,0.548,0.323,228,31,0,20.4,1,0,0,0,0,ChIJN84WAJS1RIYRNk_gkfKhAyQ,The University of Texas Child Development Center,4.6,24.0,high_confidence
96806,La Petite Academy,HOUSTON,1810 W 18TH ST,77008 1204,3,12,9,3,1,28,1.75,0.188,102,16,2,39.2,0,1,0,0,0,ChIJN9PIXBzHQIYRrEbqZqaQyKY,La Petite Academy on W. 18th St.,3.4,34.0,medium_confidence
1405280,Locomotion Early Learning Center,HOUSTON,16427 W LITTLE YORK RD,77084 7096,7,28,11,1,0,47,3.133,0.467,56,15,1,3.0,0,1,0,0,0,ChIJN9V_bEXXQIYRMtmm35WDweU,Locomotion Early Learning Center,4.2,11.0,high_confidence
736808,The Forge For Families-Safezone,HOUSTON,3435 DIXIE DR,77021 1246,0,1,0,0,0,1,0.167,0.0,160,6,0,14.6,0,0,0,0,0,ChIJNQZIVb-_QIYRqytHGSPkcsA,Forge For Families Inc,4.7,56.0,medium_confidence
204637,House of Neighborly Service,SAN ANTONIO,407 N CALAVERAS,78207 2807,7,11,8,0,0,26,1.857,0.5,62,14,0,23.1,0,1,0,0,0,ChIJNRKwGilfXIYRZaL3YB6WLh4,House of Neighborly Service,4.8,56.0,high_confidence
126006,Kinderplatz of Fine Arts DCC,FORT WORTH,2701 RIVERGLEN DR,76109 1523,1,3,0,0,0,4,0.5,0.125,119,8,0,33.6,0,0,0,0,0,ChIJNRTOT1pyToYRUO8O6u3rGW4,Kinderplatz of Fine Arts Inc,5.0,25.0,high_confidence
1503465,Clever Academy,AUSTIN,11500 SANDY LOAM TRL,78750 1534,5,7,7,0,0,19,1.727,0.455,30,11,0,0.1,0,0,0,0,0,ChIJNU4wYhIzW4YRYBdpa-jqbv8,Clever Academy,4.3,6.0,high_confidence
621928,Busy Bee Learning Academy,HOUSTON,12250 FONDREN RD,77035 4059,10,9,5,1,0,25,1.25,0.5,102,20,1,15.2,0,1,0,0,0,ChIJNVNyD7rpQIYRcaQX5eJEeoU,BUSY BEE Learning Academy,4.0,35.0,high_confidence
1302173,Ivy Kids at Summer Lake Ranch,HOUSTON,14681 W LAKE HOUSTON PKWY,77044 6449,21,9,3,1,0,34,0.919,0.568,292,37,0,7.5,0,0,0,0,0,ChIJNVwo2PuuQIYRc4QluvLqHIA,Ivy Kids of Summer Lake Ranch,4.8,83.0,high_confidence
295669,Park Cities Baptist Church Preschool,DALLAS,3933 NORTHWEST PKWY,75225 3333,1,2,0,0,0,3,0.333,0.111,126,9,0,18.9,0,0,0,0,0,ChIJNZDUJ0-eToYRKByDaFHyf3Q,Park Cities Baptist Church,4.8,238.0,high_confidence
1153244,Mon Petit Learning Center,HOUSTON,15844 YORKTOWN CROSSING PKWY,77084 4966,1,1,3,0,0,5,0.714,0.143,68,7,0,10.8,0,0,0,0,0,ChIJNZ_mUFLXQIYRiv7wE8JRY4o,Mon Petit Learning Center,4.2,29.0,high_confidence
1385553,Kent International Academy,SAN ANTONIO,1323 BROOKSTONE,78248 1414,11,28,18,4,0,61,2.346,0.423,77,26,1,3.9,0,1,0,0,0,ChIJN_8cNABhXIYRS0bWh854avE,Kent International Academy,4.8,16.0,high_confidence
1444593,The Academy of Young Scholars,HOUSTON,2526 WALNUT BEND LN,77042 3013,2,9,11,7,0,29,2.417,0.167,151,12,1,2.1,0,1,0,0,0,ChIJN_vW_U_dQIYRh79Pi4xsLUU,The Academy of Young Scholars,4.6,58.0,high_confidence
1259794,Primrose School at Crossroads Park,HOUSTON,9701 WORTHAM BLVD,77065 3420,8,2,2,0,0,12,0.6,0.4,210,20,0,9.2,1,1,0,0,0,ChIJNafFKQ_RQIYRCM2Y6usWA6s,Primrose School at Crossroads Park,4.6,78.0,high_confidence
1222200,La Marina Day Care Inc,DALLAS,4563 MEXICANA RD,75212 1113,0,2,3,2,0,7,0.778,0.0,29,9,1,8.9,0,1,0,0,0,ChIJNb-CSA2aToYRXghCO3L_7xs,La Marina Daycare,4.2,16.0,medium_confidence
1367947,Tiny Legends Learning Center,HOUSTON,13075 KUYKENDAHL RD,77090 6703,10,10,5,3,0,28,1.867,0.667,39,15,1,3.9,0,1,0,0,0,ChIJNbJSkgnLQIYRbN39662VYlg,Tiny Legends Learning Center,2.7,7.0,high_confidence
1383757,Beehive Parent  Child Center,HOUSTON,3407 BISSONNET ST,77005 2115,1,5,6,0,0,12,1.2,0.1,85,10,0,3.9,0,0,0,0,0,ChIJNcM5LFPAQIYRzteTJR9Y8yE,Beehive Parent Child Center,4.8,18.0,high_confidence
1240860,Eagles On The Rock Bilingual Academy,HOUSTON,433 BARKER CYPRESS RD,77094 1433,1,4,4,1,0,10,1.667,0.167,145,6,1,9.2,0,0,0,0,0,ChIJNwDhSSfZQIYRCAV0sHSrg7A,Eagles On The Rock Academy,4.5,17.0,high_confidence
98585,Panda Bear Day Care,SAN ANTONIO,143 ENCINO GRANDE ST,78232 3823,1,7,2,0,0,10,1.25,0.125,110,8,0,39.9,0,1,0,0,0,ChIJNwRIyHGKXIYR-k7Fx9EqWfU,Panda Bear Day Care,4.6,11.0,high_confidence
1522873,Dahlia Montessori and Spanish Immersion School,AUSTIN,1610 WHELESS LN,78723 1147,0,2,0,0,0,2,0.167,0.0,49,12,0,0.0,0,0,0,0,0,ChIJNw_jqVS1RIYRM94SGuQ9xOY,Springdale Montessori and Spanish Immersion School,5.0,2.0,high_confidence
755168,Nanas Playhouse Learning Center,AUSTIN,4406 RUSSELL DR,78745 1054,2,2,1,0,0,5,0.625,0.25,35,8,1,14.8,0,1,0,0,0,ChIJO-kXL-hLW4YRa8GpZzefrU8,Nana's Playhouse Learning Center,4.6,16.0,high_confidence
1236627,Primrose School at Lakeshore,HOUSTON,16460 W LAKE HOUSTON PKWY,77044 5542,12,5,0,0,0,17,0.85,0.6,282,20,0,9.3,0,1,0,0,0,ChIJO0TsZ56uQIYRZwtAwI7ZiOc,Primrose School at Lakeshore,4.6,72.0,high_confidence
1484819,Liberty Learning Academy,DALLAS,3321 SINGLETON BLVD,75212 3640,4,3,2,0,0,9,0.75,0.333,82,12,0,0.8,0,1,0,0,0,ChIJO1BPj-GbToYRxIITHyZQtfY,Liberty Learning Academy,4.3,6.0,high_confidence
1297760,Little Laughter's Childcare Center,HOUSTON,641 RANKIN RD STE 600,77073 4503,8,6,3,1,1,19,1.583,0.667,48,12,0,7.5,0,1,0,0,0,ChIJO1OLSwXKQIYRKQV7LJj2K0E,Little Laughter’s ChildCare Center,3.9,11.0,high_confidence
1406692,Love and Grace Childcare,FORT WORTH,510 N RACE ST,76140 3017,6,26,10,2,0,44,0.957,0.13,55,46,2,3.0,0,1,0,0,0,ChIJO1VqnWdwToYR9yxLA9j5zgc,Cain's Love & Care Learning Center,4.5,15.0,medium_confidence
796068,Primrose School at Heritage,FORT WORTH,4700 HERITAGE TRACE PKWY,76244 6060,2,2,1,0,0,5,0.417,0.167,242,12,0,14.9,1,0,0,0,0,ChIJO2KJ3MrZTYYRNhyiIXjnwVM,Primrose School at Heritage,4.6,40.0,high_confidence
1498428,Celebree School of Dallas North Park,DALLAS,5459 LA SIERRA DR,75231 2347,1,0,1,0,0,2,0.25,0.125,211,8,0,0.4,0,0,0,0,0,ChIJO3DqOHafToYRy-lhiqCKwuE,Celebree School of North Dallas,3.7,22.0,high_confidence
1225702,Goodwill Exploration Center,AUSTIN,1015 NORWOOD PARK BLVD,78753 6608,0,1,2,0,0,3,0.25,0.0,84,12,0,9.6,0,1,0,0,0,ChIJO4-Wpq3JRIYRjHUPCjHnG68,The Goodwill Excel Center - Norwood Campus,4.0,2.0,medium_confidence
859561,Komal's Love and Care Academy,HOUSTON,11609 ALIEF CLODINE RD,77082 2601,12,12,14,5,0,43,3.583,1.0,49,12,2,14.1,0,1,0,0,0,ChIJO6aehx_dQIYR-0i1hFnIhnk,Komal's Love and Care Academy,4.5,13.0,high_confidence
1186859,Fort Worth Zoo Education Center,FORT WORTH,1989 COLONIAL PKWY,76110 6640,0,1,2,0,0,3,0.5,0.0,180,6,0,10.1,0,0,0,0,0,ChIJO72Uyi1yToYRxZaZmhQ8U0E,Fort Worth Zoo,4.6,15143.0,medium_confidence
1508753,Creative Care- Kempwood,HOUSTON,9601 KEMPWOOD DR,77080 3903,0,4,1,0,1,6,1.5,0.0,163,4,0,0.2,1,0,0,0,0,ChIJO7ylMgXFQIYRcubg9uLfMi4,Creative Care Childrens School - Spring Branch - Kempwood,4.4,83.0,medium_confidence
1486108,Y School Age @ Northwest Vista College,SAN ANTONIO,3535 N ELLISON DR,78251 4217,0,0,0,0,0,0,0.0,0.0,100,8,0,0.8,0,0,0,0,0,ChIJO8IBBVpCXIYRNGgHoSrsuPE,Northwest Vista College,4.1,285.0,medium_confidence
1159349,Kids Learning Academy,HOUSTON,9101 RICHMOND AVE,77063 4028,6,16,5,2,0,29,1.526,0.316,133,19,0,10.7,0,1,0,0,0,ChIJO9KcMgTDQIYRfb5elyNr1ZU,Kids Learning Academy,4.1,60.0,high_confidence
297947,His Kidz Academy,SAN ANTONIO,8023 HUEBNER RD,78240 2206,20,30,21,0,2,73,2.281,0.625,104,32,2,18.8,0,1,0,0,0,ChIJO9RJgn5nXIYRnP1DTRP3u4w,His Kidz Academy,3.7,24.0,high_confidence
125883,Zion Lutheran Church and School,DALLAS,6121 E LOVERS LN,75214 2029,1,1,3,0,0,5,0.833,0.167,102,6,0,33.0,0,0,0,0,0,ChIJOQIkpIKfToYRjh7uWVD4U9w,Zion Lutheran Church,4.8,37.0,medium_confidence
1119385,Kids Arena Inc. DBA Kids Arena Academy,HOUSTON,8373 CREEKBEND DR,77071 1147,3,5,0,1,0,9,1.125,0.375,153,8,1,12.3,0,1,0,0,0,ChIJOTD7Wi7oQIYRUWes1LrzDEw,The Kid's Arena Academy,4.1,24.0,medium_confidence
1258185,Learning Time Day Care & Kindergarten L.L.C.,SAN ANTONIO,554 CUPPLES RD,78237 3925,3,8,0,0,0,11,0.524,0.143,102,21,0,8.5,0,1,0,0,0,ChIJOUEBSjhZXIYR8R-xmTaBWc0,Learning Time Day Care,3.5,54.0,medium_confidence
1494322,Little Achievers Learning Academy,SAN ANTONIO,270 ANTRIM DR,78218 4205,4,13,9,2,0,28,2.0,0.286,78,14,2,0.0,1,0,0,0,0,ChIJOUWAAQD1XIYRilbQBOw2LLs,LITTLE ACHIEVERS LEARNING ACADEMY (LALA),4.8,21.0,high_confidence
1360174,Fiorella di Reggio Emilia School,AUSTIN,1707 W ANDERSON LN,78757 1335,2,2,3,0,0,7,0.778,0.222,110,9,0,4.8,0,1,0,0,0,ChIJOUh8g0MZeSkRU5d7QhthaW4,Fiorella Reggio Emilia School (North Campus),5.0,5.0,medium_confidence
94401,Central Christian Child Development Center,SAN ANTONIO,720 N MAIN AVE,78205 1106,0,2,2,1,1,6,1.0,0.0,117,6,0,38.4,0,1,0,0,0,ChIJOWS3ylFfXIYR3Uv2M7T9-8I,Central Christian Childcare Center,4.4,7.0,medium_confidence
271504,Heavenly Care Child Development Center,DALLAS,1948 BICKERS ST,75212 1702,6,29,16,0,2,53,2.304,0.261,83,23,0,20.6,0,1,0,0,0,ChIJOWfKN-ybToYRrQNuGXtvU3c,Heavenly Care Child Development Center,4.1,14.0,high_confidence
98101,Lake Highlands Christian Child Enrichment Center,DALLAS,9919 MCCREE RD,75238 3446,0,0,0,0,0,0,0.0,0.0,145,10,0,38.8,0,0,0,0,0,ChIJOWsMlFygToYRlv8ByzRoVuI,Lake Highlands Christian Child,5.0,3.0,medium_confidence
1491406,Brilliant Beginnings Learning Center,HOUSTON,11003 ANTOINE DR STE T,77086 1426,5,10,4,0,0,19,1.583,0.417,61,12,0,0.3,0,0,0,0,0,ChIJOWvw_27PQIYRPrUXmB4oyVM,Brilliant Beginnings Learning Center,4.3,11.0,high_confidence
615009,Abacus School of Austin,AUSTIN,14115 AVERY RANCH BLVD,78717 4008,7,7,0,0,0,14,0.933,0.467,308,15,0,15.5,0,0,0,0,0,ChIJOYORVkwtW4YRKVlTHNIsprU,Abacus School of Austin,4.3,7.0,high_confidence
918873,Academia Preescolar,AUSTIN,1511 S CONGRESS AVE,78704 2436,5,8,9,1,1,24,3.0,0.625,40,8,1,14.0,0,1,0,0,0,ChIJOZsAXvy0RIYRQmkESoOT_Lw,Academia Preescolar - A Spanish Immersion Preschool,4.8,17.0,medium_confidence
1362815,Blossoming Humans LLC,AUSTIN,3101 HOWARD LN,78728 7114,1,7,3,2,1,14,1.556,0.111,68,9,0,4.9,0,1,0,0,0,ChIJOb2f7QbPRIYR7DT0U6BZ3Fs,Blossoming Humans Preschool,4.7,26.0,medium_confidence
1507298,Ivy Kids at Stone Oak,SAN ANTONIO,24278 WILDERNESS OAK,78258 2407,1,1,0,0,0,2,0.222,0.111,273,9,0,-0.0,1,0,0,0,0,ChIJObRGD4aJXIYRaEXSFOwOfGE,Ivy Kids at Stone Oak,5.0,12.0,high_confidence
1464027,Kool Kids Krayola Academy,HOUSTON,11338 TOWER OAKS BLVD,77065 3008,5,11,2,0,0,18,1.0,0.278,147,18,0,0.9,0,1,0,0,0,ChIJObg-kS_PQIYRS8pV_cmRp3A,Kool Kids Krayola Academy,4.7,35.0,high_confidence
1298275,"The Ivy League Child Development Center & Outreach, INC",DALLAS,7111 MARVIN D LOVE FWY STE 210,75237 3112,7,13,4,0,0,24,1.143,0.333,124,21,0,7.8,0,1,0,0,0,ChIJOdHawCeRToYRM2VDASJV26A,The Ivy League Child Development Center,4.9,26.0,high_confidence
1101823,Building Blocks Academy Aldine,HOUSTON,2111 ALDINE MAIL RTE,77039 5503,4,15,1,0,0,20,0.769,0.154,170,26,0,12.0,0,1,0,0,0,ChIJOxYRN6i3QIYRMd_ilIwtv5E,Building Blocks Academy Aldine,4.0,69.0,high_confidence
1175453,Luv-N-Care Learning Center,HOUSTON,12612 PALMSPRINGS DR,77034 3859,4,11,2,0,0,17,1.545,0.364,139,11,0,10.7,0,1,0,0,0,ChIJOyAxAryZQIYRLN8LTjTo_VE,Luv-N-Care Learning Center,4.6,63.0,high_confidence
1376376,LMM Sunset,HOUSTON,2520 SUNSET BLVD,77005 1434,4,13,8,1,0,26,2.0,0.308,29,13,0,4.1,0,0,0,0,0,ChIJOytidV_AQIYRurPgrkVSRq0,LMM Sunset Montessori,5.0,7.0,medium_confidence
1466757,Oak Forest Academy,HOUSTON,1901 W 34TH ST,77018 6106,7,9,4,2,1,23,1.353,0.412,309,17,0,1.4,1,0,0,0,0,ChIJOz3RhKrHQIYRoyimnY9mhTE,Oak Forest Academy,4.8,82.0,high_confidence
1481809,Einstein School of Learning,HOUSTON,535 AIRTEX RD,77090 1421,10,14,4,3,0,31,2.818,0.909,77,11,0,0.9,0,1,0,0,0,ChIJOzBXPSLLQIYRgeGcurFszoU,Einstein School of Learning,5.0,14.0,high_confidence
1326326,Five Star Montessori -Kingsland FSMS LLC,HOUSTON,18200 KINGSLAND BLVD,77094 1200,2,0,2,0,0,4,0.571,0.286,172,7,0,6.5,0,0,0,0,0,ChIJP-NrKt_YQIYRaxJuy-ckqkY,Five Star Montessori School | Katy,4.2,50.0,medium_confidence
1364277,Kids Kingdom Learning Academy,FORT WORTH,4800 S RIVERSIDE DR,76119 5512,9,10,10,1,0,30,1.154,0.346,93,26,0,4.6,0,1,0,0,0,ChIJP-f7LTtxToYRGmIaEBUw9Cc,Kids Kingdom Learning Academy,4.7,9.0,high_confidence
104364,Jewels Learning Center,HOUSTON,6606 CADILLAC ST,77021 2410,0,2,1,0,0,3,0.375,0.0,74,8,0,37.9,0,1,0,0,0,ChIJP08sJ8e_QIYRRbrK69lyuaA,Jewel's Learning Center,3.9,30.0,high_confidence
1249154,Little Learners Lighthouse,HOUSTON,5819 W AIRPORT BLVD,77035 4227,1,10,4,0,0,15,1.364,0.091,80,11,0,9.1,0,1,0,0,0,ChIJP0TtD5HpQIYRaqnTWo6K7Uk,Little Learners Lighthouse Childcare,4.9,39.0,high_confidence
275953,Glen Oaks School,DALLAS,12105 PLANO RD,75243 5407,4,5,2,0,0,11,0.786,0.286,150,14,0,20.5,0,1,0,0,0,ChIJP24-jjEeTIYRfZw6Pvusjrc,Glen Oaks School,4.4,60.0,high_confidence
288331,YMCA Afterschool @ Weekley YMCA,HOUSTON,7101 STELLA LINK RD,77025 1709,17,4,0,0,0,21,1.4,1.133,102,15,2,18.7,0,0,0,0,0,ChIJP5A5C8rBQIYRmQCUiPqEFnA,Weekley Family YMCA,4.3,322.0,medium_confidence
1250294,Abugida Academy,DALLAS,11501 PLANO RD,75243 5215,10,11,1,0,0,22,0.733,0.333,168,30,0,8.9,0,1,0,0,0,ChIJP675BNIfTIYR5LL3DnYXfos,Abugida Academy,4.4,43.0,high_confidence
213278,Childrens Therapeutics Developmental Center,AUSTIN,3211 HANCOCK DR,78731 5427,0,2,1,0,0,3,0.6,0.0,12,5,0,22.8,0,0,0,0,0,ChIJP6LKqOjKRIYRzNyvXbdgxJk,Children's Therapeutics,4.0,14.0,medium_confidence
95068,Trinity Child Development Center,AUSTIN,5801 WESTMINSTER DR,78723 2640,3,7,6,0,1,17,1.545,0.273,48,11,1,37.0,1,1,0,0,0,ChIJP753Z_rJRIYRImTP2gSBej0,Trinity Child Development Center,4.3,11.0,high_confidence
1253362,Saintsville Baptist Church Childcare,FORT WORTH,1816 MCCLELLAN CT,76112 4122,0,4,1,0,0,5,0.625,0.0,94,8,0,8.8,0,1,0,0,0,ChIJP8nprLZ7ToYR1KhMwSekOm8,Saintsville Learning Center,4.2,6.0,medium_confidence
96774,First Presbyterian Church Children's Center,SAN ANTONIO,404 N ALAMO ST,78205 1918,5,3,1,0,0,9,0.692,0.385,100,13,0,38.9,1,0,0,0,0,ChIJPT8xh1VfXIYRHHgyK9EjfXM,First Presbyterian Church,4.6,98.0,medium_confidence
292173,Discovery World Learning Center,SAN ANTONIO,406 W CESAR E CHAVEZ BLVD,78204 3104,2,9,2,0,0,13,1.083,0.167,173,12,0,19.2,0,1,0,0,0,ChIJPTheeLNYXIYRwgKiIjfsm4s,Discovery World Learning Center,4.4,75.0,high_confidence
1427234,Montessori Oaks,AUSTIN,9006 ANDERSON MILL RD,78729 4501,9,13,7,2,0,31,1.938,0.562,102,16,1,2.5,0,1,0,0,0,ChIJPUEkL3vNRIYRkBiX7j5PIRw,Montessori Oaks,4.9,30.0,high_confidence
99496,Center for Transforming Lives Polytechnic CDC,FORT WORTH,3401 AVENUE I,76105 2423,7,1,2,0,0,10,0.667,0.467,60,15,5,39.3,0,1,0,0,0,ChIJPUKNS2NwToYReOBA2a51-mA,Center for Transforming Lives Polytechnic Child Development Center,4.9,18.0,medium_confidence
1271505,Exploring Minds Learning Center,HOUSTON,5211 BARKER CYPRESS RD STE 124,77084 6915,2,3,8,0,0,13,1.857,0.286,84,7,0,8.1,0,1,0,0,0,ChIJPVQyyNXZQIYRAIDev3lwRhY,Exploring Minds Learning Center LLC,4.8,19.0,high_confidence
142942,Little Birdies Child Care,DALLAS,7655 S POLK ST,75232 4213,3,6,9,1,0,19,1.727,0.273,41,11,1,29.2,0,1,0,0,0,ChIJPX1cHTKRToYRcZu570HbpIk,Little Birdies Child Care Center,4.3,6.0,high_confidence
161875,Joy of Learning Center Child Development Center,AUSTIN,12300 AMHERST DR,78727 5358,1,5,4,0,0,10,1.111,0.111,39,9,0,26.1,0,0,0,0,0,ChIJPXuV1DjMRIYRtIpSfAxezpA,Joy of Learning Child Development,4.3,9.0,high_confidence
98868,Northwood Presbyterian Day School,SAN ANTONIO,518 PIKE RD,78209 3143,3,1,2,0,0,6,0.353,0.176,100,17,0,39.9,0,1,0,0,0,ChIJPZMJ-tj0XIYR9yLNHGxhuuE,Northwood Presbyterian School,4.9,28.0,high_confidence
1467351,The Apple Tree Academy,HOUSTON,5310 PALMETTO ST,77081 4614,1,4,3,0,0,8,1.143,0.143,90,7,0,1.5,0,1,0,0,0,ChIJP_D7hhzBQIYRdm_7UgZ3WKk,The Apple Tree Academy Houston,4.7,35.0,high_confidence
1302757,Talents Child Care Center,HOUSTON,8103 CREEKBEND DR STE K,77071 1556,8,12,7,0,0,27,2.25,0.667,61,12,0,7.3,0,1,0,0,0,ChIJP_PQqi3oQIYR5FojZ3YvCGQ,Talents Child Care Center,4.8,9.0,high_confidence
265878,Wesley Community Center Day School,HOUSTON,1410 LEE ST,77009 8228,2,1,0,0,0,3,0.214,0.143,196,14,0,20.9,1,1,0,0,0,ChIJP_haT9a4QIYRGUZGloryTDo,Wesley Community Center,4.5,246.0,high_confidence
321171,Pebbles Preschool,FORT WORTH,7955 N BEACH ST,76137 1237,0,2,1,0,0,3,0.5,0.0,188,6,0,17.8,0,0,0,0,0,ChIJPaLzThbZTYYRvrrY9QVdPJQ,Pebbles Preschool & Kindergarten,5.0,12.0,medium_confidence
1454498,Vertical Kids,SAN ANTONIO,4222 THOUSAND OAKS DR,78217 1862,3,2,3,0,0,8,0.889,0.333,71,9,1,2.0,0,1,0,0,0,ChIJPaeNG-eLXIYRNr6NIqVhubg,Vertical Kids,5.0,25.0,high_confidence
1152540,Pre-K 4 SA West Education Center,SAN ANTONIO,1235 W OLD US HWY 90,78227 2210,4,0,0,0,0,4,0.19,0.19,550,21,0,10.9,0,0,0,0,0,ChIJPagC7QlcXIYRYmdK-bXrfCE,Pre-K 4 SA - West Education Center,4.5,31.0,high_confidence
1454378,The Rock Academy,SAN ANTONIO,8235 VICAR,78218 1549,1,3,0,1,0,5,0.625,0.125,54,8,1,1.9,0,1,0,0,0,ChIJPcjWUJD1XIYRUPbAOHyalZ8,The Rock Academy,5.0,10.0,high_confidence
1396059,Primrose School of Four Points,AUSTIN,6606 SITIO DEL RIO BLVD,78730 1132,3,2,1,0,0,6,0.545,0.273,222,11,0,3.8,1,1,0,0,0,ChIJPcuZw44zW4YRnu3rqsgHURA,Primrose School of Four Points,4.5,40.0,high_confidence
1333906,Austin Play Garden-Central,AUSTIN,4915 AIRPORT BLVD,78751 2720,2,0,3,0,0,5,0.833,0.333,65,6,0,6.0,0,0,0,0,0,ChIJPdtPgrvLRIYRM08rBWcAqcA,Austin Play Garden,4.6,22.0,high_confidence
207736,Priscilla Pond Flawn Child and Family Lab UT,AUSTIN,108 E DEAN KEETON ST,78712 1050,1,1,1,0,0,3,0.5,0.167,75,6,1,23.5,1,0,0,0,0,ChIJPwJvK521RIYRJBqSnTkjs9w,Priscilla Pond Flawn Child & Family Laboratory,5.0,4.0,high_confidence
1320585,The Goddard School in Austin Avery Ranch,AUSTIN,9313 PEARSON RANCH RD,78717 2300,1,2,3,0,0,6,0.545,0.091,230,11,0,6.5,1,1,0,0,0,ChIJPwq3-I7SRIYR6NJS5zo2Z8w,The Goddard School of Austin - Avery Ranch,4.7,77.0,high_confidence
1520685,Ole Kids International School LLC,AUSTIN,5806 WOODROW AVE,78756 1420,0,2,1,1,0,4,2.0,0.0,23,2,0,0.0,0,0,0,0,0,ChIJPx7XEXmuh2QRGNqr6WsSiwI,Olé Kids International School,5.0,5.0,high_confidence
99627,Timber Path KinderCare,SAN ANTONIO,8787 TIMBER PATH,78250 4353,8,3,1,0,1,13,0.361,0.222,108,36,0,39.4,0,1,0,0,0,ChIJQ-xFcDVdXIYRSefOaP5Py6A,Timber Path KinderCare,3.9,47.0,high_confidence
264117,Mount Olive Lutheran Preschool,AUSTIN,10408 HIGHWAY 290 W,78736 7720,1,1,3,0,0,5,0.625,0.125,136,8,0,21.0,1,0,0,0,0,ChIJQ1zFgm5JW4YRpamCMC73lJc,Mt. Olive Preschool,4.3,6.0,medium_confidence
1246502,The Ivy International School,AUSTIN,9511 N FM 620,78726 2908,1,3,6,1,0,11,2.2,0.2,119,5,0,9.6,0,0,0,0,0,ChIJQ4ep4VgyW4YRxTMSjnD9T30,The Ivy International School,5.0,18.0,high_confidence
827768,"Greatest Gifts Daycare Center, LLC",SAN ANTONIO,8122 MARBACH RD STE 128,78227 1692,12,20,9,1,2,44,1.189,0.324,123,37,0,14.4,0,1,0,0,0,ChIJQ88ikKdcXIYRezZKrrXqQhY,Greatest Gifts Daycare,3.1,26.0,medium_confidence
94519,La Petite Academy Wurzbach,SAN ANTONIO,6522 WURZBACH RD,78240 3825,12,13,7,1,0,33,1.269,0.462,99,26,0,38.9,1,1,0,0,0,ChIJQQ5rfpRdXIYRzLWZUKadu1E,La Petite Academy on Wurzbach Road,4.3,51.0,high_confidence
1482667,Bebe's Daycare,HOUSTON,3330 HILLCROFT ST STE U,77057 5818,2,0,0,0,0,2,0.286,0.286,53,7,0,0.9,0,1,0,0,0,ChIJQRx5sI_DQIYRMVuhiNqf1C4,Bebe’s Daycare,4.7,39.0,high_confidence
1492878,Ella Austin Child Center,SAN ANTONIO,227 EROSS,78202 2523,1,7,5,0,1,14,2.0,0.143,54,7,0,0.9,0,0,0,0,0,ChIJQThefOP1XIYRRhVOBPB4QRs,Ella Austin Community Center,5.0,1.0,high_confidence
98872,Pines Presbyterian Preschool,HOUSTON,12751 KIMBERLEY LN,77024 4038,0,2,1,0,0,3,0.6,0.0,99,5,0,38.5,1,0,0,0,0,ChIJQVWfCq3EQIYRvMpwr9UJNbQ,Pines Presbyterian Preschool,5.0,5.0,high_confidence
1132615,Little Leaps Academy,SAN ANTONIO,7919 PIPERS LN,78251 1622,1,3,1,0,0,5,0.833,0.167,63,6,0,12.0,0,1,0,0,0,ChIJQcyhLSRdXIYRNCbdKRWCj90,Little Leaps Academy,4.2,20.0,high_confidence
1342860,Primrose School of Fort Worth at Mira Vista,FORT WORTH,6410 BRYANT- IRVIN RD,76132,5,0,3,0,0,8,0.267,0.167,210,30,0,5.6,0,0,0,0,0,ChIJQd8SGuZtToYRmBq4V_578MM,Primrose School of Fort Worth at Mira Vista,5.0,40.0,high_confidence
113492,Lakewood YMCA,DALLAS,3000 HILLBROOK ST,75214 3412,0,5,3,0,0,8,1.143,0.0,175,7,0,37.8,0,0,0,0,0,ChIJQeu1XfShToYREbZk6EhOCws,White Rock YMCA,4.7,431.0,medium_confidence
96173,First Presbyterian Church Day School,FORT WORTH,1000 PENN ST,76102 3416,5,2,1,0,0,8,0.889,0.556,157,9,0,27.8,0,0,0,0,0,ChIJQfNHVGZxToYRu1RjRsdRuSk,First Presbyterian Church Fort Worth,4.7,40.0,medium_confidence
130319,Kaleidoscope Child Development Center,DALLAS,19310 MIDWAY RD,75287 2613,0,0,1,0,0,1,0.067,0.0,170,15,0,32.1,0,1,0,0,0,ChIJQwsYf3okTIYRA7ppEi0nK6s,"Kaleidoscope Child Development Center, Inc",4.2,36.0,high_confidence
257436,Gran's Lil' Angels Achievement Academy,DALLAS,6514 S LANCASTER RD,75241 3801,3,7,3,0,0,13,1.182,0.273,101,11,0,21.1,0,1,0,0,0,ChIJQxcXSFKWToYRGXhA_74wmqU,Gran's Lil' Angels Achievement,3.4,14.0,high_confidence
1497533,Junior's Junction Child Care Learning Center,FORT WORTH,7251 STONEWAY DR N STE 100,76118 7163,1,1,0,1,0,3,0.429,0.143,120,7,0,0.3,1,0,0,0,0,ChIJQyrE7np5ToYRddRY4JPxg7U,Junior's Junction Day Care Center,4.1,27.0,high_confidence
204560,Preparatory Place Academy,DALLAS,3846 OPAL AVE,75216 5651,0,2,0,1,0,3,0.429,0.0,18,7,1,22.7,0,1,0,0,0,ChIJQziHFHeXToYRGBF4vVOHfqA,Preparatory Place Academy,4.0,4.0,high_confidence
1383918,German International School of Texas,AUSTIN,3407 RED RIVER ST,78705 2609,0,1,2,0,0,3,0.273,0.0,85,11,0,3.9,0,0,0,0,0,ChIJR-uHKjC1RIYRK-0jLq__3Ic,German International School of Texas at Austin,5.0,2.0,high_confidence
1482723,All American Learning Academy,HOUSTON,1554 GEARS RD STE A,77067 4104,3,13,5,0,0,21,3.5,0.5,196,6,1,0.5,0,0,0,0,0,ChIJR12fm0TJQIYRk9y5bvDoW7M,All American Learning Academy,5.0,2.0,high_confidence
376171,Cy-Fair Montessori School,HOUSTON,11411 WINDFERN RD STE 290,77064 4867,3,4,2,1,0,10,1.25,0.375,134,8,0,16.9,0,0,0,0,0,ChIJR14lKBHOQIYRnsZ3nU08orM,Cy-Fair Montessori School,4.8,28.0,high_confidence
279664,Grandmas House C C C  Gold Medal Kids LLC,HOUSTON,14840 BRANCH FOREST DR,77082 3027,3,1,0,2,0,6,0.667,0.333,290,9,0,19.9,0,1,0,0,0,ChIJR1s3Z4PeQIYRITYI38iJGMU,Grandma's House Childcare Center,4.3,53.0,medium_confidence
1481517,"Spanish Schoolhouse, LLC",DALLAS,6090 CAMPBELL RD STE 120,75248 1222,0,1,0,0,0,1,0.125,0.0,149,8,0,0.9,0,0,0,0,0,ChIJR2W3eAshTIYRyot76qaAvnE,Spanish Schoolhouse,5.0,6.0,high_confidence
102837,Riverbend Christian School,AUSTIN,4214 N CAPITAL OF TEXAS HWY,78746 1418,1,1,1,0,0,3,0.273,0.091,210,11,0,38.9,1,0,0,0,0,ChIJR3o6W980W4YRjRNIp3jtHww,Riverbend Preschool,5.0,6.0,medium_confidence
1131883,Joy Learning Palace Child Care,FORT WORTH,2512 OAKLAND BLVD STE 5,76103 3295,2,7,4,1,0,14,1.0,0.143,51,14,1,11.5,1,1,0,0,0,ChIJR3r8p3l6ToYRPDVcxNeQVwE,Joy Learning Palace Child Care,4.7,44.0,high_confidence
318785,The Childrens Courtyard,FORT WORTH,901 E HARMON RD,76131 3343,11,8,5,4,2,30,1.111,0.407,297,27,0,18.0,0,1,0,0,0,ChIJR5UF2M3YTYYRcH6vEnAUsZU,The Children's Courtyard on East Harmon Road,4.4,77.0,medium_confidence
1435441,"The Little Learning Preschool, LLC",FORT WORTH,4175 SANDSHELL DR,76137 2701,3,4,1,0,1,9,0.5,0.167,170,18,0,2.3,0,1,0,0,0,ChIJR9lJQp93ToYRdpTh0D8CY-Y,The Little Learning Preschool,5.0,51.0,high_confidence
1486634,Rise School of San Antonio,SAN ANTONIO,414 N SAN SABA,78207 3116,2,2,2,1,0,7,0.583,0.167,36,12,0,1.0,0,0,0,0,0,ChIJR9xhQwBfXIYRLdKXgBhuwyY,Rise School of San Antonio,5.0,11.0,high_confidence
1377269,The Kid's Garden Learning Center,SAN ANTONIO,6411 VANCE JACKSON RD,78230 3351,7,16,2,2,0,27,1.08,0.28,92,25,1,4.1,0,1,0,0,0,ChIJRRZtlcFgXIYRw6eH9xdbTpQ,The Kids Garden Learning Center III,4.0,66.0,high_confidence
237669,Wee Friends Preschool & Day Care,SAN ANTONIO,3302 E SOUTHCROSS BLVD,78223 1922,3,3,5,0,0,11,1.571,0.429,37,7,0,21.5,0,1,0,0,0,ChIJRRmYSQH3XIYRjxpvWU2P7jk,Wee Friends Preschool-Daycare,5.0,14.0,medium_confidence
95090,Saint Matthews United Methodist,SAN ANTONIO,2738 MACARTHUR VW,78217 4503,1,13,6,1,1,22,1.833,0.083,100,12,0,36.7,1,1,0,0,0,ChIJRSM57VOLXIYRf75uutQs66Y,St. Matthew's United Methodist Church,5.0,5.0,high_confidence
122469,St Matthews CDC,HOUSTON,4300 N SHEPHERD DR,77018 5517,7,8,11,1,0,27,3.375,0.875,203,8,2,33.8,0,0,0,0,0,ChIJRXEyk5nHQIYRDNLi-b5oHhg,St. Matthew's Child Development,4.6,10.0,medium_confidence
1200658,The Children's Lighthouse at Two Creeks,SAN ANTONIO,25576 TWO CREEKS,78255 4402,7,2,5,0,0,14,0.933,0.467,210,15,0,9.9,0,0,0,0,0,ChIJRYCJg0hlXIYRCH2J53R8Pds,Children's Lighthouse of San Antonio - Two Creeks,4.9,140.0,high_confidence
297951,Country Home Learning Center #9 LTD,SAN ANTONIO,7611 W LOOP 1604 N,78254 9642,1,0,2,0,0,3,0.107,0.036,505,28,0,18.9,1,1,0,0,0,ChIJRZqepS5oXIYRYpuUNrL-574,Country Home Learning Center at Shaenfield Rd.,4.2,144.0,medium_confidence
206672,Play Palace,HOUSTON,4814 1/2 ANDERSON RD,77053 2202,7,18,10,2,0,37,3.083,0.583,78,12,3,23.1,0,1,0,0,0,ChIJR_82dJbrQIYRORsc-qO8vaw,Play Palace,5.0,9.0,high_confidence
100730,ST Marks Episcopal Day School,AUSTIN,2128 BARTON HILLS DR,78704 4651,3,10,2,0,1,16,1.6,0.3,105,10,0,38.8,1,0,0,0,0,ChIJRbIi29RKW4YRyhAtFWMPhLQ,St Mark's Episcopal Day School,5.0,12.0,high_confidence
1270518,Faith Academy Learning Center LLC,FORT WORTH,5405 E LANCASTER AVE,76112,2,4,3,1,1,11,1.0,0.182,34,11,1,8.3,1,1,0,0,0,ChIJRblE53l6ToYRl8AuMysyTJA,Faith Academy Learning Center llc,5.0,6.0,high_confidence
112524,Little Tyke Brentwood,FORT WORTH,6913 BRENTWOOD STAIR RD,76112 3304,6,4,4,1,0,15,0.682,0.273,110,22,0,38.5,0,1,0,0,0,ChIJRcoI3bl7ToYRYd_ZY8ghJyE,Little Tyke Learning Centers,4.8,56.0,medium_confidence
1171242,Pinnacle Kids Academy,SAN ANTONIO,410 CARSON HILL DR,78251,5,3,1,0,0,9,0.409,0.227,190,22,0,10.4,0,1,0,0,0,ChIJRdLESxNDXIYRa7Vfeuhgt-0,Pinnacle Kids Academy,3.7,23.0,high_confidence
1333020,Premier Prep School,FORT WORTH,4040 HERITAGE TRACE PKWY,76244 6028,0,0,1,0,0,1,0.091,0.0,240,11,1,6.5,0,0,0,0,0,ChIJRf2ijq3ZTYYR4BRW7JCXznI,Premier Prep School,4.6,48.0,high_confidence
131139,Braswell Child Development,DALLAS,2203 S 2ND AVE,75210 1947,1,2,0,0,0,3,0.231,0.077,306,13,0,25.9,1,1,0,0,0,ChIJRfAPi4SYToYROwbp1SZJ4gw,Braswell Child Development Center,4.3,34.0,high_confidence
577230,Magical Moments Daycare Center,FORT WORTH,4328 WILBARGER ST,76119 4043,1,0,0,0,0,1,0.1,0.1,78,10,0,16.0,1,1,0,0,0,ChIJRxdU8Q5wToYRdIf97kZakZ8,Magical Moments Daycare Center,4.1,56.0,high_confidence
1487369,The Pillars Christian Learning Center,SAN ANTONIO,11087 BANDERA RD,78250 6814,9,5,4,0,0,18,0.643,0.321,175,28,0,0.8,0,0,0,0,0,ChIJRxsvu3hoXIYRfQ2jwUKzfms,The Pillars Christian Learning Centers - Bandera,4.5,98.0,high_confidence
1212984,Full of Life Learning Center and Childcare,HOUSTON,18775 CLAY RD STE F,77084 7236,0,0,0,1,0,1,0.125,0.0,63,8,0,9.7,1,1,0,0,0,ChIJRypUGDXYQIYRNwIPB-JJlqQ,Full of Life Learning Center and Childcare,4.6,45.0,high_confidence
1176136,The Pineapple School at Stone Oak,SAN ANTONIO,20615 HUEBNER RD,78258 4292,5,0,0,0,0,5,0.357,0.357,238,14,0,10.3,0,0,0,0,0,ChIJS-RmRAliXIYRMi-PGKZMbN8,The Pineapple School - Stone Oak,4.5,17.0,high_confidence
1340408,Spirit's Heart Childcare Center,SAN ANTONIO,3155 ACKERMAN RD STE 113,78219 1529,3,9,3,0,0,15,0.833,0.167,60,18,0,5.3,1,1,0,0,0,ChIJS-a7XeLzXIYRK6sRowyMJ34,Spirits Heart Childcare,4.9,24.0,high_confidence
1334224,"Ready Set Jump Learning Center, LLC",FORT WORTH,7200 JOHN T WHITE RD,76120 3304,4,3,2,0,0,9,0.562,0.25,68,16,1,6.4,0,1,0,0,0,ChIJS07D_-l7ToYRSUWhVlniSTI,Ready Set Jump Childcare Learning Center,4.3,13.0,high_confidence
157577,University Preschool,HOUSTON,16106 MIDDLEBROOK DR,77059 6034,2,2,2,0,0,6,0.75,0.25,221,8,0,26.8,0,0,0,0,0,ChIJS0zTByucQIYRQi-jsInYgp0,University Baptist Church,4.8,95.0,medium_confidence
168320,B's Children World Academy,HOUSTON,8605 MESA DR,77028 2008,8,12,5,2,0,27,1.8,0.533,77,15,0,24.5,0,1,0,0,0,ChIJS2wJVKu7QIYRIINZ970oenI,B's Children World Academy,5.0,3.0,high_confidence
1485614,Fellowship of Purpose Early Childhood Learning Center,HOUSTON,14203 WALLISVILLE RD BLDG A,77049 4132,8,6,1,0,0,15,1.5,0.8,133,10,0,0.8,0,1,0,0,0,ChIJS3Lu7a6mQIYRbteWlmA8szg,Fellowship of Purpose Church,4.9,35.0,medium_confidence
1260347,Creative Learning Academy-Rice Village,HOUSTON,2502 SUNSET BLVD,77005 1434,1,7,1,0,0,9,1.286,0.143,63,7,0,8.6,0,0,0,0,0,ChIJS4gTmF_AQIYRddJorlpwtr8,Creative Learning Academy - Rice Village,4.6,11.0,high_confidence
296507,"Joy Child Learning Center, LLC",HOUSTON,11200 STEEPLECREST DR,77065 4937,2,7,1,2,1,13,2.167,0.333,66,6,1,19.1,0,1,0,0,0,ChIJS7f2FLfRQIYRS4kiR08A9KE,"Joy Child Learning Center, LLC",4.7,58.0,high_confidence
375128,"Humble Creek Ranch, Youth Enrichment & Sports Academy",SAN ANTONIO,7430 PRUE RD,78249 5204,1,0,0,0,0,1,0.091,0.091,261,11,0,16.7,0,1,0,0,0,ChIJS82X7LdnXIYRVHmAZp0HaVs,Humble Creek Ranch,4.1,39.0,medium_confidence
99591,First Presbyterian Day School,AUSTIN,8001 MESA DR,78731 1318,1,7,1,1,0,10,1.667,0.167,85,6,1,39.5,0,0,0,0,0,ChIJS9b7gGvLRIYRomEP4W3xQ-s,First Presbyterian Day School,5.0,11.0,high_confidence
1321682,Congregation Rodfei Sholom Pre-School,SAN ANTONIO,3003 SHOLOM DR,78230 5400,4,7,3,0,1,15,1.364,0.364,69,11,1,5.7,0,0,0,0,0,ChIJSQnjjxlhXIYR-FIY6O7hPYI,Congregation Rodfei Sholom,4.8,38.0,high_confidence
1508124,Stebeck Kiddies Club,HOUSTON,11959 BISSONNET ST,77099 1425,2,6,4,0,0,12,0.462,0.077,140,26,0,0.3,0,0,0,0,0,ChIJSRgw9EfdQIYRXAefztMphVk,CMS Kids Club,4.7,12.0,medium_confidence
1352961,"Early Education Enrichment Academy, Inc.",HOUSTON,11249 CROWN PARK DR,77067 4008,8,8,6,0,1,23,0.92,0.32,358,25,0,5.1,0,1,0,0,0,ChIJSRnJwSDJQIYRV5cQl0IE_Ug,Early education enrichment academy,3.3,7.0,high_confidence
1362402,Tia's Child Care Academy,SAN ANTONIO,1016 N FLORES ST,78212 5138,2,12,10,2,0,26,2.364,0.182,34,11,1,4.7,0,1,0,0,0,ChIJSRzXA85fXIYRo7jcplerRDM,Tia's Child Care Academy,5.0,13.0,high_confidence
930340,Super Kids Academy,HOUSTON,9925 N HOUSTON ROSSLYN RD,77088 2133,8,3,10,0,2,23,1.533,0.533,85,15,0,13.2,0,1,0,0,0,ChIJST3T3D7PQIYRwehBMpPcnd0,Super Kid's Academy,4.5,58.0,high_confidence
95528,Beamer Road KinderCare,HOUSTON,12002 BEAMER RD,77089 3933,9,3,13,0,1,26,1.733,0.6,100,15,0,39.5,1,1,0,0,0,ChIJSVgz5v-ZQIYR2aknRpi3SE8,Beamer Road KinderCare,4.3,26.0,high_confidence
1117189,Christ the Redeemer  Genesis Early Childhood Program,HOUSTON,11507 HUFFMEISTER RD,77065 1051,3,1,0,0,0,4,0.364,0.273,167,11,0,11.9,0,0,0,0,0,ChIJSWW6vV7RQIYRGssszqQyfPs,Christ the Redeemer Catholic Church,4.8,533.0,medium_confidence
1283835,KCE Champions LLC @ Uplift-White Rock Hills,DALLAS,7370 VALLEY GLEN DR,75228 6807,0,2,2,0,0,4,0.5,0.0,325,8,0,7.9,0,1,0,0,0,ChIJSXgB3zyiToYR0jYGhprtvAM,Champions at Uplift White Rock Hills Preparatory,5.0,7.0,medium_confidence
290503,Whiz Children's Academy,HOUSTON,5822 HIGHWAY 6 N,77084 1834,1,0,1,0,0,2,0.143,0.071,85,14,0,18.5,0,1,0,0,0,ChIJSZUPxqzQQIYRdLLTi1MdX1s,Whiz Kids Academy II,2.8,36.0,medium_confidence
134161,Shape Community Center,HOUSTON,3903 ALMEDA RD,77004 4023,0,4,1,0,0,5,0.833,0.0,34,6,0,31.0,0,1,0,0,0,ChIJSZuubHO_QIYRVCjk0QvZcHU,Shape Community Center,4.7,170.0,high_confidence
1140631,Successful Starters Learning Academy II,HOUSTON,10635 HOMESTEAD RD # B,77016 2703,3,4,0,0,0,7,1.0,0.429,136,7,0,11.1,0,1,0,0,0,ChIJS_Q__RGxQIYRMrEDR9mQd-8,Successful Starter Learning Academy,5.0,3.0,high_confidence
434528,Nurturing Hearts Early Learning Center,SAN ANTONIO,9502 POTRANCO RD,78251 9621,1,1,0,0,0,2,0.286,0.143,94,7,0,16.4,0,1,0,0,0,ChIJSa6FFDdDXIYR4v655UbLX2A,Nurturing Hearts Early Learning Center,4.8,39.0,high_confidence
753608,Oakdale Private School,HOUSTON,17100 BUTTE CREEK RD,77090 2320,1,5,3,0,2,11,0.647,0.059,455,17,0,14.8,0,1,0,0,0,ChIJSbtlSW3LQIYRM5O04Rb41Es,Oakdale Private School,4.3,103.0,high_confidence
1302688,The Toddlers Den,FORT WORTH,7509 JOHN T WHITE RD,76120 3311,1,2,3,2,0,8,0.471,0.059,67,17,0,7.7,0,0,0,0,0,ChIJSca1rO57ToYRBS7KcLRzJuk,The Toddler's Den Early Learning Center,4.1,45.0,medium_confidence
1369320,Clear Lake Academy Prep School,HOUSTON,17321 EL CAMINO REAL,77058 2718,1,3,1,1,0,6,0.5,0.083,50,12,1,4.4,0,1,0,0,0,ChIJSf-v1vecQIYRvGyIgfZ7jTg,Clear Lake Academy,4.7,25.0,medium_confidence
101523,Wesley School,AUSTIN,6100 BERKMAN DR,78723 1901,4,12,8,1,2,27,1.421,0.211,95,19,2,39.7,0,1,0,0,0,ChIJSwdv1fbJRIYRm_aSYCAfVBs,Wesley School,4.6,17.0,high_confidence
1266633,Foundation Learning Academy- Queenston,HOUSTON,7137 QUEENSTON BLVD,77095 5339,4,10,5,0,0,19,2.375,0.5,187,8,0,8.5,1,1,0,0,0,ChIJSzFhCGfXQIYR0QnMWWIpvAg,Foundation Learning Academy - Queenston,4.8,62.0,high_confidence
1241298,Stepping Stones Children's Academy,SAN ANTONIO,7326 LOUIS PASTEUR DR,78229 4505,7,15,9,0,0,31,0.939,0.212,135,33,1,9.2,1,1,0,0,0,ChIJSzRFHf1dXIYROyjIDTklG-0,Stepping Stones Children's Academy,4.0,63.0,high_confidence
1484355,Kidventure After School @ Oak Forest Elementary,HOUSTON,1401 W 43RD ST,77018 4106,0,5,2,0,0,7,1.167,0.0,340,6,0,0.9,0,0,0,0,0,ChIJT0qmYBfHQIYRhYC3hZJOP-I,Kidventure After School at Oak Forest Elementary,5.0,60.0,high_confidence
1471860,Happy Hugs Daycare and Preschool LLC,HOUSTON,9404 W SAM HOUSTON PKWY S,77099 2053,11,10,4,0,0,25,1.786,0.786,55,14,0,0.7,0,0,0,0,0,ChIJT1D7bY3DQIYRPvQ75emVOG4,HappyHugs DayCare,4.5,26.0,medium_confidence
101894,Hope Children's Center,AUSTIN,11512 OLSON DR,78750 2606,0,3,4,0,0,7,1.0,0.0,192,7,0,39.6,0,1,0,0,0,ChIJT1XUucIyW4YR1gRrH_cdlY4,Hope Children's Center,5.0,13.0,high_confidence
289919,Whiz Children's Academy,HOUSTON,9561 FM 1960 RD W,77070 6109,6,8,5,1,0,20,1.25,0.375,99,16,0,18.9,1,1,0,0,0,ChIJT3I0w_vRQIYR4LBDq6c5nd4,Whiz Kids Academy,2.7,49.0,high_confidence
1356196,Life's Little Blessings,HOUSTON,9701 ALMEDA GENOA RD BLDG A,77075 2411,1,5,0,0,1,7,0.7,0.1,200,10,0,4.9,0,1,0,0,0,ChIJT3Pks2-XQIYRpz2y6Q_yBkk,Life's Little Blessings,4.8,29.0,high_confidence
1295128,WonderWell,AUSTIN,7717 SOUTHWEST PKWY,78735 8994,2,0,0,0,0,2,0.222,0.222,165,9,0,7.6,0,0,0,0,0,ChIJT3rkBohJW4YRBvBeKOiV_vc,WonderWell,5.0,18.0,high_confidence
1313869,Christian Academy of Little Saints,HOUSTON,1520 WITTE RD #C,77080,4,5,4,0,0,13,1.625,0.5,136,8,0,6.7,0,0,0,0,0,ChIJT43UQujEQIYRK6vVTwp-uLc,Christian Academy of Little Saints,5.0,30.0,high_confidence
1295020,Little Hands Playschool,SAN ANTONIO,7030 RAY BON DR,78218 3933,18,28,3,1,0,50,1.282,0.462,112,39,2,6.6,0,1,0,0,0,ChIJT45uULfzXIYRRiwFV6TiE2s,Little Hands Play School,3.6,14.0,high_confidence
1489940,Ivy Kids of The Heights,HOUSTON,824 W 25TH ST,77008 1742,8,8,3,0,1,20,0.952,0.381,190,21,0,0.0,0,0,0,0,0,ChIJT4BjoqLHQIYRQqDF1DcDQPs,Ivy Kids of The Heights,5.0,18.0,high_confidence
1237318,Child Craft School,AUSTIN,800 W 30TH ST,78705 2102,3,6,5,0,0,14,1.556,0.333,99,9,0,9.8,0,1,0,0,0,ChIJT5ecKH61RIYRYhE9ybxTQxQ,Child Craft Schools,5.0,7.0,high_confidence
1318959,As We Grow Learning Center,HOUSTON,7401 ALABONSON RD STE C,77088 5363,3,8,9,0,0,20,0.909,0.136,115,22,0,7.1,0,1,0,0,0,ChIJT6zPKybPQIYRKbg1PScpvNM,As We Grow Learning Center,4.4,58.0,high_confidence
1476553,Dream Keepers Academy,FORT WORTH,3514 E BERRY ST,76105 5305,2,1,0,0,0,3,0.5,0.333,160,6,1,1.7,0,1,0,0,0,ChIJT7DNMtRxToYR0CDG568_8E0,DREAM KEEPERS ACADEMY,4.6,11.0,high_confidence
1475122,spilled milk social club,AUSTIN,3804 CHERRYWOOD RD,78722 1218,1,0,0,0,0,1,0.167,0.167,118,6,0,1.2,0,0,0,0,0,ChIJT8-25HK1RIYRrkwZYxs0p-k,spilled milk social club,4.9,15.0,high_confidence
1310419,Pinnacle Kids Academy,SAN ANTONIO,10626 BRAUN RD,78254 9660,6,7,3,0,0,16,1.067,0.4,255,15,0,6.4,0,1,0,0,0,ChIJT85OwlNoXIYRTRNiVZ-IlrA,Pinnacle Kids Academy,3.8,77.0,high_confidence
123546,University of Texas Child Care Center,AUSTIN,2216 LEONA ST,78722 2532,7,1,2,0,0,10,0.417,0.292,221,24,0,33.9,1,1,0,0,0,ChIJT8rieQC1RIYRqDXouZkAhMg,UT Child Development Center - Leona Location,4.4,14.0,medium_confidence
286572,Bethany Lutheran Preschool,AUSTIN,3701 W SLAUGHTER LN,78749 5902,5,0,4,0,0,9,0.6,0.333,150,15,0,19.5,0,0,0,0,0,ChIJTRBXCxNMW4YRx-F0iL9r8OE,Bethany Lutheran Church & Preschool,4.2,31.0,high_confidence
112093,Children's Creative World,DALLAS,6011 UNIVERSITY HILLS BLVD,75241 2514,4,11,6,0,1,22,2.75,0.5,32,8,0,38.7,0,1,0,0,0,ChIJTSstCxyXToYRGt7hw3TMwmI,Children's Creative World,5.0,8.0,high_confidence
1106371,LeafSpring School at Cibolo Canyons,SAN ANTONIO,3108 MARSHALL RD,78259 1609,3,3,3,0,0,9,0.474,0.158,333,19,0,12.4,0,1,0,0,0,ChIJTSvk__6IXIYRYH4nPZVM9eU,LeafSpring School at Cibolo Canyons,4.1,36.0,high_confidence
144022,G & J Learning Center,DALLAS,1111 N JIM MILLER RD,75217 4921,0,2,2,0,0,4,0.444,0.0,62,9,0,29.6,0,1,0,0,0,ChIJTTd1WS-jToYR7OfKxFeFjII,G & J Learning Center,3.3,3.0,high_confidence
1123221,La Mision Child Care and Kid Kamp,SAN ANTONIO,2211 S HACKBERRY,78210 4119,5,9,7,1,0,22,0.815,0.185,90,27,1,11.8,0,1,0,0,0,ChIJTVMc1yT2XIYRoaLH8xt5iT8,La Mision Summer Kid Kamp,3.2,13.0,medium_confidence
96186,St. Christophers Day School,HOUSTON,1656 BLALOCK RD,77080 7321,14,16,8,1,1,40,2.857,1.0,100,14,1,35.7,0,0,0,0,0,ChIJTVSUmfnEQIYRqN13P-nqlYc,St Christopher's Day School,4.2,5.0,high_confidence
1439579,Rainbow Scholars Academy LLC,AUSTIN,4600 NUCKOLS CROSSING RD,78744 2003,1,0,2,0,0,3,0.375,0.125,47,8,0,2.7,0,1,0,0,0,ChIJTZDfA4fMRIYR8GkQdWQOiA0,Scholars Academy,5.0,2.0,medium_confidence
1304774,Great Little Minds Academy,HOUSTON,1102 DOROTHY ST,77008 6646,4,9,6,1,0,20,2.857,0.571,36,7,1,7.0,0,0,0,0,0,ChIJT_WgyEPHQIYRUUoLN2DDq5Q,Great Little Minds Academy,4.8,25.0,high_confidence
94517,Wonderland Private School,HOUSTON,5724 CALHOUN RD,77021 2854,2,2,0,1,0,5,0.714,0.286,60,7,1,36.8,0,1,0,0,0,ChIJTaG-dTa-QIYRu3pXotdYTUk,Wonderland Private School,5.0,1.0,high_confidence
1378341,The Lily Pad Farm School,SAN ANTONIO,18940 REDLAND RD,78259 3572,5,6,2,1,0,14,0.412,0.147,289,34,1,4.1,0,0,0,0,0,ChIJTbivkpWJXIYR7eeROhVxt2I,The Lilypad Farm School,4.6,8.0,high_confidence
742008,Pinnacle Montessori,SAN ANTONIO,19730 BULVERDE RD,78259 3709,21,28,12,3,0,64,1.391,0.457,109,46,2,14.4,0,1,0,0,0,ChIJTcimCGaJXIYR2jgVxt08msI,Pinnacle Montessori of Bulverde,4.1,91.0,medium_confidence
777472,Krayola Kidz,HOUSTON,2200 SPEARS RD STE 180,77067 1317,1,5,3,2,0,11,1.1,0.1,122,10,2,14.6,0,1,0,0,0,ChIJTdYzpdLLQIYRcr1FE5YPGu4,Krayola Kidz Inc.,3.5,28.0,high_confidence
1488865,Children Education Station Learning Center,FORT WORTH,6440 BRENTWOOD STAIR RD,76112 3228,0,0,3,2,0,5,0.556,0.0,34,9,0,0.7,0,1,0,0,0,ChIJTw_O0Ep7ToYRnzZZSdVH6gQ,Children Education Station Learning Center,4.6,9.0,high_confidence
1407324,Kreative Kids Preparatory Academy LLC,FORT WORTH,1312 SYCAMORE SCHOOL RD,76134 4901,0,0,0,0,0,0,0.0,0.0,108,12,0,3.1,0,1,0,0,0,ChIJTybTy0lvToYRAs5MAhZu-Ro,Kreative Kids Preparatory Academy,4.8,28.0,high_confidence
1322995,Alianza Eco International School,HOUSTON,1229 CAMPBELL RD,77055 6401,2,5,5,1,0,13,1.444,0.222,131,9,1,6.4,0,0,0,0,0,ChIJTz3F_V3EQIYRo2AMf1tSC9o,Alianza Preschool Spring Valley,5.0,33.0,medium_confidence
1151873,Pinnacle Montessori Academy of Alamo Ranch,SAN ANTONIO,11400 CULEBRA RD,78253 6163,30,27,9,1,0,67,1.136,0.508,210,59,1,10.4,0,1,0,0,0,ChIJU-8u4HZCXIYR7vth3yjIuCw,Pinnacle Montessori of Alamo Ranch,4.6,106.0,high_confidence
98809,Creative Corner,HOUSTON,335 AUDREY LN,77015 2209,3,5,5,1,1,15,1.667,0.333,99,9,1,33.8,0,1,0,0,0,ChIJU0ZB52KkQIYRJ1ALgg5SVxQ,Creative Corner,4.4,16.0,high_confidence
1299196,"Dallas Daycare Academy, LLC",DALLAS,11425 MARSH LN,75229 2637,1,7,8,0,0,16,1.455,0.091,190,11,1,7.4,0,0,0,0,0,ChIJU18fPO0nTIYR1jim9Ckm4C8,Dallas Daycare Academy,4.6,27.0,high_confidence
103545,La Petite Academy Emerald Glade,SAN ANTONIO,111 EMERALD GLADE,78245 1100,14,14,7,2,0,37,0.974,0.368,136,38,1,38.3,1,1,0,0,0,ChIJU3RMWjhDXIYRAnnFPP4xMU8,La Petite Academy on Emerald Glade,3.9,33.0,high_confidence
128577,ST Andrew Early Childhood Center,HOUSTON,1353A WITTE RD,77055 4003,7,10,5,0,0,22,1.222,0.389,100,18,0,32.8,0,1,0,0,0,ChIJU5AR4cHEQIYRJzZ_uqbIFaA,St Andrew Early Childhood Center,4.2,25.0,high_confidence
1335669,Kiddie Academy of Bee Cave,AUSTIN,16003 W HIGHWAY 71,78738 2701,2,1,0,0,0,3,0.375,0.25,190,8,0,5.9,1,1,0,0,0,ChIJU5nisFo4W4YR1TYHNH4jYvQ,Kiddie Academy of Bee Cave,4.8,33.0,high_confidence
1249944,First Flight Preschool,FORT WORTH,2185 GOLDEN HEIGHTS RD,76177 7005,1,1,0,0,0,2,0.182,0.091,248,11,0,8.9,0,0,0,0,0,ChIJU6PiMWvZTYYRDkE2AdNZ-6E,First Flight Preschool,5.0,4.0,high_confidence
1290870,Adventure Kids Playcare- Fort Worth,FORT WORTH,9160 NORTH FWY STE 410,76177 7627,5,13,13,4,0,35,2.917,0.417,84,12,1,7.6,0,0,0,0,0,ChIJU7IrDPzYTYYRIQ2gsObL9xw,Adventure Kids Playcare,4.0,70.0,medium_confidence
1492156,Eagles Childcare Center,AUSTIN,1701 KRAMER LN,78758 4229,2,2,0,0,0,4,0.571,0.286,66,7,0,0.2,0,0,0,0,0,ChIJU9pfPMjLRIYRENXgX3L5xFY,Eagles Child Care Center,5.0,10.0,high_confidence
307781,El Kinder - Bilingual Early Childhood Education,DALLAS,2523 S BUCKNER BLVD,75227 8501,2,2,1,0,0,5,0.625,0.25,86,8,0,19.0,1,1,0,0,0,ChIJUQRFjnKjToYRLaU8rK6y9oo,El Kinder Bilingual Academy,4.8,19.0,medium_confidence
1200819,Tanya's Little Angels Christian Academy,SAN ANTONIO,157 SCHUMACHER RD,78220 3327,25,31,28,3,1,88,2.146,0.61,44,41,1,9.0,0,1,1,0,0,ChIJURzfTL_2XIYRJtyrc-UF2EY,Tanya's Little Angels Christian Academy,4.4,9.0,high_confidence
1248628,KCE Champions LLC @ Beta Academy,HOUSTON,10618 HARTSOOK ST,77034,2,2,0,0,0,4,0.5,0.25,306,8,0,8.9,0,1,0,0,0,ChIJUSBacHKXQIYRodyji12hS1c,Champions at Beta Academy,4.2,11.0,medium_confidence
1251387,KCE Champions LLC at Uplift Luna,DALLAS,9743 E R L THORNTON FWY,75228 5875,1,3,2,0,0,6,0.545,0.091,150,11,0,8.9,0,1,0,0,0,ChIJUSIElxWjToYRH3VbawF06J4,Champions at Uplift Luna - New Campus,1.0,1.0,medium_confidence
1461026,Primrose School of Dallas at Kessler Park,DALLAS,330 S R L THORNTON FWY,75203 1809,1,1,0,0,0,2,0.286,0.143,100,7,0,1.6,1,0,0,0,0,ChIJUSdRaIOZToYR03TCTzLlOWY,Primrose School of Dallas at Kessler Park,5.0,19.0,high_confidence
1350394,Little Treehouse Early Learning Center #6,SAN ANTONIO,13118 EL SENDERO ST,78233 5816,2,6,3,0,1,12,1.0,0.167,96,12,0,5.1,0,1,0,0,0,ChIJUTE84oKMXIYRBYpiL83Ni2Q,"Little Treehouse Early Learning Center, LLC",4.0,28.0,high_confidence
1172658,Kinder College for Kids,HOUSTON,7426 CURRY RD,77093 8820,3,9,7,2,2,23,1.643,0.214,56,14,0,10.3,0,1,0,0,0,ChIJUWiHp625QIYR1Bl7kO9y-Sc,Kinder College For Kids,3.7,6.0,high_confidence
1473494,Taking Steps Childcare LLC,HOUSTON,13507 BAMMEL NORTH HOUSTON RD,77066 2956,4,7,7,1,0,19,2.375,0.5,41,8,0,1.2,0,1,0,0,0,ChIJUWlt9XnLQIYRnTZXN4TC4Og,Taking Steps Childcare,4.0,8.0,high_confidence
1386206,Yogiland LLC,SAN ANTONIO,2102 BANDERA RD,78228 2313,0,3,1,1,0,5,0.714,0.0,56,7,1,4.2,0,1,0,0,0,ChIJUZO4F9FdXIYR_jZhoeF37wA,Yogiland Learning Center,4.6,39.0,medium_confidence
1441892,Super Kids Sycamore,FORT WORTH,1740 W EVERMAN PKWY,76134 4807,6,1,4,0,0,11,0.846,0.462,126,13,0,2.3,0,1,0,0,0,ChIJU_B-wPpvToYRYCEqy3Ffqj4,Super Kids Sycamore,5.0,14.0,high_confidence
1519964,Little Sprouts Academy,HOUSTON,19823 YOUNGLAKE BLVD,77084 4790,0,2,2,0,0,4,2.0,0.0,292,2,0,-0.0,0,0,0,0,0,ChIJUamHaaPZQIYRGzdQJgKVs4Y,Little Sprouts Academy,4.4,35.0,high_confidence
1187180,Didactica Spanish Immersion Preschool,AUSTIN,2028 S LAMAR BLVD,78704 3336,3,4,3,0,0,10,0.667,0.2,76,15,0,10.2,0,1,0,0,0,ChIJUawhLN-0RIYRjuBXrgx65hk,Didactica Spanish Immersion Preschool- South Center 78704,5.0,10.0,medium_confidence
1269891,Lil' Friends Dayschool,SAN ANTONIO,2897 THOUSAND OAKS DR,78232 4151,8,10,5,0,0,23,0.719,0.25,64,32,0,7.9,0,1,0,0,0,ChIJUb-QbE2KXIYRp6FJHzdO_9o,Lil' Friends Day School,4.5,32.0,medium_confidence
1430509,NHUMC Ministry Center Childcare,SAN ANTONIO,4306 NACO PASS,78217 2100,1,5,6,1,0,13,1.444,0.111,27,9,0,2.5,0,0,0,0,0,ChIJUc0EN2mLXIYRScci7nTuVaQ,Ministry Center,4.6,60.0,medium_confidence
112144,Es Haven Academy,DALLAS,813 RYAN RD,75224 3338,2,10,6,1,0,19,2.375,0.25,49,8,1,38.5,0,1,0,0,0,ChIJUd37PquQToYRi93Ox0AA-3E,E's Haven Academy,4.8,6.0,high_confidence
923535,R & R Learning Center LLC,HOUSTON,5341 EASTHAMPTON DR,77039 6160,1,3,1,1,0,6,1.0,0.167,40,6,1,13.2,0,1,0,0,0,ChIJUd7ETs2wQIYRIGlgqstz7xs,R & R Learning Center,5.0,4.0,high_confidence
1397566,CF Kids Dayschool,SAN ANTONIO,10915 SHAENFIELD RD,78254 9602,5,13,3,0,0,21,1.167,0.278,67,18,0,2.8,0,0,0,0,0,ChIJUdN_b-xpXIYRGirclp3aPfU,CF Kids Day School,5.0,1.0,medium_confidence
935610,Blossom Heights Child Development Center,HOUSTON,8702 LIPAN RD,77063 5804,1,0,1,0,0,2,0.4,0.2,104,5,0,13.8,1,1,0,0,0,ChIJUe57ravDQIYRbFSmy0ak5SA,Blossom Heights Child Development Center,5.0,24.0,high_confidence
1494635,La Escuelita Spanish Immersion Preschool at 10th Street Hist,DALLAS,366 S FLEMING AVE,75203 3141,0,0,0,0,0,0,0.0,0.0,46,5,0,0.5,0,0,0,0,0,ChIJUftk9beZToYRk73w3LXytuw,La Escuelita Spanish Immersion Preschool-Tenth Street,5.0,1.0,high_confidence
287319,Nacogdoches KinderCare,SAN ANTONIO,13030 NACOGDOCHES RD,78217 1941,3,9,9,3,0,24,1.2,0.15,133,20,1,19.8,1,1,0,0,0,ChIJUyjDVH2LXIYRKWbpAjMaF5w,Nacogdoches KinderCare,4.5,63.0,high_confidence
1425947,Oxford Academy,FORT WORTH,5900 CROMWELL MARINE CREEK RD,76179,2,1,0,1,0,4,0.148,0.074,220,27,0,2.8,0,1,0,0,0,ChIJV-JE9M11ToYRCb21nAPFknE,Oxford Academy DFW,4.5,53.0,high_confidence
1527233,Kidztown Childcare,HOUSTON,1001 UVALDE RD,77015 3703,0,0,1,0,0,1,1.0,0.0,76,1,0,0.0,0,0,0,0,0,ChIJV0OrvH-jQIYR9edu3phd8LQ,Kidztown Childcare,4.3,15.0,high_confidence
94939,Escuela Montessori de Montopolis,AUSTIN,2013 MONTOPOLIS DR,78741 6501,3,1,3,0,1,8,1.143,0.429,60,7,0,32.2,0,1,0,0,0,ChIJV0SkYhy0RIYRU0QrghDKi3c,Escuela Montessori,5.0,2.0,medium_confidence
754755,The Da Vinci School,DALLAS,10909 MIDWAY RD,75229 4115,0,1,0,0,0,1,0.2,0.0,150,5,0,15.2,0,0,0,0,0,ChIJV4SrGbwnTIYR_Ip-kmnc85Y,The da Vinci School,5.0,2.0,high_confidence
1176908,Precious Stones Academy,HOUSTON,7518 E MOUNT HOUSTON RD,77050 5726,7,9,5,3,0,24,1.846,0.538,149,13,0,10.3,0,1,0,0,0,ChIJV6T0vZKwQIYRcmtlnej6NUQ,Precious Stones Academy,2.5,13.0,high_confidence
97352,Trinity Lutheran Childrens Center,FORT WORTH,3621 TULSA WAY,76107 3341,4,15,9,0,0,28,2.545,0.364,130,11,0,40.0,0,0,0,0,0,ChIJV6z7AsFzToYRxfBOu_vDkIw,Trinity Lutheran Church,4.7,26.0,medium_confidence
117886,Reading Friends,FORT WORTH,5228 PERSHING AVE,76107 4828,0,5,0,1,0,6,1.0,0.0,100,6,1,34.5,0,0,0,0,0,ChIJV73lEAZzToYR0-SPMElYCGo,Reading Friends,5.0,1.0,high_confidence
156229,Primrose School of Bent Trail,DALLAS,18601 PRESTON RD,75252 2523,4,4,2,0,0,10,0.625,0.25,136,16,0,27.5,1,0,0,0,0,ChIJV76sJMojTIYR-VRopNue7fs,Primrose School of Bent Trail,4.8,78.0,high_confidence
279506,Austin Shelter for Women and Children Child Care Center,AUSTIN,4613 TANNEHILL LN BLDG 2,78721 1703,0,1,5,0,0,6,0.6,0.0,30,10,0,19.7,0,0,0,0,0,ChIJV7Qp1jy3RIYRThfOaekUXn4,Austin Shelter for Women and Children,3.2,38.0,high_confidence
1120783,East Dallas Development Center,DALLAS,2010 SKILLMAN ST,75206 7240,1,8,3,0,0,12,2.0,0.167,123,6,0,11.7,0,0,0,0,0,ChIJV8uMPk6fToYRDgWYJgyHYY4,East Dallas Developmental Center,5.0,28.0,high_confidence
1089487,The Preparatory School of Dripping Springs,AUSTIN,12610 NUTTY BROWN RD,78737 9298,2,0,1,0,0,3,0.333,0.222,235,9,0,12.8,0,0,0,0,0,ChIJVRcp6whGW4YRai34gbnq2rU,The PREP School of Dripping Springs - Nutty Brown,4.6,5.0,medium_confidence
755912,Polytechnic United Community Center,FORT WORTH,3100 AVENUE I,76105 3129,1,1,4,0,0,6,0.857,0.143,100,7,0,14.9,0,0,0,0,0,ChIJVSDi-2NwToYRNzhcC4qGY1A,UCC Polytechnic Center,4.4,57.0,medium_confidence
1304349,Kids R Kids Keller,FORT WORTH,4117 KELLER HICKS RD,76244 9631,3,6,0,0,0,9,0.391,0.13,344,23,0,7.6,1,1,0,0,0,ChIJVSkQZObZTYYRsPXmmhy9Jyg,Kids 'R' Kids Learning Academy of Keller,4.7,99.0,medium_confidence
902228,Kids R Us Academy,HOUSTON,9385 RICHMOND AVE,77063 3927,20,27,24,1,0,72,5.143,1.429,65,14,4,13.9,0,1,0,0,0,ChIJVTeX7BjDQIYRVZaMqYkHbdQ,Kids R Us Academy,4.4,7.0,high_confidence
1301417,"King Kids Learning Center, LLC",FORT WORTH,2900 CANTON DR,76112 6518,0,0,0,0,0,0,0.0,0.0,95,7,0,7.6,0,1,0,0,0,ChIJVUOd_AB7ToYRy2ACEZ0JPzE,King Kids Learning Center,4.2,20.0,high_confidence
917608,Parent/Child Inc. Southwest,SAN ANTONIO,11914 DRAGON LN,78252 2612,0,0,0,0,0,0,0.0,0.0,44,6,0,13.9,0,0,0,0,0,ChIJVVUF-vRnXIYRW-ZdkFs-1qg,Parent/Child Incorporated,4.7,9.0,medium_confidence
100933,Alamo Heights United Methodist Weekday School,SAN ANTONIO,825 E BASSE RD,78209 1832,1,6,8,0,0,15,1.875,0.125,161,8,0,31.3,0,0,0,0,0,ChIJVVUVLEP1XIYRxQyD1CHD2zU,Alamo Heights UMC Weekday School,5.0,1.0,medium_confidence
1274057,Blessing Academy ECC,HOUSTON,5903 BELLFORT ST,77033 1334,3,2,3,1,0,9,1.286,0.429,22,7,1,8.3,0,1,0,0,0,ChIJVVV5ZJOVQIYRO8DN4fGap1Q,Blessing Academy ECC,4.9,52.0,high_confidence
302468,Triumph Christian Academy,HOUSTON,4740A W OREM DR,77045 4110,3,1,1,1,0,6,0.545,0.273,90,11,1,18.9,0,1,0,0,0,ChIJVVVFgLPrQIYRYFMy8yeACXE,Triumph Christian Academy,5.0,2.0,high_confidence
1173586,Community Partners FifthWard Early ChildHood Development Ctr,HOUSTON,3917 COLLINGSWORTH ST,77026 4713,7,2,1,1,0,11,0.611,0.389,93,18,0,10.3,0,1,0,0,0,ChIJVVVlfj-5QIYRErvnKmY-yCg,Community Partners FifthWard,5.0,5.0,medium_confidence
96494,Westminster Presbyterian Preschool,DALLAS,8200 DEVONSHIRE DR,75209 4425,1,1,0,0,0,2,0.222,0.111,220,9,0,40.1,1,0,0,0,0,ChIJVVWVsmCeToYRzFcA34oRWqc,Westminster Presbyterian Church,4.6,14.0,medium_confidence
1342082,Royal Children Learning Center,HOUSTON,6603A LANGHAM DR,77084 2695,26,24,24,4,2,80,1.905,0.619,153,42,14,5.4,1,1,0,0,0,ChIJVVXBBlO-QIYR55PfOFqfhzM,Children Learning Center,5.0,2.0,high_confidence
1118895,Dallas Cooperative Preschool,DALLAS,11001 MIDWAY RD,75229 4117,0,1,1,0,0,2,0.4,0.0,37,5,0,12.3,0,0,0,0,0,ChIJVVXFdVQnTIYRpmACwpMFACI,Dallas Cooperative Preschool,5.0,7.0,high_confidence
1518495,Wonderbees Learning Academy,HOUSTON,11240 FM 1960 RD W,77065 3662,1,2,2,0,0,5,2.5,0.5,68,2,0,-0.0,0,0,0,0,0,ChIJVVoQ-tLRQIYRDMecGFJ8-Lo,Wonderbees Learning Academy,5.0,19.0,high_confidence
1479782,Pinnacle Montessori,SAN ANTONIO,6929 CAMP BULLIS RD,78256 2334,4,0,3,0,0,7,0.467,0.267,170,15,0,0.6,0,1,0,0,0,ChIJVYGXShVlXIYRaU5EJpi5CMo,Pinnacle Montessori of Crown Ridge,4.8,43.0,medium_confidence
231809,Stepping Stone School XIV,AUSTIN,9405 BRODIE LN,78748 5602,35,26,18,0,0,79,1.234,0.547,263,64,0,21.9,1,0,0,0,0,ChIJVaMa-XFMW4YRS-x6G4xRIUM,Stepping Stone School - Brodie/Circle C,4.1,48.0,medium_confidence
207470,Lake Highlands Baptist Church,DALLAS,642 BROOKHURST DR,75218 2191,1,0,0,0,0,1,0.167,0.167,175,6,0,22.9,0,0,0,0,0,ChIJVaOPQqqhToYRESJto0OcVOg,Lake Highlands Baptist Church,5.0,20.0,high_confidence
1233541,St. Andrews Presbyterian Children's Center,DALLAS,3204 SKILLMAN ST,75206 5914,1,9,3,0,0,13,1.3,0.1,144,10,0,9.9,0,0,0,0,0,ChIJVaTlSL6fToYRv2j2CoYFpB4,St. Andrew's Presbyterian Children's Center,5.0,4.0,high_confidence
1190698,Wheels for Kids Childcare Center,SAN ANTONIO,5409 HURLEY DR,78238 2414,5,9,2,1,0,17,0.85,0.25,45,20,2,9.8,0,1,0,0,0,ChIJVatD-qJdXIYR4Gp2ez5ahis,Wheels for Kids Childcare Center,3.9,19.0,high_confidence
1368468,Primrose School of Shady Hollow,AUSTIN,12341 BRODIE LN,78748 1917,3,1,0,0,0,4,0.267,0.2,210,15,0,5.0,1,1,0,0,0,ChIJVc5F3stNW4YR3IxcUevJP4o,Primrose School of Shady Hollow,4.9,57.0,high_confidence
156662,ST James Episcopal Montessori School,DALLAS,9845 MCCREE RD,75238 3444,0,0,0,0,0,0,0.0,0.0,197,7,0,26.8,0,0,0,0,0,ChIJVe5MtFygToYR0Y7S8xzKfxY,Saint James Episcopal Church,4.7,21.0,medium_confidence
1458013,Twinkle Wonders School At Rice Ave,HOUSTON,5750 S RICE AVE,77081 2910,26,53,25,4,0,108,4.0,0.963,149,27,8,1.0,0,0,0,0,0,ChIJVebpD4PBQIYRGjIWvfjeHU0,Twinkle Wonders School At Rice Avenue,4.1,68.0,high_confidence
479228,The Childrens Discovery Center,AUSTIN,4112 DUVAL ST,78751 4309,1,0,0,0,0,1,0.2,0.2,64,5,0,16.5,0,0,0,0,0,ChIJVxJc4C_LRIYRKPm-QKGahX4,Children’s Discovery Center Central,4.5,8.0,high_confidence
1122725,East Central Child Development Center,SAN ANTONIO,11935 DONOP RD,78223 4202,2,0,0,0,0,2,0.333,0.333,40,6,0,11.9,0,0,0,0,0,ChIJVxYBGDL6XIYRFozuGCxQwAI,East Central Development Center,4.9,9.0,high_confidence
1476193,Tom Thumb Academy,DALLAS,2846 S BECKLEY AVE,75224 3526,2,2,1,0,0,5,0.714,0.286,94,7,0,1.5,0,1,0,0,0,ChIJVyJjQViXToYRKNVo-J0RntU,Tom Thumb Nursery & Pre-k,4.0,2.0,medium_confidence
1517221,Tierra Encantada-Camp Bowie,FORT WORTH,6201 SUNSET DR STE 600,76116 5541,1,1,0,1,0,3,0.6,0.2,204,5,0,0.1,0,0,0,0,0,ChIJVyqw-GJzToYRYGzUeB2OFvk,Tierra Encantada - Camp Bowie,3.9,30.0,medium_confidence
351132,Compton Head Start,HOUSTON,9720 SPAULDING ST,77016 4841,5,6,0,1,1,13,0.812,0.312,108,16,0,17.7,1,0,0,0,0,ChIJVzGxWBm6QIYR5pXueYu6z_I,Head Start-Compton Center,3.4,10.0,medium_confidence
1315075,Kids 'R' Kids of Copperfield,HOUSTON,15230 FOREST TRAILS DR,77095 2950,8,2,4,0,0,14,0.5,0.286,361,28,0,7.3,0,1,0,0,0,ChIJW-Zof9fQQIYRCtKEzN4YpYo,Kids 'R' Kids Learning Academy of Copperfield,4.3,130.0,medium_confidence
171999,Hugs and Kisses Too,FORT WORTH,2821 VAUGHN BLVD,76105 4846,0,1,3,0,0,4,0.667,0.0,146,6,1,23.9,0,1,0,0,0,ChIJW3S57m5wToYRb8QuQ6cKzNg,Hugs & Kisses Too,4.0,13.0,high_confidence
1265673,Little Sunshine's Playhouse,SAN ANTONIO,21822 STONEWALL PKWY,78256 1661,3,7,3,0,0,13,0.722,0.167,155,18,0,8.6,0,0,0,0,0,ChIJW4EEgwdlXIYRyv1_ELvsHxI,Little Sunshine's Playhouse of San Antonio at Dominion,4.8,52.0,medium_confidence
1140354,Amazing Kid'z Christian Academy,HOUSTON,12035 DE FORREST ST,77066 2955,8,7,6,0,3,24,3.0,1.0,122,8,0,11.3,0,1,0,0,0,ChIJWQbf8BTMQIYRO2V5hOAqzhM,Amazing Kidz Christian Academy,4.6,20.0,high_confidence
282984,Spring Creek KinderCare,DALLAS,15610 SPRING CREEK RD,75248 4325,16,19,14,2,0,51,1.5,0.471,150,34,1,19.9,0,1,0,0,0,ChIJWQuZt78hTIYRiezGShLhr7A,Spring Creek KinderCare,4.2,59.0,high_confidence
135722,Zion Lutheran Preschool,HOUSTON,3606 BEAUCHAMP ST,77009 6231,0,2,0,1,0,3,0.6,0.0,129,5,1,31.2,0,1,0,0,0,ChIJWTNvTr-4QIYRB0hGOmf_58k,Zion Lutheran Preschool,5.0,2.0,high_confidence
1334503,Park Vista Children's Academy,FORT WORTH,13033 PARK VISTA BLVD,76244 5811,8,3,2,1,0,14,0.583,0.333,181,24,0,6.0,1,1,0,0,0,ChIJWXnr6KnQTYYR3r-0MqGec14,Park Vista Children's Academy of Keller/FortWorth,4.0,58.0,medium_confidence
352279,Susy's Daycare Center,AUSTIN,308 W WILLIAM CANNON DR # B,78745 5691,3,10,1,0,0,14,1.0,0.214,45,14,0,17.2,0,1,0,0,0,ChIJWaRa6VKzRIYR99TQ0BZprSE,Susy's Daycare Center,4.3,12.0,high_confidence
324439,Garden Oaks Baptist Early Learning Ctr,HOUSTON,3206 N SHEPHERD DR,77018 7621,6,9,1,1,0,17,1.889,0.667,204,9,0,17.8,0,0,0,0,0,ChIJWcJz2XXHQIYRyy_OtvmufN8,The Garden Kids - Garden Oaks Church Early Learning Center,5.0,15.0,medium_confidence
1290696,Club Z INC,AUSTIN,7612 COOPER LN,78745 6312,3,9,5,0,0,17,1.133,0.2,49,15,0,8.3,0,1,0,0,0,ChIJWcjVA7pMW4YRpGC3HUUNzmY,Club Z,4.6,9.0,medium_confidence
1487140,Tiny Hearts Academy,SAN ANTONIO,6002 INGRAM RD,78238 4402,3,5,2,0,0,10,1.0,0.3,41,10,0,0.4,0,1,0,0,0,ChIJWctfm3tdXIYRbdxgJ4fORbQ,Tiny Hearts Academy,5.0,9.0,high_confidence
1332377,Primrose School of NW Fort Worth,FORT WORTH,9840 BLUE MOUND RD,76131 3312,10,0,1,0,0,11,0.5,0.455,220,22,0,6.1,1,0,0,0,0,ChIJWwo5BgB3ToYR3D_AJZbo1a8,Primrose School of NW Fort Worth,4.5,38.0,high_confidence
231802,Ivy Crest Academy of Deerfield,SAN ANTONIO,1909 W BITTERS RD,78248 1444,4,9,8,0,0,21,1.5,0.286,306,14,0,21.9,0,1,0,0,0,ChIJX0H9urdhXIYRL2J8hvofYzg,Ivy Crest Academy of Deerfield,5.0,3.0,high_confidence
257587,Canyon Creek Preschool,AUSTIN,9001 R R 620 N,78726 4003,1,4,0,0,0,5,0.556,0.111,200,9,0,20.8,0,0,0,0,0,ChIJX0wGOLczW4YRt9visfY8rGQ,Canyon Creek Preschool,5.0,4.0,high_confidence
95358,Toddler House 5,HOUSTON,150 E WEST RD,77060 5015,3,18,22,1,4,48,3.0,0.188,75,16,0,38.6,0,1,0,0,0,ChIJX0zrfNHJQIYRSoshampqqRw,The Toddler House Greenspoint,3.5,21.0,medium_confidence
1353590,Kido International PreSchool,HOUSTON,2329 BISSONNET ST,77005 1511,7,3,3,0,0,13,1.0,0.538,209,13,0,5.1,0,0,0,0,0,ChIJX1C8dLvBQIYR3TUeFH6ePdE,Kido International Preschool & Daycare Rice Village,4.5,33.0,medium_confidence
1123960,Highland Montessori School,AUSTIN,211 W SAINT JOHNS AVE,78752 2415,1,4,2,0,0,7,1.0,0.143,30,7,0,11.7,0,1,0,0,0,ChIJX1evozHKRIYRs-XFOTB2v8g,Highland Montessori School,5.0,1.0,high_confidence
102349,Valley Hi Baptist Academy,SAN ANTONIO,6623 SW LOOP 410,78227 4817,19,18,16,1,0,54,1.688,0.594,50,32,1,39.1,0,0,0,0,0,ChIJX3BKaeBaXIYRKUQPVoNChro,Valley-Hi Baptist Academy,3.0,6.0,high_confidence
1515161,Stepping Stone School V,AUSTIN,2001 WELLS BRANCH PKWY,78728 6901,0,0,0,0,0,0,0.0,0.0,168,2,0,0.1,0,0,0,0,0,ChIJX3EFq47ORIYRPL8KcVDCUcM,Stepping Stone School Pflugerville,4.2,42.0,medium_confidence
1146854,Kitz Korner Day Care,SAN ANTONIO,4813 LAKEBEND WEST DR,78244 1617,30,34,24,0,0,88,1.257,0.429,58,70,0,10.9,1,1,0,0,0,ChIJX65pFqzzXIYRZO-JR2QE3q0,Kitz Korner Day Care,3.4,13.0,high_confidence
145849,Shearer Hills Baptist Early Learning,SAN ANTONIO,12615 SAN PEDRO AVE,78216 2848,2,2,0,0,0,4,0.308,0.154,179,13,0,29.2,0,0,0,0,0,ChIJX6BK7ClgXIYR5pm69sXhbdk,Shearer Hills Early Learning Center,5.0,7.0,high_confidence
1416607,Ordered Steps Learning Center,FORT WORTH,7451 CHAPEL AVE STE 7455,76116 7090,1,0,5,0,0,6,0.462,0.077,34,13,0,2.9,0,1,0,0,0,ChIJX6Kt3LMNToYRy9I4LR3F4tY,Ordered Steps Learning Center,4.9,33.0,high_confidence
1104484,Faith Kidz,HOUSTON,3831 W FUQUA ST,77045 6401,2,9,8,2,0,21,2.1,0.2,79,10,1,12.3,0,1,0,0,0,ChIJXQDuFArrQIYRPRW5Moq2NK0,Faith Kidz Academy,4.7,12.0,medium_confidence
1334702,KCE Champions LLC @ Uplift Elevate,FORT WORTH,10825 CHAPIN RD,76108,4,14,5,0,0,23,1.533,0.267,120,15,0,5.9,1,1,0,0,0,ChIJXRa21egNToYRzAi1Czswf7I,Champions at Uplift Elevate,3.0,7.0,high_confidence
1150323,Itty Bitty Tots In Training,HOUSTON,12019 MISTY VALLEY DR,77066 2736,34,46,24,2,0,106,2.163,0.694,47,49,3,11.0,0,1,0,0,0,ChIJXU3OEDzMQIYRAhSv1GAYkiM,Itty Bitty Tots In Training,3.4,20.0,high_confidence
1349644,KLA Schools of Sweetwater,AUSTIN,18101 W HIGHWAY 71,78738,4,1,4,0,0,9,0.643,0.286,220,14,0,5.4,0,0,0,0,0,ChIJXVU7Vm85W4YRxa2H4Jav1Is,KLA Schools of Sweetwater,3.8,25.0,high_confidence
1236601,"Today's Kids Academy, LLC",FORT WORTH,10776 N BEACH ST,76244 8539,2,9,10,1,0,22,1.571,0.143,78,14,1,8.8,0,0,0,0,0,ChIJXXFYN7_ZTYYRDlluyjl1Mp0,Today's Kids Academy,4.3,62.0,high_confidence
367245,Houston Kidz Academy,HOUSTON,203 E CANINO RD,77037 4438,0,1,1,1,0,3,0.375,0.0,103,8,1,16.9,0,1,0,0,0,ChIJXXN8Kh3IQIYRqOiyu_mXFVk,Houston Kidz Academy,4.6,22.0,high_confidence
1328792,The Goddard School (The Greater Heights),HOUSTON,835 W 23RD ST,77008 1733,1,8,4,0,0,13,1.182,0.091,207,11,0,6.2,1,0,0,0,0,ChIJXXNQZ3LHQIYRuFLUHmnPHx4,The Goddard School of Houston - The Greater Heights,4.4,106.0,medium_confidence
1163569,World of Knowledge Early Learning Center,SAN ANTONIO,143 NW 36TH ST STE 2001,78237 1283,5,26,5,0,0,36,1.895,0.263,91,19,1,10.1,0,1,0,0,0,ChIJXXO8fKdeXIYR7p0Py-XayC0,World of Knowledge Early Learning Center,4.2,17.0,high_confidence
1457078,Growing Minds Early Education Center,SAN ANTONIO,10027 RAVEN FIELD DR,78245 1732,0,4,0,0,0,4,0.5,0.0,40,8,0,1.9,0,1,0,0,0,ChIJXZ6SOoNFXIYRbdJiwCSi27c,Growing Minds Early Education,5.0,15.0,high_confidence
1279650,A to Z Preschool/Daycare Center,HOUSTON,7303 BELLERIVE DR,77036 3103,3,12,9,2,0,26,4.333,0.5,50,6,3,8.1,0,1,0,0,0,ChIJXbyv5pHDQIYRlLwL3gACQUs,A to Z Preschool/Daycare Center,4.6,18.0,high_confidence
698808,The Pineapple School,SAN ANTONIO,12222 HUEBNER RD,78230 1260,3,1,0,1,0,5,0.385,0.231,217,13,1,14.9,0,0,0,0,0,ChIJXdEZONRgXIYRKkAYUckLj8g,The Pineapple School - North Central,4.0,25.0,medium_confidence
1363576,Country Kids Academy,SAN ANTONIO,21002 ENCINO CMNS,78259 2716,2,4,1,0,0,7,0.583,0.167,147,12,0,5.2,0,1,0,0,0,ChIJXdU5yKKJXIYRmjnxqqm6370,Country Kids Academy,4.6,58.0,high_confidence
94819,La Petite Academy West Sunset,SAN ANTONIO,318 W SUNSET RD,78209 1734,0,15,2,1,0,18,1.125,0.0,120,16,0,38.8,1,1,0,0,0,ChIJXerYY0X1XIYRn34qUqrCeVY,La Petite Academy of Alamo Heights,3.4,21.0,medium_confidence
1414888,First Steps Montessori Learning Center,SAN ANTONIO,3850 S LOOP 1604 W,78264 3418,1,3,1,0,0,5,0.5,0.1,37,10,0,2.8,0,1,0,0,0,ChIJXf0f_flTXIYRjKsDoJi90e0,First Steps Montessori Learning Center,5.0,2.0,high_confidence
1453232,Sheridan Montessori School LLC,HOUSTON,2433 SHERIDAN ST,77030 1921,1,3,1,1,0,6,0.667,0.111,54,9,0,1.4,0,0,0,0,0,ChIJXfhLjEHAQIYRoAWyzW16uvM,Sheridan Montessori School,3.8,13.0,high_confidence
1407606,Tigerlily Preschool,AUSTIN,8601 S 1ST ST,78748 6602,0,0,0,0,0,0,0.0,0.0,20,12,0,3.0,0,0,0,0,0,ChIJXz4nlilNW4YRlgZaHbIz_uc,Tigerlily Preschool,5.0,2.0,high_confidence
583848,The Ragratz Unlimited Fun Care,SAN ANTONIO,1409 BANDERA RD,78228 4004,10,15,6,0,0,31,1.722,0.556,68,18,0,14.9,0,1,0,0,0,ChIJXz_8TodeXIYRaB0o9LzW_v0,Ragratz Unlimited Fun Care,4.2,18.0,high_confidence
1282938,Kid Space Drop-In Child Care,SAN ANTONIO,19141 STONE OAK PKWY STE 307,78258 3369,1,8,7,0,0,16,1.231,0.077,40,13,0,8.5,0,0,0,0,0,ChIJY-tN5RFiXIYR5oE6m2ejHxI,Kid Space Drop-In Child Care,4.3,32.0,high_confidence
1140364,"Elite Karate, LLC",SAN ANTONIO,19239 STONE OAK PKWY STE 109,78258 3471,2,7,0,1,0,10,0.909,0.182,54,11,0,11.3,0,0,0,0,0,ChIJY-tN5RFiXIYRumq2zZSxDPI,Elite Karate,4.8,12.0,high_confidence
259514,The Mustard Seed Early Learning Center,SAN ANTONIO,11555 GALM RD STE 200,78254 9555,1,3,1,0,0,5,0.625,0.125,161,8,0,20.8,0,1,0,0,0,ChIJY0gkNb9pXIYR3bPBOOI3rYU,The Mustard Seed Early Learning Center,4.5,15.0,high_confidence
1485513,Precious Kargo Academy 2,DALLAS,2520 MARTIN LUTHER KING JR BLV,75215 2305,0,0,0,0,0,0,0.0,0.0,116,7,0,0.8,0,0,0,0,0,ChIJY1FMRACZToYRGY3fH-kYHrQ,Precious Kargo Academy 2,5.0,2.0,high_confidence
204160,Kids 'R' People 2 Inc,HOUSTON,2725 REED RD,77051 2371,4,10,2,1,0,17,1.545,0.364,107,11,1,23.2,0,1,0,0,0,ChIJY1JSYEiVQIYRyO0RmnMVNJc,"Kids ""R"" People ""2"" Academy Childcare Center",4.4,42.0,medium_confidence
1301658,Adventure Kids Playcare,HOUSTON,10403 KATY FWY STE 220,77024 1108,7,13,6,1,1,28,1.867,0.467,122,15,0,7.3,0,1,0,0,0,ChIJY2ED37bEQIYR3ZNGvKLU9uw,Adventure Kids Playcare,4.3,162.0,high_confidence
233966,Happy Child Childcare & Learning Center,SAN ANTONIO,3414 CULEBRA RD,78228 6060,44,76,30,2,2,154,1.974,0.564,79,78,6,21.7,0,1,0,0,0,ChIJY2cRjTBcXIYRgii7wRtJMgU,Happy Child Childcare & Learning,5.0,26.0,high_confidence
305437,Glenbrook CDC,DALLAS,1339 N MASTERS DR,75217 3308,3,10,3,1,1,18,1.636,0.273,200,11,1,17.9,0,1,0,0,0,ChIJY2dxMLqkToYRa717_ILL6r8,Glenbrook Child Development,3.7,19.0,medium_confidence
1365087,Purple Rose Learning Academy,HOUSTON,6717 STUEBNER AIRLINE RD STE 202,77091 2508,7,9,7,1,0,24,1.412,0.412,76,17,1,4.7,0,1,0,0,0,ChIJY3-3ySzHQIYRce3GGY9C6Wc,Purple Rose Learning Academy,4.3,26.0,high_confidence
1516722,One Hope Preschool,HOUSTON,5020 W BELLFORT AVE BLDG II,77035 3229,1,0,2,1,0,4,2.0,0.5,96,2,0,0.3,0,0,0,0,0,ChIJY4qUXkzrQIYRh_34kqN0nDE,One Hope Preschool,4.6,11.0,high_confidence
1501411,Lightbridge Academy Fort Worth,FORT WORTH,7825 SAGE VISTA DRIVE,76123,0,3,2,1,0,6,0.857,0.0,264,7,0,0.2,0,0,0,0,0,ChIJY5kCImZtToYRCL1i4BPPk-M,Lightbridge Academy,4.0,54.0,medium_confidence
1289777,Swiss Learning Center,DALLAS,3814 SWISS AVE,75204 6410,1,0,1,0,0,2,0.333,0.167,75,6,0,7.7,0,0,0,0,0,ChIJY5pgacWYToYRVBoCL7kagx4,Swiss Learning Center,4.9,30.0,high_confidence
1354380,Little Explorers Childcare,AUSTIN,2313 TERI RD,78744 1915,2,6,5,1,1,15,1.875,0.25,49,8,1,5.5,0,1,0,0,0,ChIJY6XCwHuzRIYRHS0gJtZH5G4,Little Explorers Child Care DBA Maricela,4.7,26.0,medium_confidence
1484290,Creative Playhouse Kids 1,HOUSTON,5630 N ELDRIDGE PKWY STE 500,77041 5635,3,1,1,1,0,6,0.6,0.3,110,10,1,0.6,0,1,0,0,0,ChIJY7HD957bQIYRKQTasQpO-Ro,Creative Playhouse Kids LLC,4.4,21.0,high_confidence
287322,Heimer KinderCare,SAN ANTONIO,14230 CROSS CYN,78232 5147,6,4,4,1,1,16,0.696,0.261,125,23,0,19.9,0,1,0,0,0,ChIJY7mZQGOKXIYR-x35d8ZmE5Y,Heimer KinderCare,4.9,63.0,high_confidence
1504389,The Bridge Learning Academy,FORT WORTH,6623 MEADOWBROOK DR,76112 5240,2,4,1,1,1,9,1.0,0.222,25,9,0,0.1,0,0,0,0,0,ChIJYQcNu1tVdgMRIn98DyPG7oI,The Bridge Learning Academy LLC,5.0,11.0,high_confidence
1307577,Tiny 1's Treasured Learning Center,DALLAS,3418 S BECKLEY AVE,75224 4015,2,18,5,0,0,25,3.571,0.286,33,7,0,7.0,0,1,0,0,0,ChIJYQcazFqXToYR9bY9LIHg6nk,Tiny 1's Treasured Learning Center,5.0,5.0,high_confidence
309051,Kessler Park Day School,DALLAS,1215 TURNER AVE,75208 2631,8,3,1,0,0,12,1.333,0.889,102,9,0,18.2,0,0,0,0,0,ChIJYUG6TfebToYRAbur3_5S37I,Kessler Park Day School,5.0,22.0,high_confidence
157569,Holy Communion Christian Academy,DALLAS,17405 MUIRFIELD DR,75287 7437,0,0,0,0,0,0,0.0,0.0,84,6,0,26.8,1,1,0,0,0,ChIJYUtv6uQjTIYR---JVqljjAM,Holy Communion Christian Academy,5.0,1.0,high_confidence
1487239,The Pillars Christian Learning Center,SAN ANTONIO,14931 POTRANCO ROAD,78245,2,6,3,0,0,11,0.579,0.105,203,19,0,0.7,0,1,0,0,0,ChIJYVR7bIVBXIYRfDEXZ8lYq_U,The Pillars Christian Learning Centers - Potranco,4.6,24.0,high_confidence
215892,All Austin Cooperative Nursery School,AUSTIN,2301 HANCOCK DR,78756 2510,0,0,1,0,0,1,0.167,0.0,55,6,0,23.2,1,0,0,0,0,ChIJYVc7C_XKRIYRCxGDdgD3H2Q,All Austin Co-op,5.0,9.0,medium_confidence
913691,Lisa's Little Angels Learning Center,FORT WORTH,2714 STALCUP RD,76119 1542,3,1,0,1,0,5,0.455,0.273,55,11,0,13.7,0,1,0,0,0,ChIJYVonAux6ToYRViFAMtLkP6c,Lisa's Little Angels Learning Center,3.9,19.0,high_confidence
1479086,Wells Branch YMCA of Central Texas,AUSTIN,14650 MERRILTOWN RD,78728 6729,0,0,0,0,0,0,0.0,0.0,68,4,0,1.5,0,1,0,0,0,ChIJYYiXU2PORIYRMqqRQWCdsT4,Wells Branch Elementary,3.9,34.0,medium_confidence
102813,Cathedral House,HOUSTON,1117 TEXAS ST,77002 3113,1,4,5,0,0,10,2.0,0.2,136,5,0,38.9,1,0,0,0,0,ChIJYZlKPiW_QIYR0YmH4JPLcgs,Christ Church Cathedral,4.7,247.0,medium_confidence
1312509,LSP Stone Oak Inc DBALittle Sunshine's Playhouse & Preschool,SAN ANTONIO,20515 STONE OAK PKWY,78258 7036,11,7,3,0,1,22,0.846,0.423,175,26,0,6.9,0,0,0,0,0,ChIJYZtAuMiJXIYRDJe-4faXETI,Little Sunshine's Playhouse of San Antonio at Stone Oak,4.8,44.0,medium_confidence
287197,Parliament  KinderCare,SAN ANTONIO,11814 PARLIAMENT ST,78216 2412,25,29,9,1,2,66,1.138,0.431,135,58,0,19.8,0,1,0,0,0,ChIJYa_tTEZgXIYR00LaI5xX9Vo,Parliament KinderCare,3.6,48.0,high_confidence
1338707,Kinderworld Academy,HOUSTON,9241 S GESSNER RD,77074 3807,5,11,6,0,0,22,2.0,0.455,100,11,0,5.5,0,1,0,0,0,ChIJYaxOkoTCQIYRCElrnJVUl6A,Kinderworld Academy,4.9,103.0,high_confidence
1467991,Little Growing Hearts Childcare Center LLC,SAN ANTONIO,7491 GRISSOM RD BLDG 1,78251 4703,2,5,2,0,0,9,0.9,0.2,41,10,0,1.4,0,0,0,0,0,ChIJYbSXshpdXIYRlVJ3lRgcCMg,Little Growing Hearts Childcare Center,5.0,5.0,high_confidence
1287678,Tick Tots Around the Clock LLC,HOUSTON,12440 OXFORD PARK DR STE A106,77082 2699,26,22,15,2,0,65,1.625,0.65,107,40,4,8.0,0,1,0,0,0,ChIJYbbTOifdQIYRJZkz_AQkRbI,Tick Tots Around the Clock,2.7,57.0,high_confidence
1485955,The Learning Experience,DALLAS,3099 FRANKFORD RD,75287 5657,2,0,1,1,0,4,0.4,0.2,230,10,0,0.8,0,0,0,0,0,ChIJYbsjloklTIYRoC1ffR135ig,The Learning Experience - Dallas - Frankford,4.8,116.0,medium_confidence
1418870,Montessori Internacional,AUSTIN,11124 JOLLYVILLE RD,78759 4811,2,1,4,0,0,7,0.538,0.154,95,13,0,2.8,0,0,0,0,0,ChIJYeFKriHMRIYRyn6Gmh5U_ww,International Montessori Spanish Immersion,4.9,39.0,medium_confidence
1163651,Discovery Kids Academy of Greater Houston,HOUSTON,5200 FANNIN ST,77004 5808,2,17,12,1,0,32,3.2,0.2,31,10,1,10.7,0,1,0,0,0,ChIJYeHF7ni_QIYRs7B9MeGyxFM,Discovery Kids Academy Of Greater Houston,4.7,20.0,high_confidence
95077,King of Kings Child Care Center,SAN ANTONIO,13888 DREAMWOOD DR,78233 4960,5,8,6,0,0,19,1.267,0.333,140,15,0,39.0,0,1,0,0,0,ChIJYee--mGMXIYRwRc8aqHfyy0,King of Kings Lutheran Church LCMS,4.6,37.0,medium_confidence
1439540,Space City Child Care,HOUSTON,6211 BARKER CYPRESS RD STE 103,77084 1604,9,8,6,0,1,24,1.5,0.562,119,16,0,2.3,0,1,0,0,0,ChIJYwT0Y-nXQIYRmvTshFgyyEM,Space City Child Care,2.9,29.0,high_confidence
255686,Tanglewood Academy,HOUSTON,1900 BERING DR,77057 3708,0,0,0,0,0,0,0.0,0.0,136,7,0,20.8,0,0,0,0,0,ChIJYzIa9uDDQIYRkzwxeqzZWEI,Tanglewood Academy,4.7,12.0,high_confidence
1357102,Kidz Unlimited LLC,FORT WORTH,3309 WILBARGER ST,76119 3421,0,1,0,0,0,1,0.1,0.0,164,10,0,5.4,0,1,0,0,0,ChIJYzXXdA1vToYRtlaf33-LtjE,Kidz Unlimited LLC,4.4,20.0,high_confidence
1453902,Future Stars operated by La Petite Academy,AUSTIN,3819 S INTERSTATE 35,78741 7825,3,3,4,0,1,11,1.0,0.273,142,11,0,2.4,0,1,0,0,0,ChIJZ-BzFki1RIYRv5EcTYIWuBI,Future Stars Operated by La Petite Academy,4.9,11.0,high_confidence
1357480,Heavenly Hands Daycare LLC.,HOUSTON,3918 ROSEMONT ST,77051 1838,7,16,8,3,0,34,3.778,0.778,55,9,1,4.9,0,1,0,0,0,ChIJZ1h_P1qUQIYRz17tEyHMlbQ,Heavenly Hands Daycare LLC,4.9,11.0,high_confidence
136975,Montessori School on Camp Bowie,FORT WORTH,1801 ASHLAND AVE,76107 3809,2,14,10,1,0,27,2.455,0.182,76,11,0,30.9,0,0,0,0,0,ChIJZ3OGN7tzToYRFiYlsMPGfHc,The Montessori School on Camp Bowie,4.7,12.0,high_confidence
337081,Westover Learning Center,SAN ANTONIO,9340 WESTOVER HILLS BLVD,78251 2703,2,0,1,0,0,3,0.3,0.2,386,10,0,17.2,0,0,0,0,0,ChIJZ3pLA89CXIYRHgk77tDb-_0,Westover Hills Learning Center,3.2,30.0,high_confidence
1340128,Kiz Planet Learning Center,HOUSTON,10880 BISSONNET ST,77099 2166,22,28,11,2,0,63,3.316,1.158,48,19,1,4.7,0,1,0,0,0,ChIJZ4TO_1bdQIYRMBfgLs6qiMg,Kidz Planet Daycare & Learning Center,3.8,5.0,high_confidence
1289966,Elements Preschool,AUSTIN,2205 OHLEN RD,78757 7744,1,4,2,2,0,9,1.0,0.111,55,9,1,7.7,0,1,0,0,0,ChIJZ4ZR41rKRIYRBNI4FwXZnuA,Elements Preschool,5.0,8.0,high_confidence
105888,Holy Trinity Presbyterian Day,SAN ANTONIO,16245 NACOGDOCHES RD,78247 1004,6,9,5,2,0,22,1.294,0.353,80,17,0,36.8,0,0,0,0,0,ChIJZ4qOyL6NXIYRIRJvKKnFnSw,Holy Trinity Presbyterian Day School,5.0,12.0,high_confidence
1285435,Let it Shine Enrichment Academy,AUSTIN,3701 W SLAUGHTER LN,78749 5902,0,0,2,0,0,2,0.333,0.0,28,6,0,7.9,0,0,0,0,0,ChIJZ5HCwxNMW4YRVNkYP2tG6tA,Let It Shine Enrichment Academy,5.0,9.0,high_confidence
1218081,Kinney Avenue Christian Preschool,AUSTIN,1801 KINNEY AVE,78704 3321,2,11,7,0,0,20,1.176,0.118,133,17,0,9.6,0,1,0,0,0,ChIJZ6BHpiC1RIYRJ7HLIkM3ivA,Kinney Avenue Christian Preschool,4.5,24.0,high_confidence
1120832,Lost Creek Child Development Center,SAN ANTONIO,16352 JUDSON RD,78247 1401,1,2,0,0,0,3,0.333,0.111,100,9,0,11.6,0,0,0,0,0,ChIJZ7kj_HONXIYRdVJdQJeVtzc,Lost creek child development center,4.5,4.0,high_confidence
94988,Colonial Hills United Methodist School,SAN ANTONIO,5247 VANCE JACKSON RD,78230 4624,0,2,1,0,1,4,0.5,0.0,160,8,0,38.7,0,0,0,0,0,ChIJZ7mNOJBgXIYR4OFcT2xmZw8,Colonial Hills United Methodist School,4.0,9.0,high_confidence
1420725,"Owlates Childcare, LLC",SAN ANTONIO,1739 SW LOOP 410 STE 301,78227 1668,7,9,5,0,0,21,1.167,0.389,111,18,0,2.8,0,1,0,0,0,ChIJZ7xQ6nhbXIYR8deqwIwoGQw,Owlates Childcare llc,5.0,6.0,high_confidence
1492737,Colores Spanish Immersion Preschool,AUSTIN,4700 GROVER AVE,78756 3108,0,2,0,0,0,2,0.286,0.0,34,7,0,0.6,0,0,0,0,0,ChIJZ8ODEkTKRIYRIhCwqWXzXLI,Colores Spanish Immersion Preschool,5.0,3.0,high_confidence
1308797,The Next Step Learning Center LLC,SAN ANTONIO,5246 BLANCO RD,78216 7017,0,7,10,0,0,17,1.545,0.0,117,11,0,6.8,0,1,0,0,0,ChIJZ9bEu05fXIYRQOg9j8EzEFw,The Next Step Learning Center LLC,5.0,7.0,high_confidence
97411,Spring Branch KinderCare,HOUSTON,10170 EMNORA LN,77080 5002,11,21,13,2,2,49,1.96,0.44,175,25,0,39.9,1,1,0,0,0,ChIJZQW3DyHFQIYRO1-Ob-zynQg,Spring Branch KinderCare,4.0,51.0,high_confidence
148756,St. Paul Early Childhood Program,HOUSTON,18223 POINT LOOKOUT DR,77058 3516,1,10,2,0,1,14,2.8,0.2,99,5,0,28.4,0,0,0,0,0,ChIJZTFkPZadQIYRDIcubvpv_sw,St. Paul Early Childhood Program,5.0,7.0,high_confidence
1382241,Super Kids Day Care,FORT WORTH,7383 S HULEN ST,76133 6616,10,6,7,0,0,23,1.211,0.526,127,19,0,4.0,0,1,0,0,0,ChIJZUAnxaptToYRFj4-oRiFWhs,Super Kids - Hulen,4.6,53.0,medium_confidence
1504655,Memorial Summer Camps and After School-Memorial Campus,HOUSTON,8572 KATY FWY STE 103,77024 1821,5,4,2,0,0,11,1.571,0.714,120,7,0,0.0,0,0,0,0,0,ChIJZUG8doHDQIYRaLA9LOzd1KU,Elite University Summer Camps - Camp Memorial,5.0,2.0,medium_confidence
1234860,Kids Are Angels Learning Center,SAN ANTONIO,342 WHITEWOOD ST,78242 1419,15,18,6,0,0,39,1.147,0.441,99,34,0,9.4,0,1,0,0,0,ChIJZUMawU5aXIYRnU7HmnPvTZ4,Kids Are Angels Learning Center,4.2,16.0,high_confidence
1378472,Green Space Nature Preschool,FORT WORTH,2630 S POLARIS DR,76137 4803,2,3,7,1,0,13,0.812,0.125,76,16,0,4.0,0,1,0,0,0,ChIJZV0epFxxToYRvAC3NY8K934,Green Space Nature Preschool,4.7,11.0,high_confidence
1301191,Great Expectations Learning Center,HOUSTON,7055 HIGHWAY 6 S,77083 3305,3,5,1,1,0,10,1.667,0.5,139,6,0,7.2,0,1,0,0,0,ChIJZVQN-NjdQIYR6TOVnidOS7A,Great Expectations Learning Center TRS 4 STARS,4.5,36.0,high_confidence
1342509,Angel's Childcare,SAN ANTONIO,539 KATHY DR,78223 1279,6,18,13,1,0,38,1.81,0.286,18,21,0,5.5,0,1,0,0,0,ChIJZW-i77X3XIYR6eHH7AUSzrE,Angel's Childcare,3.0,5.0,high_confidence
1337706,KCE Champions LLC @ Beta Flagship,HOUSTON,10929 ALMEDA GENOA RD,77034 3617,1,0,0,0,0,1,0.143,0.143,340,7,0,5.9,1,0,0,0,0,ChIJZW7AzbmZQIYRNSZfLvcGnc4,Champions at Beta Flagship,3.7,3.0,high_confidence
296629,Smart Start Child Care,SAN ANTONIO,1514 S GEVERS ST,78210 2448,1,6,4,0,1,12,1.5,0.125,35,8,1,18.9,0,1,0,0,0,ChIJZWOrAUL2XIYRr_dt7n631EA,Smart Start Child Care,4.6,10.0,high_confidence
1370656,"Academy of Little Achievers, LLC",HOUSTON,8238 TIDWELL RD,77028 1120,32,52,30,2,0,116,2.367,0.653,41,49,3,3.7,0,0,1,0,0,ChIJZXRbC5G7QIYRvM_BXPfhlsM,Academy of Little Achievers #3,5.0,3.0,high_confidence
131719,Joanns Day Care and Camp,HOUSTON,12510 UNISON RD,77044 2324,6,19,8,0,0,33,1.941,0.353,223,17,0,32.0,0,1,0,0,0,ChIJZYL1CzylQIYRM-m3HxQUPLs,Joann's Day Care,3.6,34.0,medium_confidence
293203,Sharpstown KinderCare,HOUSTON,6767 ROOKIN ST,77074 5017,28,57,24,4,6,119,3.132,0.737,102,38,7,19.7,0,1,0,0,0,ChIJZ_ED-zjCQIYRLogWZmA1gG8,Sharpstown KinderCare,4.4,59.0,high_confidence
1505493,RIG Kidz Academy,HOUSTON,3730 S ACRES DR,77047 1020,0,2,1,0,0,3,0.375,0.0,142,8,0,0.2,0,0,0,0,0,ChIJZaMbSW-VQIYR4fJ-VRdzjmg,RIG Kidz Academy,5.0,6.0,high_confidence
1350735,Lil Indians Learning Center LLC,SAN ANTONIO,6003 RETURN DR,78214 2163,0,2,0,0,0,2,0.286,0.0,48,7,0,5.8,0,1,0,0,0,ChIJZac4zWdYXIYRDcR0z3KF6Uw,Little Aly's Learning Center,5.0,6.0,medium_confidence
1350378,Little Treehouse Early Learning Center #2,SAN ANTONIO,8373 CULEBRA RD STE 102B,78251 1890,2,4,2,1,0,9,0.75,0.167,78,12,1,5.1,0,1,0,0,0,ChIJZbB9eyVdXIYR29p2otw8Yuw,Little Treehouse Early Learning Center #2,3.7,24.0,high_confidence
1470027,First Class Childcare Center,HOUSTON,14159 NORTHWEST FWY,77040 5013,1,0,0,0,0,1,0.143,0.143,65,7,0,1.5,0,1,0,0,0,ChIJZcUxYLXRQIYR292P0hC8gb8,First Class Child Care Center,5.0,9.0,high_confidence
1504330,Casa Meraki School,AUSTIN,6915 MCNEIL DR,78729 7685,0,0,0,0,0,0,0.0,0.0,51,5,0,0.1,0,0,0,0,0,ChIJZcfNtB_NRIYRCklAX5UYTVY,Casa Meraki Montessori Daycare and Preschool,4.9,30.0,medium_confidence
148217,Discovery Years Learning Center,HOUSTON,6847 ADDICKS SATSUMA RD,77084 1515,1,5,0,2,0,8,0.889,0.111,95,9,3,28.3,0,1,0,0,0,ChIJZe1HcbjQQIYRB4YDwsVeRls,Discovery Years Early Learning Center - Copperfield,4.9,54.0,medium_confidence
1516011,Rising Star Childcare,HOUSTON,921 FM 196O RD W.,77090,2,4,4,0,2,12,4.0,0.667,64,3,0,0.1,0,0,0,0,0,ChIJZeG1_VLLQIYRNmugimnXu-Y,Rising Star Child Care Center,5.0,9.0,medium_confidence
316874,Adventure Kids Playcare,DALLAS,5915 FOREST LN STE 330,75230 2883,6,12,10,1,1,30,1.765,0.353,91,17,0,16.9,0,0,0,0,0,ChIJZebea5EgTIYRtANSQ3zCxu8,Adventure Kids Playcare | North Dallas,3.7,98.0,medium_confidence
1179658,T.O.P. Learning Center,SAN ANTONIO,8240 CULEBRA RD,78251 1635,8,17,4,0,0,29,1.318,0.364,47,22,0,9.7,0,1,0,0,0,ChIJZxiA9CVdXIYRstkuUfnkyPc,Temple of Praise Learning Center,3.9,15.0,medium_confidence
941470,Kiddies Excel Academy,HOUSTON,3330 S DAIRY ASHFORD RD STE D,77082 5554,9,14,17,3,1,44,5.5,1.125,85,8,2,13.7,0,1,0,0,0,ChIJZxnko1fcQIYRjhoU-XBKKqI,Kiddies Excel Academy,3.4,8.0,high_confidence
1494562,Tiny Tots Childcare LLC,DALLAS,3474 HIGHLAND RD STE 100,75228 6013,0,1,2,0,0,3,0.5,0.0,40,6,0,0.4,0,0,0,0,0,ChIJZy0R1dmTToYRa2hkBO8F0tU,Tiny Tots University LLC,5.0,72.0,medium_confidence
147196,Thelma Cares Academy,HOUSTON,7343 ALABONSON RD,77088 5304,4,4,5,1,0,14,1.556,0.444,100,9,1,27.8,0,1,0,0,0,ChIJZyPlrk7PQIYRbhZ778eWvR8,Thelma Cares Academy,3.9,25.0,high_confidence
1213501,The Little Learning Place,HOUSTON,965 PINEMONT DR,77018 1401,4,15,3,0,0,22,2.0,0.364,61,11,0,9.7,0,0,0,0,0,ChIJZyhBvMDHQIYRQ8_aVIb0QHU,The Little Learning Place,4.5,16.0,high_confidence
1458061,Promise Kids Learning Academy,HOUSTON,11221 BISSONNET ST,77099 2047,5,6,8,0,1,20,2.222,0.556,113,9,0,1.8,0,1,0,0,0,ChIJ_17vJD_dQIYR_JWLgsOD5VA,Promise Kids Learning Academy,4.5,35.0,high_confidence
367588,KCE Champions LLC @ Moore Elementary,HOUSTON,8880 SOUTHBLUFF BLVD,77089 1035,0,1,0,0,0,1,0.143,0.0,50,7,0,16.9,0,0,0,0,0,ChIJ_1kHBRaXQIYRGNHUDXIHiOY,Champions at Moore Elementary,5.0,2.0,high_confidence
1383008,The Goddard School of Fort Worth,FORT WORTH,8600 CURRENCY DRIVE,76131,8,1,1,0,0,10,0.4,0.32,194,25,0,4.0,0,1,0,0,0,ChIJ_3QYfh3ZTYYRGBysVaNwGh8,The Goddard School of Fort Worth - Northwest,4.5,47.0,high_confidence
1289183,Francois Academy Early Education,HOUSTON,1201 E AIRTEX DR STE F,77073 6331,2,3,1,2,0,8,1.0,0.25,81,8,1,7.8,0,1,0,0,0,ChIJ_4-EyXPKQIYRw_nGt4xd7uM,Francois Academy Early Education,4.5,33.0,high_confidence
1364247,Star Kiddos Child Care Center,HOUSTON,1855 BARKER CYPRESS RD,77084 7209,27,17,10,0,0,54,2.0,1.0,85,27,1,4.1,0,1,0,0,0,ChIJ_4Jwav3YQIYRBTM_aErC7Mc,Star Kiddos Daycare Center,3.3,39.0,medium_confidence
1402495,Starting Point Childrens Center,HOUSTON,11025 RANCHSTONE DR,77064 7088,6,26,11,0,1,44,2.095,0.286,184,21,0,3.0,1,1,0,0,0,ChIJ_6VZ3LfRQIYRXQ3hrEVtqO0,Starting Point Children's Center,4.1,26.0,high_confidence
858578,All Star Kids Academy,HOUSTON,12610 RICHMOND AVE,77082 2242,4,5,2,0,1,12,1.0,0.333,68,12,1,14.2,0,1,0,0,0,ChIJ_76HtFncQIYRnaUUaFI2L7s,All Star Kids Academy,4.2,46.0,high_confidence
1428578,Little Blooms Academy,HOUSTON,6415 SAN FELIPE ST STE D,77057 2700,1,4,4,0,1,10,1.111,0.111,64,9,0,2.3,0,1,0,0,0,ChIJ_7IiUOvDQIYR-4SZCLpsW18,Little Blooms Academy,4.5,46.0,high_confidence
1189919,First Class Child Development Center 3,AUSTIN,1901 NATIONAL PARK BLVD,78747,2,4,1,0,0,7,0.467,0.133,99,15,0,9.8,0,1,0,0,0,ChIJ_Q2XuUxMW4YRYxaIPd6q7jE,First Class Child Development Center,3.0,32.0,high_confidence
1132870,Little America Daycare,FORT WORTH,933 RANCH RD,76131 4527,14,17,12,0,0,43,1.87,0.609,110,23,0,11.4,0,1,0,0,0,ChIJ_RG-WhHfTYYRn-PI-GZFN34,Little America Daycare,4.5,39.0,high_confidence
1269750,America's Choice Children Center,HOUSTON,1910 S DAIRY ASHFORD RD,77077 4704,12,18,6,0,0,36,1.895,0.632,152,19,0,8.4,0,1,0,0,0,ChIJ_RXdQ2LcQIYR3KSrXwiLFmA,America's Choice Childcare Center - Briarforest,4.2,45.0,medium_confidence
96652,La Petite Academy Marbach,SAN ANTONIO,8796 MARBACH RD,78227 2345,20,32,25,1,1,79,1.612,0.408,120,49,1,39.3,1,1,1,0,0,ChIJ_Wo8IKtcXIYRwTc08G87XC4,La Petite Academy on Marbach,3.7,49.0,high_confidence
1294143,Mama Melli Childcare Center,AUSTIN,10802 KIT CARSON DR,78737 9268,4,0,2,0,0,6,0.6,0.4,34,10,1,7.6,0,0,0,0,0,ChIJ_WyQf4dLW4YR2GWJQq05rQM,Mama Melli Childcare Center,4.9,26.0,high_confidence
1361438,Early Ivy Education - Live Oak,SAN ANTONIO,13134 INDEPENDENCE AVE,78233 4641,5,3,1,0,1,10,0.588,0.294,97,17,0,4.2,0,1,0,0,0,ChIJ__-Py_qMXIYRuqJvu_EAzRE,Early Ivy Education,4.8,24.0,medium_confidence
106022,Covenant United Methodist Church Preschool,AUSTIN,4410 DUVAL RD,78727 6808,0,1,1,0,0,2,0.333,0.0,49,6,0,35.7,0,0,0,0,0,ChIJ__9v82fMRIYRFBb8kx1C0pI,Covenant United Methodist Church Preschool,5.0,5.0,high_confidence
1476106,River Ridge YMCA of Central Texas,AUSTIN,12900 TIERRA GRANDE TRL,78732 2464,0,0,0,0,0,0,0.0,0.0,150,16,0,1.6,0,1,0,0,0,ChIJ__UzHbK1RIYREmDSjs8FMDI,Greater Austin YMCA - Central Offices,4.0,4.0,medium_confidence
1313506,Prodigal Sons & Daughters,SAN ANTONIO,3203 NACOGDOCHES RD STE 200,78217 3312,10,17,11,3,0,41,1.414,0.345,24,29,1,6.2,0,1,0,0,0,ChIJ___PcymLXIYRplGCjBAJPdo,Prodigal Sons & Daughters Learning Center,4.3,12.0,medium_confidence
1457033,Jumping Kangaroos Daycare LLC,SAN ANTONIO,9410 ADAMS HILL DR,78245 2005,21,75,21,0,0,117,0.736,0.132,81,159,3,2.0,0,1,0,0,0,ChIJ___j5eZDXIYRxGA9_bx8JKY,Jumpingkangaroos Daycare LLC,4.4,49.0,high_confidence
94796,Marquita KinderCare,FORT WORTH,3700 MARQUITA DR,76116 7005,7,8,5,0,0,20,0.667,0.233,153,30,0,40.1,1,1,0,0,0,ChIJ_cRmXSkNToYRjLTsK_Wg6fQ,Marquita KinderCare,4.0,25.0,high_confidence
103949,"Country Home Learning Center #2, LTD",SAN ANTONIO,104 GALLERIA FAIR,78232 2258,1,1,0,0,0,2,0.118,0.059,301,17,0,37.9,0,1,0,0,0,ChIJ_ffHvwyKXIYRGvpQvHYQfJc,Country Home Learning Center at Hollywood Park,4.3,68.0,medium_confidence
130555,Fort Worth - Save Our Children,FORT WORTH,4215 AVENUE M,76105 2615,0,4,3,1,0,8,1.0,0.0,121,8,1,32.5,0,1,0,0,0,ChIJ_xPLnYN6ToYR9iqDPFkT4Co,Ft Worth Save Our Children,4.7,14.0,high_confidence
1492394,Wiggles Early Learning Academy,SAN ANTONIO,7790 MAINLAND DR,78250 6035,4,15,1,0,0,20,1.538,0.308,99,13,0,0.1,0,1,0,0,0,ChIJ_ytp-U5nXIYRqKB_ZSC0-ec,Wiggles Early Learning Academy,4.3,22.0,high_confidence
1342406,Reaching High Learning Center,HOUSTON,4302 DELHI ST,77022 4042,1,10,6,1,0,18,2.571,0.143,44,7,1,5.8,0,1,0,0,0,ChIJa-hzFo_HQIYRielxPaAqOEM,Reaching High Learning Center (Childcare on a higher level),5.0,13.0,medium_confidence
1330755,International Montessori House of Children,AUSTIN,12412 TOMANET TRL,78758 2412,1,6,4,0,1,12,1.333,0.111,51,9,0,6.5,0,0,0,0,0,ChIJa0WpoY7MRIYRw9KTZ7SByac,International Montessori - North Austin Campus,4.8,28.0,medium_confidence
1349062,The Pineapple School - Camp Bullis,SAN ANTONIO,6185 CAMP BULLIS RD,78257 9730,3,2,0,0,0,5,0.417,0.25,282,12,0,5.3,0,0,0,0,0,ChIJa0bFeURlXIYRBDveXCu7tYc,The Pineapple School - Camp Bullis,4.0,12.0,high_confidence
1310804,The Preschool at Christ the King,HOUSTON,1201 SILBER RD,77055 7127,0,1,1,0,0,2,0.286,0.0,60,7,0,7.0,0,0,0,0,0,ChIJa1e5TDPHQIYRNRdSenpZStY,Christ the King Presbyterian Church,4.6,53.0,medium_confidence
1152532,Pre-K 4 SA East Education Center,SAN ANTONIO,5230 EISENHAUER RD,78218 3869,6,8,4,0,0,18,0.75,0.25,550,24,0,10.9,0,0,0,0,0,ChIJa4G1tW7zXIYR3cNgKXlHHuw,Pre-K 4 SA - East Education Center,4.1,28.0,high_confidence
1480322,Luna Daycare,DALLAS,7011 MILITARY PKWY,75227 3804,10,16,5,1,0,32,1.882,0.588,27,17,0,0.8,0,1,0,0,0,ChIJa5-ZsN2jToYRZHL5QK8blg4,Luna DayCare,5.0,10.0,high_confidence
1103908,Klever Kids Learning Academy LLC,HOUSTON,14503 BAMMEL NORTH HOUSTON RD STE 370,77014 1130,4,5,4,4,0,17,1.545,0.364,97,11,2,12.4,0,1,0,0,0,ChIJa52kW2XMQIYR9OWRpa4yuSk,Klever Kids Learning Academy,5.0,3.0,high_confidence
482009,Bonne Vie School,HOUSTON,4711 INGERSOLL ST,77027 6601,0,1,3,0,0,4,0.8,0.0,42,5,0,16.1,0,0,0,0,0,ChIJa5Hz1gzBQIYRTluwjWI-71c,Bonne Vie School,5.0,1.0,high_confidence
1465815,TALENTS CHILD CARE CENTER # 2,HOUSTON,8511 N HOUSTON ROSSLYN RD STE 150,77088 6435,2,3,0,0,0,5,0.5,0.2,116,10,0,1.6,0,1,0,0,0,ChIJa9RbWZfPQIYRWNyvkR7tt68,TALENTS CHILD CARE CENTER #2,1.0,2.0,high_confidence
1310185,Sunshine Montessori,FORT WORTH,7928 PARKWOOD HILL BLVD,76137 4318,7,21,4,0,0,32,1.231,0.269,120,26,0,6.8,0,1,0,0,0,ChIJaST6I5PXTYYRPuPvE9C0L_E,Sunshine Montessori Preschool & Child Care Center,4.7,105.0,medium_confidence
203121,Children's Courtyard,AUSTIN,4213 SPICEWOOD SPRINGS RD,78759 8610,14,24,4,0,1,43,1.0,0.326,396,43,1,22.9,0,1,1,0,0,ChIJaTB0aGzLRIYRtXnUC7ucVfI,The Children's Courtyard on Spicewood Springs Road,3.7,44.0,medium_confidence
267773,Teeter Totter Child Care Center,SAN ANTONIO,6031 S FLORES ST STE 101,78214 2360,0,0,1,0,0,1,0.2,0.0,49,5,0,20.8,0,1,0,0,0,ChIJaTNhz3FYXIYRfAYEFXDmd1o,Teeter Totter Childcare,5.0,13.0,medium_confidence
399748,Escuelita Del Alma,AUSTIN,3613 BLUESTEIN DR,78721 2900,1,13,5,0,0,19,2.111,0.111,224,9,0,17.1,0,1,0,0,0,ChIJaWbNd421RIYRgOrc_k1KAYk,Escuelita Del Alma,4.5,38.0,high_confidence
1279483,Precious Kargo Academy,DALLAS,802 S BECKLEY AVE,75203 2806,1,3,1,0,0,5,0.5,0.1,133,10,0,7.4,0,1,0,0,0,ChIJaYNlOcOZToYRJcVyJ74Ow80,Precious Kargo Academy- 24/7 Childcare Dallas,3.9,106.0,medium_confidence
101519,The Bear Creek KinderCare,HOUSTON,17527 W LITTLE YORK RD,77084 6306,4,7,5,0,1,17,1.0,0.235,135,17,0,39.9,1,1,0,0,0,ChIJaw5iT2_XQIYR-61hkSbFVSU,The Bear Creek KinderCare,4.6,33.0,high_confidence
672329,Childrens Discovery Center,AUSTIN,3515 CONVICT HILL RD,78749 2521,6,9,4,0,0,19,1.188,0.375,109,16,0,15.1,0,0,0,0,0,ChIJazHjcYNLW4YROlRLQ8oLPAk,Children's Discovery Center South,4.0,31.0,high_confidence
95508,Fort Worth Museum Preschool,FORT WORTH,1600 GENDY ST,76107 4062,0,0,0,0,0,0,0.0,0.0,105,6,0,39.7,0,0,0,0,0,ChIJb-dqJcFzToYRGq4ThnYx0is,Fort Worth Museum of Science and History,4.4,5207.0,medium_confidence
96496,Spring Valley United Methodist,DALLAS,7700 SPRING VALLEY RD,75254 2840,0,3,1,1,0,5,0.714,0.0,112,7,1,39.9,1,0,0,0,0,ChIJb2-_7EogTIYRAvOW-BIx_BU,Spring Valley United Methodist Church,4.9,8.0,high_confidence
1468958,Growth Academy Courage,HOUSTON,4304 LA BRANCH ST,77004,3,3,2,0,0,8,1.0,0.375,105,8,0,1.3,0,1,0,0,0,ChIJb2gZbAC_QIYRUJ4wEwkcTUI,Growth Academy,5.0,38.0,medium_confidence
1519901,Kido International Preschool Midtown,HOUSTON,3401 LOUISIANA ST,77002 9556,0,1,0,0,0,1,0.333,0.0,156,3,0,0.0,0,0,0,0,0,ChIJb3G41AO_QIYRAb8VjvAvW74,Kido Midtown International Preschool & Daycare,5.0,6.0,high_confidence
1249317,YMCA of Metropolitan Dallas Park Cities Rise School,DALLAS,6000 PRESTON RD,75205 2020,0,5,1,0,0,6,0.6,0.0,68,10,0,8.9,1,0,0,0,0,ChIJb4-jevCeToYRsAAIMdf-sP8,Moody Family YMCA in the Park Cities,4.6,343.0,medium_confidence
1430876,Golden Eagle Program,DALLAS,3721 W CAMP WISDOM RD,75237 2509,7,14,5,0,0,26,2.364,0.636,83,11,1,3.0,0,1,0,0,0,ChIJb4KxFn2RToYRvmcipGImZq0,Golden Eagle Program,4.8,5.0,high_confidence
1304098,YMCA Day Camp @ West Orem,HOUSTON,5801 W OREM DR,77085 1267,4,6,4,1,0,15,1.875,0.5,260,8,1,7.7,0,1,0,0,0,ChIJb6wKeM3rQIYR4tCUmZ4QfWk,West Orem Family YMCA,4.5,110.0,medium_confidence
94693,Madonna Center,SAN ANTONIO,1906 CASTROVILLE RD,78237 3626,15,14,4,0,0,33,0.75,0.341,204,44,0,40.2,0,1,0,0,0,ChIJb7t8SVFZXIYRg5Br-qr98bM,Madonna Neighborhood Center,4.3,128.0,medium_confidence
359288,Kollege 4 Kidz Learning Center,HOUSTON,9999 W MONTGOMERY RD STE D,77088 3100,6,6,9,1,0,22,2.444,0.667,104,9,1,16.9,0,1,0,0,0,ChIJb8WZQevIQIYRTM_dQSe8q5A,Kollege 4 Kidz,5.0,6.0,medium_confidence
97753,Walkers Day Care,HOUSTON,8432 LIVINGSTON ST,77051 1423,9,14,10,3,0,36,2.571,0.643,52,14,2,39.2,0,1,0,0,0,ChIJb9Cg72eVQIYRnyNoMAnGgMw,Walker's Day Care Center Inc,2.3,31.0,medium_confidence
1246728,The Goddard School,HOUSTON,3655 BARKER CYPRESS RD,77084 3928,4,4,1,0,1,10,0.769,0.308,156,13,0,9.1,0,1,0,0,0,ChIJb9GEXLPZQIYRnjCZu1QXXaY,The Goddard School of Houston - Barker Cypress,4.9,39.0,medium_confidence
1373248,Happy Kids Day Care,AUSTIN,5709 MANOR RD,78723 3626,2,15,7,4,0,28,2.545,0.182,47,11,3,4.8,0,1,0,0,0,ChIJbSBRdeHJRIYRHa4jtyW-25c,Happy Kids,4.6,7.0,medium_confidence
1498913,The Learning Experience,HOUSTON,16216 MOON ROCK DR,77062 6261,0,1,0,1,0,2,0.25,0.0,167,8,1,0.3,0,0,0,0,0,ChIJbSHKBiudQIYR5VTJy26flKM,The Learning Experience - Clear Lake,4.8,31.0,medium_confidence
257924,Tot Spot Learning Center,SAN ANTONIO,6503 S FLORES ST,78214 2627,6,13,6,3,0,28,1.647,0.353,34,17,2,21.1,0,1,0,0,0,ChIJbU1cNXJYXIYRJr0B2WR_emI,Tot Spot Learning Center,4.1,17.0,high_confidence
1410219,Anderson Mill KinderCare,AUSTIN,9706 ANDERSON MILL RD,78750 2226,4,5,1,1,0,11,0.688,0.25,144,16,0,3.0,0,0,0,0,0,ChIJbUS3l7EzW4YRHk7REQPyonc,Anderson Mill KinderCare,4.1,25.0,high_confidence
1195318,Challenger School,AUSTIN,13015 POND SPRINGS RD,78729 7606,0,0,2,0,0,2,0.333,0.0,270,6,0,9.9,0,0,0,0,0,ChIJbVl8wyXNRIYR8DkT67Uzyvk,Challenger School - Pond Springs,4.8,16.0,medium_confidence
1334733,MOLO Bilingual Montessori School,HOUSTON,3535 WILCREST DR,77042 4868,7,13,9,4,1,34,3.091,0.636,240,11,1,6.0,0,0,0,0,0,ChIJbVm0tgTdQIYRCYXKLzXs1V8,MOLO Bilingual Montessori School,4.8,26.0,high_confidence
350744,Elena's Day Care,HOUSTON,12543 WESTELLA DR STE A,77077 3931,5,10,5,1,1,22,2.444,0.556,73,9,2,17.1,0,1,0,0,0,ChIJbXVtiGLcQIYRL_9qYuo29ZE,Elena's Day Care & Learning Center,4.4,47.0,medium_confidence
101244,Robindell Private School,HOUSTON,6610 ALDER DR,77081 5202,8,2,3,0,1,14,0.341,0.195,999,41,0,40.0,0,1,0,0,0,ChIJbY4kUCbCQIYRHVGtTQ8XpUE,Robindell Private School,3.5,112.0,high_confidence
1396662,Shining Star Kids,HOUSTON,15226 WEST RD,77095 1916,3,11,4,1,0,19,1.9,0.3,79,10,0,3.3,0,1,0,0,0,ChIJbYN7owTRQIYReSQxjPFeGcI,Shining Star Kids,4.9,51.0,high_confidence
1492680,The Learning Experience,AUSTIN,11624 ANDERSON MILL RD,78750,0,1,0,0,0,1,0.111,0.0,231,9,0,0.6,0,0,0,0,0,ChIJbZ0uyiMzW4YRc9QqoEYTViM,The Learning Experience - Anderson Mill,5.0,54.0,medium_confidence
1343745,Mariposa Family Learning Center,AUSTIN,403 VARGAS RD,78741 2454,1,5,12,0,1,19,1.727,0.091,24,11,0,5.0,0,1,0,0,0,ChIJbZloWzW3RIYRKLI0YzRaJ90,Mariposa Family Learning Center,5.0,1.0,high_confidence
1245731,Beautiful Beginners Christian Academy #2,DALLAS,1600 PENNSYLVANIA AVE,75215 3239,3,5,0,0,0,8,1.0,0.375,35,8,0,9.1,0,1,0,0,0,ChIJbZm3K-qZToYR6xz4YgibugQ,Beautiful Beginners Christian Academy,5.0,10.0,high_confidence
1519527,My Small Wonders #308,FORT WORTH,700 W BONDS RANCH RD,76131 3906,2,0,1,0,0,3,0.75,0.5,196,4,1,0.0,0,0,0,0,0,ChIJbcdKp6DfTYYR9pjXwGAVWXc,My Small Wonders,3.3,21.0,high_confidence
1005110,Kids R Happy,HOUSTON,10502 GRANT RD,77070 4408,5,11,9,2,0,27,2.7,0.5,68,10,2,13.2,0,0,0,0,0,ChIJbdoDjRPSQIYRJ5h6yy8x9y8,Kids R Happy daycare,4.9,51.0,medium_confidence
1241691,Kid's Campus Child Care,SAN ANTONIO,7271 WURZBACH RD STE 125,78240 4718,1,3,6,0,0,10,0.833,0.083,101,12,0,9.7,0,1,0,0,0,ChIJbdvN4fBdXIYRS14vASBk3Gg,Kids' Campus ChildCare,4.8,40.0,medium_confidence
94239,ChildCareGroup at Landauer,DALLAS,4539 MUNGER AVE,75204 4775,4,6,2,0,0,12,1.2,0.4,74,10,1,39.4,1,0,0,0,0,ChIJbeWXTc2YToYRTgobRa79dIU,Child Care Group,4.1,7.0,medium_confidence
1507137,Knowledge Krate Early Learning Center,HOUSTON,7424 FAIRBANKS N HOUSTON RD,77040 2502,0,1,1,0,0,2,0.5,0.0,101,4,0,0.0,0,0,0,0,0,ChIJbw9pmufPQIYR_UciCLoqHak,The Knowledge Krate Early Learning Center,5.0,2.0,high_confidence
94225,Bethel Early Learning Center,DALLAS,11211 E NORTHWEST HWY,75238 3826,3,5,7,0,0,15,1.667,0.333,100,9,0,39.9,0,0,0,0,0,ChIJbwqot-egToYR1dFSr3bmAS0,Bethel Early Learning Center,3.8,5.0,high_confidence
1127929,New Adventures Learning Center/Child Care,HOUSTON,1515 ELTON ST,77034 1022,6,18,12,3,0,39,3.25,0.5,69,12,1,11.6,0,1,0,0,0,ChIJbxX4DZiXQIYRUu3WO3KMvPo,New Adventures day care,3.6,17.0,medium_confidence
224614,New Covenant Christian Church Daycare,HOUSTON,10603 BLACKHAWK BLVD BLDG B,77089 2831,1,1,13,1,0,16,2.667,0.167,59,6,0,22.2,0,1,0,0,0,ChIJc23eT7KQQIYR1DSt7eIJnqM,New Covenant Christian Church,4.6,27.0,high_confidence
516688,KLC School Partnerships DBA Champions at Daily Elementary,HOUSTON,12909 BRIAR FOREST DR,77077 2005,4,7,8,1,0,20,2.0,0.4,75,10,2,15.9,0,0,0,0,0,ChIJc287YHDcQIYRtSmE6mMECRA,Champions at Daily Elementary,5.0,5.0,medium_confidence
1283095,KCE Champions LLC @ ILTX-Saginaw,FORT WORTH,500 OLD DECATUR RD,76179,2,2,1,1,0,6,0.6,0.2,119,10,0,7.9,0,1,0,0,0,ChIJc3ISk37fTYYRlwa1xXf9h-Y,Champions at International Leadership of Texas - Saginaw K-8,4.4,9.0,medium_confidence
1343805,Tree House Christian Learning Center,SAN ANTONIO,6035 FM 78 BLDG 2,78244 1010,14,33,11,1,0,59,1.639,0.389,99,36,1,5.3,0,1,0,0,0,ChIJc492KRrzXIYR4aZvpsnIxIw,TreeHouse Christian Learning Center,3.7,3.0,high_confidence
1250932,Smile of A Child Learning Center,DALLAS,515 N SAINT AUGUSTINE DR,75217 4110,0,2,1,0,0,3,0.375,0.0,33,8,1,9.3,0,1,0,0,0,ChIJc49tbFO7ToYRNYx8PxaqoyM,Smile Of A Child Learning Center,4.4,18.0,high_confidence
1229043,Green Sprout Preschool,AUSTIN,2108 E M FRANKLIN AVE,78723 5833,4,3,3,1,0,11,0.917,0.333,96,12,1,10.0,0,0,0,0,0,ChIJc53W1Qm2RIYR9NFpOV3JNl4,Green Sprout Preschool,5.0,7.0,high_confidence
286004,Mi Casa Child Care Center,SAN ANTONIO,8875 TIMBER PATH,78250 4342,9,8,2,0,0,19,0.559,0.265,200,34,0,19.9,0,1,0,0,0,ChIJc73moEpdXIYR2Y8XX_3aLyo,Mi Casa Child Center,4.7,47.0,high_confidence
1129755,Future Moguls Learning Center,SAN ANTONIO,5203 EISENHAUER RD STE 101,78218 3865,5,7,2,0,0,14,0.7,0.25,84,20,1,11.0,0,1,0,0,0,ChIJc8YPN3_zXIYRo8gjGBN2LBQ,Future Moguls Learning Center,4.2,49.0,high_confidence
1506801,Learn & Play Academy,HOUSTON,9022 LONG POINT RD,77055 4610,2,0,0,0,0,2,0.5,0.5,75,4,0,0.4,0,0,0,0,0,ChIJc9B41C7EQIYR8XLRqUBXmHU,Learn & Play Academy,4.8,25.0,high_confidence
1254612,Perfect Praise Academy,FORT WORTH,2409 LOUISIANA AVE,76104 6402,1,1,1,0,0,3,0.231,0.077,81,13,0,8.3,1,1,0,0,0,ChIJcQI717pxToYRR2e22Y_012g,Perfect Praise Academy,3.7,9.0,high_confidence
206261,All My Children,SAN ANTONIO,627 N GENERAL MCMULLEN DR,78228 6216,6,11,4,1,0,22,1.692,0.462,80,13,1,22.8,0,1,0,0,0,ChIJcQqbrb9eXIYREWvBCg3c_o4,All my Children Daycare,3.5,11.0,medium_confidence
1280565,Ages & Stages Learning Academy,SAN ANTONIO,1630 WHITMAN AVE,78211 3060,1,6,3,1,0,11,1.1,0.1,68,10,0,7.5,0,1,0,0,0,ChIJcQuZs_9ZXIYRS1EZjXPzCaY,Ages & Stages Learning Academy,3.4,14.0,high_confidence
151523,St Lukes Child Dev Ctr,SAN ANTONIO,4603 MANITOU,78228 1835,0,2,3,0,0,5,0.625,0.0,32,8,0,28.0,0,0,0,0,0,ChIJcR8lTt5dXIYRy7ufExDC43E,St Luke Catholic Church Day Care,5.0,7.0,medium_confidence
96447,University Methodist Primary School,SAN ANTONIO,5084 DE ZAVALA RD,78249 2025,0,1,0,0,0,1,0.111,0.0,380,9,0,39.9,1,0,0,0,0,ChIJcT6YNtpmXIYRi4LDwERJneg,University Methodist Primary School,5.0,58.0,high_confidence
1441232,Kbeez Learning Academy,HOUSTON,13214 LONG GLEN DR,77039 2500,3,8,6,0,1,18,1.636,0.273,98,11,0,2.2,0,1,0,0,0,ChIJcTaX3B-3QIYRlu6HZha1U3g,Kbee'z Learning Academy,5.0,11.0,high_confidence
324875,Jensen Drive Head Start,HOUSTON,2702 ALDINE WESTFIELD RD,77093 6713,2,3,5,1,0,11,0.917,0.167,211,12,0,17.9,1,0,0,0,0,ChIJcV7a17e5QIYRD5uzpLPbyio,Jensen Drive Head Start,2.8,9.0,high_confidence
127106,The Yellow School,HOUSTON,11612 MEMORIAL DR,77024 7207,2,3,1,0,0,6,0.667,0.222,85,9,0,33.3,1,0,0,0,0,ChIJcWItc3fDQIYRZR9H7EVB2Aw,Yellow School-MDPC,5.0,1.0,medium_confidence
1347624,Heights Garden Montessori,HOUSTON,1505 W 25TH ST,77008 1516,1,13,10,1,0,25,2.273,0.091,57,11,1,5.3,0,0,0,0,0,ChIJcWKmx_THQIYRW4USRfjPpo0,Garden Montessori Schools - Heights,5.0,2.0,high_confidence
1417127,Alphabest @ CityScape-Early Childhood Center,DALLAS,6015 LINDSLEY AVE,75223 1461,1,2,2,0,0,5,0.5,0.1,51,10,0,2.9,0,0,0,0,0,ChIJcWT0BOqjToYRJsvOF7LnYfA,CityScape Early Childhood Center,3.7,13.0,high_confidence
1424640,Growing Minds Academy,HOUSTON,6955 BARKER CYPRESS RD,77084 1087,6,6,7,1,2,22,2.2,0.6,90,10,0,2.5,0,1,0,0,0,ChIJcWm0zbXXQIYRnwgPPYEjXks,Growing Minds Academy & Daycare,5.0,23.0,high_confidence
1267605,Lumin Bachman Lake Community School,DALLAS,9507 OVERLAKE DR,75220 5925,3,4,2,0,1,10,1.429,0.429,58,7,0,8.0,0,0,0,0,0,ChIJcXDsFKqdToYRvHtv0AkqXz4,Lumin Bachman Lake Community School,5.0,1.0,high_confidence
1386104,Parent/Child Inc Midcrown Head Start ELC,SAN ANTONIO,8003 MIDCROWN DR,78218 2335,2,4,6,1,0,13,0.867,0.133,100,15,2,3.9,0,0,0,0,0,ChIJc_MqMjlZXIYR0vJhYA_yX7M,Parent/Child Inc-Headstart Center,4.5,4.0,medium_confidence
205096,Davids Place Head Start,DALLAS,1000 S CARROLL AVE,75223 2876,0,0,0,0,0,0,0.0,0.0,190,9,0,23.0,0,0,0,0,0,ChIJcaaQMb2YToYRVVFRnz8J4Oc,Head Start-Greater Dallas,4.4,20.0,medium_confidence
243325,Educare Child Care #7,SAN ANTONIO,246 FAIR AVE,78223 1016,4,3,5,0,0,12,1.2,0.4,55,10,0,20.8,0,1,0,0,0,ChIJcdGhhS32XIYRNdbPFiXBacA,Educare Childcare Inc,4.4,14.0,medium_confidence
1523013,enCourage Preschools Hulen,FORT WORTH,7100 S HULEN ST,76133 6609,0,1,0,0,0,1,1.0,0.0,44,1,0,0.0,0,0,0,0,0,ChIJcfFwyfNtToYRdiUbT54ewys,enCourage Preschool Fort Worth,5.0,7.0,medium_confidence
1412759,Dulcinea Spanish Learning Center,SAN ANTONIO,9950 SAN PEDRO AVE,78216 4436,0,7,3,1,0,11,0.611,0.0,94,18,0,3.0,0,1,0,0,0,ChIJcx_WUO1fXIYRUxnGUPVy5Cs,Dulcinea Spanish Learning Center,4.7,52.0,high_confidence
1516677,Little Aces Learning Academy,DALLAS,417 W OHIO AVE,75224 2807,1,0,1,0,0,2,0.5,0.25,85,4,0,0.0,0,0,0,0,0,ChIJcxhgAACZToYRJ27L153ofRU,Little Aces Learning Academy,5.0,5.0,high_confidence
1464843,Mi Casita Austin Montessori,AUSTIN,2900 E CESAR CHAVEZ ST,78702 4804,2,3,1,0,0,6,0.667,0.222,44,9,0,1.5,0,1,0,0,0,ChIJd-srmPu1RIYRxEkhp7fXr6A,Mi Casita Montessori,5.0,4.0,high_confidence
1255383,DBA - International Children's Academy,SAN ANTONIO,20627 HUEBNER RD STE 103,78258 4766,1,3,0,1,0,5,0.556,0.111,100,9,1,8.8,1,1,0,0,0,ChIJd0b2WwliXIYRRQuV9yDS_9s,International Childrens Academy,4.5,30.0,high_confidence
841088,The Childhood Center,HOUSTON,3701 W ALABAMA ST STE 400,77027 5379,2,1,0,0,0,3,0.429,0.286,112,7,0,14.3,0,1,0,0,0,ChIJd1kzDR3BQIYR5yxkGqrHKAk,The Childhood Center,4.4,60.0,high_confidence
1345605,Growing Curiosity Community School,AUSTIN,9000 GEORGIAN DR,78753 5135,0,1,0,0,0,1,0.143,0.0,24,7,0,4.9,0,1,0,0,0,ChIJd2TBGH3JRIYRS1bQR-3Ckzo,Growing Curiosity Community School,5.0,10.0,high_confidence
1058168,Primrose of Prestonwood,DALLAS,15237 MONTFORT RD,75248 6457,10,2,2,1,0,15,0.789,0.526,250,19,0,13.0,1,0,0,0,0,ChIJd3FZtj4hTIYRurFTVXoGH-M,Primrose School of Prestonwood,4.7,69.0,high_confidence
361283,Clayton Youth Enrichment @ Caprock Elementary,FORT WORTH,12301 GREY TWIG DR,76244 5597,40,136,96,0,8,280,0.432,0.062,110,648,8,16.8,0,1,0,0,0,ChIJd7Zo5Dl6ToYRbnF1Os7uoew,Clayton Youth Enrichment,4.7,168.0,medium_confidence
1361500,Happy Days Cypress,HOUSTON,10807 HUFFMEISTER RD,77065 3105,1,10,2,1,0,14,2.0,0.143,84,7,1,4.8,0,1,0,0,0,ChIJd8CZrOjRQIYRCbns9XjAbLs,Happy Days Childcare Cypress,5.0,10.0,medium_confidence
1336396,PCI Meadowood Early Learning Center,SAN ANTONIO,12652 CINCO DE MAYO,78252 1974,2,2,0,0,0,4,0.143,0.071,244,28,2,5.8,0,0,0,0,0,ChIJd8iCeYlZXIYRjlA8C8i-xHY,PCI Early Learning Academy,2.6,5.0,medium_confidence
1515542,Kids Space Learning Center,HOUSTON,13900 BEECHNUT ST STE A,77083 6599,0,0,1,0,0,1,0.333,0.0,80,3,0,0.3,0,0,0,0,0,ChIJd9TiuOvdQIYRiWVkqmcc7FA,Kids Space Learning Center,4.5,28.0,high_confidence
94321,Life Church Child Development Center,SAN ANTONIO,4424 SW LOOP 410,78227 4400,3,2,2,0,0,7,0.412,0.176,131,17,0,40.2,0,1,0,0,0,ChIJdQU8plJbXIYRm78ZqsGrPMY,Life Church Child Development Center,4.3,9.0,high_confidence
1420045,Angel Montessori,FORT WORTH,2500 LIPSCOMB ST,76110 2625,5,14,4,0,0,23,1.211,0.263,131,19,0,2.2,0,1,0,0,0,ChIJdSd2DZdxToYR1IR8EAnuBLE,Angel Montessori,4.8,16.0,high_confidence
129267,East Orange AME Church,HOUSTON,4415 ORANGE ST,77020 4334,2,5,7,1,0,15,1.25,0.167,59,12,1,31.8,0,1,0,0,0,ChIJdXG8rrS-QIYR21uNxXJ7UnI,East Orange African Methodist Episcopal Church,3.2,5.0,medium_confidence
1519703,Anointed Ark Academy,HOUSTON,5861 W GULF BANK RD,77088 4120,1,5,1,0,0,7,2.333,0.333,76,3,0,-0.0,0,0,0,0,0,ChIJdZW8-kHPQIYRx3-2YSFiuCY,Anointed Ark Academy,4.8,33.0,high_confidence
95496,Clear Lake Presbyterian ECP,HOUSTON,1511 EL DORADO BLVD,77062 3422,2,2,2,1,0,7,0.636,0.182,145,11,0,30.5,0,0,0,0,0,ChIJdb1xL2ucQIYRnvkbJkRBv_8,Clear Lake Presbyterian Early Childhood Program,5.0,1.0,medium_confidence
1032108,Building Blocks Academy Hobby Airport,HOUSTON,7615 MORLEY ST,77061 2920,3,9,2,0,0,14,1.0,0.214,177,14,0,13.1,0,1,0,0,0,ChIJe-dblziWQIYRqwXTmUdoeJ8,Building Blocks Academy Hobby Airport,4.9,65.0,high_confidence
1104026,Primrose School at the Galleria,HOUSTON,5015 WESTHEIMER ST STE A423,77056,6,6,2,1,1,16,1.6,0.6,204,10,1,12.5,0,0,0,0,0,ChIJe0YosG7BQIYRLFyhXw8Cx4g,Primrose School at the Galleria,4.4,54.0,high_confidence
254662,Oak Hills Church Preschool,SAN ANTONIO,19595 IH 10 W,78257 9520,0,1,1,1,0,3,0.375,0.0,102,8,1,20.9,0,0,0,0,0,ChIJe0_GsjZkXIYRxOEFHyBXrNI,Oak Hills Church - Crownridge Campus,4.8,507.0,medium_confidence
1375890,"Kreative 4 Kidz, LLC",HOUSTON,8806 HOMESTEAD RD,77016 5550,1,3,1,0,0,5,0.455,0.091,61,11,1,4.5,0,1,0,0,0,ChIJe2MXUUbDQIYROHjBTyYb7sE,Kreative 4 Kidz Daycare,2.8,11.0,medium_confidence
1157006,"Tzu Chi Great Love Preschool, Houston",HOUSTON,6200 CORPORATE DR,77036 3412,3,10,10,1,1,25,4.167,0.5,148,6,4,10.8,0,0,0,0,0,ChIJe3GmU9DCQIYRQ7NmxVLTHm8,Tzu Chi Great Love Preschool Houston,5.0,10.0,high_confidence
1252613,Laugh N' Discover Early Learning Center,HOUSTON,5750 GOLDEN FOREST DR,77092 2354,0,2,0,0,0,2,0.154,0.0,135,13,0,8.9,0,1,0,0,0,ChIJe4na7KHPQIYRKcTnBN63RNo,Laugh N' Discover Early Learning Center,5.0,50.0,high_confidence
1087109,Computer Kids,HOUSTON,4614 BELLE PARK DR,77072 1820,2,10,3,0,0,15,1.154,0.154,119,13,0,12.4,0,1,0,0,0,ChIJe5yu3BfdQIYR7vbGLDlTTQI,Computer Kids Daycare,4.4,54.0,medium_confidence
120983,Redeemers Child Care Center,DALLAS,8519 CRAIGHILL AVE,75209 2629,0,0,0,0,0,0,0.0,0.0,102,5,0,34.0,1,1,0,0,0,ChIJe92QTNCdToYROhggjnNHcW8,The Redeemers Child Care Center,4.7,14.0,high_confidence
148823,Five Star Montessori,HOUSTON,13260 FORKLAND LN,77077 1623,4,3,1,0,0,8,0.889,0.444,236,9,0,29.1,1,0,0,0,0,ChIJe96cCHXcQIYRX0iWmWkAjc0,Five Star Montessori West Houston,4.6,101.0,medium_confidence
145685,Nehemiah Neighborhood Center,HOUSTON,5015 FANNIN ST,77004 5707,2,1,0,1,0,4,0.571,0.286,191,7,1,28.7,0,1,0,0,0,ChIJe9a3U3i_QIYRZ79J1USbTtM,Nehemiah Neighborhood Center,4.9,32.0,high_confidence
249485,Nenes Kiddie Kollege,HOUSTON,5410 SCOTT ST,77021 1516,0,1,1,0,0,2,0.333,0.0,96,6,0,21.1,0,1,0,0,0,ChIJeQ74ArS_QIYRp-g61dpu1cI,Ne-Ne's Kiddie Kollege,4.3,24.0,high_confidence
1477630,The Learning Experience Spring Branch,HOUSTON,1621 BINGLE RD,77055 3278,3,2,2,0,0,7,0.7,0.3,191,10,0,0.5,0,0,0,0,0,ChIJeSuTl_DFQIYR5_fo2BAixM0,The Learning Experience - Spring Branch,5.0,27.0,high_confidence
1333860,Patti Cakes Child Care,FORT WORTH,851 IRMA ST,76104 5109,0,5,5,0,0,10,1.429,0.0,30,7,6,5.8,0,1,0,0,0,ChIJeTKki4pxToYRzKAi6AgUJ7c,My Patti Cakes Child Care,5.0,24.0,high_confidence
395868,Bright Horizons at Plaza of Americas,DALLAS,700 N PEARL ST STE N101,75201 7420,0,0,0,0,0,0,0.0,0.0,124,6,0,16.5,0,0,0,0,0,ChIJeVGyTiGZToYRCMHb84fwkwI,Bright Horizons at Plaza of the Americas,4.3,22.0,high_confidence
673608,Esperanza School,HOUSTON,1100 ROY ST BLDG A,77007 3351,8,11,11,0,0,30,2.0,0.533,534,15,0,15.4,0,0,0,0,0,ChIJeVI5KUvHQIYROotC928uwjA,Esperanza School,4.1,66.0,high_confidence
1434230,Soaring Eagles Academy,HOUSTON,3844 S DAIRY ASHFORD RD,77082 5609,7,14,8,8,0,37,3.364,0.636,88,11,1,2.4,0,1,0,0,0,ChIJeWzHWcDdQIYRQpw4qZQhuVs,Soaring Eagles Academy,5.0,5.0,high_confidence
1293691,Right Fit Kids Academy- Palm Center,HOUSTON,5203 BROWNCROFT ST,77021 3708,4,14,10,0,0,28,1.077,0.154,98,26,0,7.8,0,1,0,0,0,ChIJeYXPdju-QIYRsKwu6QkDu1s,Right Fit Daycare - Palm Center,4.3,6.0,medium_confidence
1104025,Life Time Fitness Camps,AUSTIN,13725 RANCH ROAD 620 N,78717 1021,5,11,4,0,1,21,2.1,0.5,150,10,1,12.2,0,0,0,0,0,ChIJe_Eb3H_NRIYRkKtd_qO5sR4,Life Time,4.0,676.0,medium_confidence
135805,Like My Own Childcare Inc,FORT WORTH,2800 MISSISSIPPI AVE,76104 6910,2,0,1,0,0,3,0.5,0.333,70,6,0,31.2,0,1,0,0,0,ChIJe_KkI7ZxToYR5Xa89oehnHw,Like My Own Childcare,4.2,10.0,high_confidence
104408,Oak Hill United Methodist Preschool,AUSTIN,7815 HIGHWAY 290 W,78736 3204,2,2,1,0,1,6,0.6,0.2,93,10,0,37.7,0,0,0,0,0,ChIJeaXXKm9JW4YRs_iKJMr5emQ,Oak Hill United Methodist Church,4.7,27.0,medium_confidence
1375943,iExplore Montessori Fort Worth LLC,FORT WORTH,5350 BASSWOOD BLVD,76137 3900,8,13,9,4,2,36,1.565,0.348,85,23,0,4.2,0,1,0,0,0,ChIJeafy0A_ZTYYRXSWdcpvlRzA,iExplore Montessori School,4.2,49.0,medium_confidence
1461985,Bezos Academy Cockrell Hill,DALLAS,4849 W ILLINOIS AVE,75211 6503,2,1,0,0,0,3,0.333,0.222,48,9,0,1.8,0,0,0,0,0,ChIJeayevY2bToYRCCaEj6znN1k,Bezos Academy Dallas - Cockrell Hill,5.0,11.0,high_confidence
101199,Judson at Stahl KinderCare,SAN ANTONIO,15170 JUDSON RD,78247 1355,11,8,7,1,0,27,1.038,0.423,110,26,0,39.9,1,1,0,0,0,ChIJecPof2mMXIYRu2kVu4AtVU0,Judson at Stahl KinderCare,4.7,39.0,high_confidence
1482246,KCE Champions LLC @ Uplift Hampton,DALLAS,8915 S HAMPTON RD,75232 6002,2,3,0,0,0,5,0.556,0.222,100,9,0,0.8,1,0,0,0,0,ChIJeeQTBK6RToYRb-byuR8bLEI,Champions at Uplift Hampton,1.0,1.0,high_confidence
518170,Little Scholars,HOUSTON,11596 BEECHNUT ST # 1/2,77072 4102,0,2,2,0,0,4,0.667,0.0,279,6,0,15.9,0,1,0,0,0,ChIJeyOp_UHdQIYRn4JMus49wi8,Little Scholars,3.1,11.0,high_confidence
94315,Mainspring at Live Oak,AUSTIN,1100 W LIVE OAK ST,78704 5043,6,4,7,0,0,17,0.944,0.333,115,18,0,39.7,1,1,0,0,0,ChIJeycSEt60RIYRzsClwqyrLrA,Mainspring Schools,4.5,11.0,medium_confidence
286030,Bunker Hill KinderCare,HOUSTON,937 BUNKER HILL RD,77024 1301,10,10,14,2,1,37,2.056,0.556,122,18,0,19.9,0,1,0,0,0,ChIJf03YSpDEQIYR4jAzd6_rvcg,Bunker Hill KinderCare,4.2,41.0,high_confidence
1104169,Building Blocks Academy VTM,HOUSTON,11110 VETERANS MEMORIAL DR,77067 3760,3,12,6,0,0,21,2.333,0.333,153,9,0,12.5,1,1,0,0,0,ChIJf12lIlvJQIYRdmHkkJO3q5I,Building Blocks Academy VTM,4.6,49.0,high_confidence
1274543,Primrose School at Alamo Ranch,SAN ANTONIO,11161 WESTWOOD LOOP,78253 6533,3,7,7,1,1,19,1.0,0.158,226,19,2,8.2,1,0,0,0,0,ChIJf2C97GVCXIYRrI_r9gdn0ko,Primrose School at Alamo Ranch,4.4,50.0,high_confidence
241257,Growing Scholars Montessori School,HOUSTON,8821 BRIDGE PARK DR,77064 8901,2,7,5,0,1,15,3.0,0.4,254,5,0,21.5,0,1,0,0,0,ChIJf3qybNPPQIYRlPPoHVZxcqg,Growing Scholars Montessori,4.0,19.0,high_confidence
103493,Fun Time Day Care Center  2,HOUSTON,520 GULF BANK RD TRLR 252,77037 2447,1,2,1,1,0,5,0.625,0.125,136,8,1,38.5,0,1,0,0,0,ChIJf4Q39ee3QIYRkBzgpcHyCtk,Fun Time Daycare Center,3.9,34.0,medium_confidence
1320577,The Burrow School,AUSTIN,4328 JAMES CASEY ST,78745 1109,1,5,2,0,0,8,0.889,0.111,19,9,0,6.5,0,0,0,0,0,ChIJf5ZK0ZS1RIYRsSWJLYV8NcY,The Burrow School,5.0,13.0,high_confidence
1353399,ABCDee Learning Center LLC,AUSTIN,7202 DEE ST,78745 6318,1,4,4,1,0,10,0.833,0.083,98,12,0,5.0,0,0,0,0,0,ChIJf6JR3jpNW4YRmzTW298GxNo,ABCDee Learning Center,4.7,28.0,high_confidence
1484526,Think Lounge Nurture Center LLC,AUSTIN,13201 RANCH ROAD 620 N STE V,78717 1025,2,1,1,1,0,5,0.556,0.222,17,9,0,0.9,0,0,0,0,0,ChIJf7OBcqgzW4YRDl5RpdWkPvs,Think Lounge,4.8,56.0,medium_confidence
254415,Discovery World Learning Center,SAN ANTONIO,6020 FOUNTAINWOOD ST,78233 4416,6,25,7,4,0,42,2.0,0.286,175,21,1,21.3,0,1,0,0,0,ChIJf7SD3V6MXIYRJV0vQquWCJg,Discovery World Learning Center,4.7,46.0,high_confidence
1446532,Garden Montessori School - Oak Forest,HOUSTON,1126 W TIDWELL RD,77091 5500,2,7,4,0,0,13,1.625,0.25,140,8,0,2.0,0,0,0,0,0,ChIJf8StYc_HQIYRHdPq4VpazRo,Garden Montessori Schools - Oak Forest,5.0,2.0,high_confidence
554768,Angels World Childcare Center,HOUSTON,13390 JONES RD,77070 3916,7,9,4,0,0,20,1.667,0.583,116,12,0,15.7,0,1,0,0,0,ChIJf9_Esj_SQIYRlGT6pZ2vFKE,Angel's World Childcare Center,4.1,37.0,high_confidence
1490989,Y Day Camp @ D.R. Semmes,SAN ANTONIO,3233 N SAINT MARYS ST,78212 3579,2,0,1,0,0,3,0.75,0.5,115,4,0,0.8,0,0,0,0,0,ChIJfQ0ualFfXIYRW2oPE3Wr_QE,YMCA - D.R. Semmes Family YMCA at TriPoint,4.7,418.0,medium_confidence
1292102,Little Scholars Academy,DALLAS,14045 WATERFALL WAY,75240 3841,3,6,0,0,0,9,1.286,0.429,44,7,0,7.7,1,1,0,0,0,ChIJfRHbczMgTIYRsMLzR2BPgws,Little Scholars Academy,4.0,13.0,high_confidence
1101329,All Stars Academy,AUSTIN,275 LOTUS CIR,78737 8737,4,2,1,0,0,7,0.875,0.5,61,8,0,12.5,0,0,0,0,0,ChIJfRQG_XxPW4YRp_XzNMQnbjg,All Stars Academy,4.9,8.0,high_confidence
1417826,Better Beginnings Academy LLC,HOUSTON,14720 FM 529 RD,77095 3242,3,14,5,0,0,22,1.467,0.2,65,15,0,2.8,0,1,0,0,0,ChIJfWWGJ8HQQIYRQ7fLRl5Ahc4,Better Beginnings Academy,5.0,41.0,high_confidence
94530,Preston Hollow Methodist CDC,DALLAS,6315 WALNUT HILL LN,75230 5116,7,4,1,0,0,12,0.75,0.438,150,16,0,40.0,0,0,0,0,0,ChIJfXUdLDKeToYRXeyGyxRr57M,Preston Hollow CDC,3.7,9.0,medium_confidence
1473663,Butterfly Academy Early Learning Center,HOUSTON,6495 BARKER CYPRESS RD STE E,77084 1000,1,7,6,0,0,14,2.333,0.167,68,6,1,1.2,0,1,0,0,0,ChIJfcsKf57XQIYRI1gb1cfYjr0,Butterfly Academy Early Learning Center,5.0,23.0,high_confidence
97125,Crossroads Christian Academy,SAN ANTONIO,5834 RAY ELLISON BLVD,78242 2029,4,10,5,2,0,21,2.1,0.4,141,10,0,38.8,1,1,0,0,0,ChIJfdw_SPBaXIYRTAujpcl02mI,Crossroads Christian Academy,3.8,25.0,high_confidence
1369878,Lil Hoppers Learning Center,FORT WORTH,3330 E LANCASTER AVE,76103 2913,1,2,1,1,0,5,0.294,0.059,85,17,0,4.3,0,1,0,0,0,ChIJfejKfMdxToYRDlEL-GR5SMQ,Lil' Hoppers Learning Center,4.8,21.0,high_confidence
545368,Guardian Angel Child Development Center,SAN ANTONIO,1630 PLEASANTON RD,78221 1151,5,2,3,0,0,10,0.526,0.263,49,19,0,16.2,0,1,0,0,0,ChIJfekDZWhYXIYRtXlKey8wD_c,Guardian Angel Child Development Center,4.2,20.0,high_confidence
1249112,A-2-Z Learning Center #3,SAN ANTONIO,5943 CULEBRA RD,78238 5102,2,5,1,0,0,8,0.421,0.105,90,19,0,9.5,0,1,0,0,0,ChIJff_yV1FcXIYRpCVv1NoRIB0,A-2-Z Learning Center #3,3.5,8.0,high_confidence
1460333,"Multi-Intelligence Kids College, LLC",SAN ANTONIO,"2235 THOUSAND OAKS DR STE 115,118",78232 3969,3,4,5,1,0,13,0.722,0.167,118,18,0,1.8,0,1,0,0,0,ChIJfwoz3AKLXIYR-B50hm2B3bE,"Multi-Intelligence Kids College, LLC",5.0,7.0,high_confidence
95135,WEST END CHILD DEVELOPMENT CENTER,HOUSTON,170 HEIGHTS BLVD,77007 3729,2,8,10,0,0,20,1.667,0.167,75,12,0,38.5,0,1,0,0,0,ChIJfxhf3VTHQIYRNbKihp97EtU,West End Child Development Center,3.2,18.0,high_confidence
1524949,Growing Greatness Academy,HOUSTON,14623 SEQUOIA BEND BLVD,77032 4617,0,0,0,0,0,0,0.0,0.0,34,1,0,0.0,0,0,0,0,0,ChIJg0SZmvC3QIYRNKhpmtibQcY,Growing Greatness Academy,5.0,4.0,high_confidence
211955,The Adventure School,HOUSTON,10555 SPRING CYPRESS RD,77070 6425,1,5,4,1,0,11,2.2,0.2,465,5,0,23.4,0,0,0,0,0,ChIJg0San5TSQIYRQu52-ax0HqA,The Adventure Preschool,5.0,14.0,high_confidence
1347246,Primrose School At Cibolo Canyons,SAN ANTONIO,3330 TPC PKWY,78261 2871,1,2,3,0,2,8,0.444,0.056,231,18,0,5.9,1,1,0,0,0,ChIJg0d2o_2IXIYR3PlSmR6cY4s,Primrose School at Cibolo Canyons,4.7,27.0,high_confidence
1515411,The Goddard School of Dallas Lake Highlands,DALLAS,10622 E NORTHWEST HWY,75238 4835,0,0,0,0,0,0,0.0,0.0,200,4,0,0.3,0,0,0,0,0,ChIJg18NUCehToYRZng4TpjFZS4,The Goddard School of Dallas Lake Highlands,5.0,22.0,high_confidence
1372257,Clayton Youth Enrichment @ Broadway Baptist,FORT WORTH,305 W BROADWAY AVE,76104 1238,0,1,0,0,0,1,0.143,0.0,70,7,0,4.8,0,1,0,0,0,ChIJg241fQ1xToYRk4DsA81Pbwk,Broadway Baptist Church,4.4,228.0,medium_confidence
1487211,The Pillars Christian Learning Center,SAN ANTONIO,11040 REED RD,78251 3333,5,6,2,1,0,14,0.778,0.278,189,18,0,1.2,0,1,0,0,0,ChIJg5kHWFNCXIYR0WdpHSTr7MQ,The Pillars Christian Learning Centers - Reed,4.6,163.0,high_confidence
1346043,Cora's Cottage Care For Kids,HOUSTON,10851 SCARSDALE BLVD STE 700,77089 5742,7,8,4,0,0,19,0.95,0.35,73,20,1,5.5,0,1,0,0,0,ChIJg73ZB5WbQIYRMLiU1JrjLqc,Cora's Cottage Care,3.7,28.0,high_confidence
112409,Callier Child Development Program,DALLAS,1966 INWOOD RD,75235 7205,5,4,0,0,0,9,0.6,0.333,300,15,0,37.2,1,0,0,0,0,ChIJg9F6mBqcToYRt0hUEyX3zBo,Callier Child Development,4.3,8.0,high_confidence
99072,Fry Road KinderCare,HOUSTON,2202 FRY RD,77084 5827,5,4,9,0,1,19,1.056,0.278,99,18,0,39.6,1,1,0,0,0,ChIJgQaltIjYQIYRSN4VbnTaMFI,Fry Road KinderCare,4.5,47.0,high_confidence
1470734,Munger Square Educational Child Care Center,DALLAS,5302 JUNIUS ST,75214 5311,6,10,3,0,0,19,1.267,0.4,66,15,0,1.2,0,1,0,0,0,ChIJgS-XvrOYToYRWO9RLLNr_XE,Munger Square Child Care,4.1,16.0,medium_confidence
1383724,Spanish Schoolhouse,DALLAS,5242 MEADOWCREEK DR,75248 4081,0,1,0,0,0,1,0.062,0.0,136,16,0,4.0,0,0,0,0,0,ChIJgSAczJghTIYRhzE-KCpkerM,Spanish Schoolhouse,4.5,30.0,high_confidence
1437632,Mariner Montessori at The Heights,HOUSTON,5317 DARLING ST,77007 1915,4,17,12,2,0,35,1.842,0.211,80,19,1,2.3,0,0,0,0,0,ChIJgSDAiwLHQIYRbISa2tHXfc4,Mariner Montessori at Heights,4.8,48.0,high_confidence
1182506,Key Concepts Kan Learning Center,HOUSTON,14001 S POST OAK RD,77045 5137,4,2,0,0,0,6,0.545,0.364,92,11,0,10.1,0,1,0,0,0,ChIJgSpHfc7rQIYRMlSbXJl1z30,Key Concepts Kan Learning Center,4.7,6.0,high_confidence
1342321,Whiz Kids Playhouse,HOUSTON,16610 CHARTERSTONE DR,77070 1976,10,16,9,1,0,36,1.44,0.4,149,25,0,5.6,1,1,0,0,0,ChIJgSs9tEDTQIYRdbGAnY0a_Dw,Whiz Kids Playhouse,4.6,31.0,high_confidence
1381934,As We Grow Learning Center - East,HOUSTON,12355 WOOD FOREST DR,77013 4944,4,17,13,0,0,34,1.259,0.148,117,27,0,4.0,0,1,0,0,0,ChIJgTCsbmClQIYRbQL3lHooZds,As We Grow Learning Center,4.6,96.0,high_confidence
136116,Pace and Ross Learning Center,DALLAS,3922 S MARSALIS AVE,75216 6106,1,3,3,0,0,7,0.583,0.083,103,12,0,31.2,0,1,0,0,0,ChIJgTK_-kGXToYRjcbnEfsKhBk,Pace & Ross Learning Center,4.5,26.0,high_confidence
208512,Kidz Come 1st  DC & Learning Center,HOUSTON,10863 KIRKFAIR DR,77089 3037,3,2,4,2,0,11,1.833,0.5,170,6,2,23.1,0,1,0,0,0,ChIJgTgrhVaXQIYR7zYwr3LufSI,Kidz Come 1st,4.2,11.0,medium_confidence
511751,Natures Way Preschool,AUSTIN,301 NATURE CENTER DR,78746 5775,1,3,5,0,1,10,1.0,0.1,24,10,0,15.3,0,0,0,0,0,ChIJgTwqJji1RIYRfJ6tS8pi-ko,Nature's Way Preschool,3.8,5.0,high_confidence
1504325,Right Path Child Development Center,SAN ANTONIO,12802 NACOGDOCHES RD,78217 1964,6,23,22,4,0,55,5.0,0.545,46,11,0,0.0,0,0,0,0,0,ChIJgX97mxuLXIYRlGssgHL3x78,Right Path Child Development Center,5.0,4.0,high_confidence
776608,Mi Casa Center,SAN ANTONIO,8601 CINNAMON CREEK DR,78240 1437,4,6,7,1,0,18,0.529,0.118,205,34,1,15.0,0,1,0,0,0,ChIJgYGqNVBnXIYRK8H71iYLwqk,Mi Casa Child Center,4.5,67.0,high_confidence
170328,Magic Dragon Multi Cultural Program,AUSTIN,11713 JOLLYVILLE RD,78759 3936,2,6,2,0,0,10,1.111,0.222,99,9,0,24.5,0,1,0,0,0,ChIJgZEj4PHMRIYRbVdlprVABhA,The Magic Dragon Preschool,3.8,4.0,medium_confidence
1470313,2 Unique Kids Learning Academy,HOUSTON,1319 W MOUNT HOUSTON RD,77038 3803,5,5,1,1,1,13,1.625,0.625,100,8,1,0.6,0,0,0,0,0,ChIJgZLECQ_JQIYRz55zonCDQfs,2 Unique Kids Childcare,5.0,5.0,medium_confidence
1488475,Kidspring Bilingual Learning Center,AUSTIN,2119 FRATE BARKER RD UNIT 2102,78748 3603,0,0,0,0,0,0,0.0,0.0,20,6,0,0.8,0,0,0,0,0,ChIJgZZxfQBNW4YRx2XHnYIJRRA,KidSpring Bilingual Learning Center,5.0,3.0,high_confidence
1342638,Clear Lake Child Care,HOUSTON,16020 EL CAMINO REAL,77062 4414,3,4,4,0,0,11,1.571,0.429,76,7,2,5.4,0,1,0,0,0,ChIJgZb3QKGdQIYRRVwIgaw5EfQ,Clear Lake Child Care,4.9,39.0,high_confidence
215531,Forbes Child Development Center Child Incorporated,AUSTIN,2217 FORBES DR,78754 5144,9,3,0,0,0,12,0.5,0.375,129,24,0,22.7,1,0,0,0,0,ChIJgZmHWLzJRIYRNpepgaqHsvo,Child Inc. Forbes Child Development Center,4.0,6.0,high_confidence
1522797,Kiddie Corner Learning Academy 3,SAN ANTONIO,2508 BUENA VISTA ST,78207 3742,1,0,0,0,0,1,0.25,0.25,85,4,0,0.0,0,0,0,0,0,ChIJgZoUXdpfXIYRixjmOQsap3c,Kiddie Corner Learning Center 3,5.0,2.0,high_confidence
1119786,Little Angels Mercy Daycare Academy,HOUSTON,8250 CREEKBEND DR,77071 1136,8,8,6,4,0,26,3.714,1.143,72,7,5,11.8,0,1,0,0,0,ChIJgbpegy7oQIYR_8JH5VuQswY,Little Angels Mercy Daycare Academy,5.0,2.0,high_confidence
287582,Primrose School at Sonoma Ranch,SAN ANTONIO,14875 KYLE SEALE PKWY,78255 2341,9,6,4,1,0,20,0.69,0.31,210,29,0,19.5,1,0,0,0,0,ChIJgbzDuBBmXIYRUYYkk8SvCas,Primrose School at Sonoma Ranch,4.5,28.0,high_confidence
1324403,Two Steps Ahead Learning Center,AUSTIN,3028 ROGGE LN,78723 4829,2,2,3,1,0,8,1.143,0.286,49,7,1,6.8,0,0,0,0,0,ChIJgeKlPuDJRIYR8IJpJU2O7BA,Two Steps Learning,3.9,10.0,medium_confidence
319950,Building Blocks Academy Bear Creek,HOUSTON,17645 KIETH HARROW BLVD,77084 5710,1,4,1,1,0,7,0.778,0.111,111,9,0,17.9,0,1,0,0,0,ChIJgytoJN7ZQIYR7pkwFTpV6_k,Building Blocks Academy Bear Creek,4.7,82.0,high_confidence
151043,Little Wonderland Childcare,SAN ANTONIO,510 W THEO AVE,78214 1049,2,2,1,0,0,5,0.385,0.154,112,13,0,26.0,0,1,0,0,0,ChIJgzPzO_JYXIYRyK7737MA0v8,Little Wonderland Child Care & Learning Center Inc,4.6,64.0,medium_confidence
112673,Preston Royal Preschool,DALLAS,5600 ROYAL LN,75229 5533,0,0,2,1,0,3,0.429,0.0,65,7,0,39.1,1,0,0,0,0,ChIJh-8UwZ8gTIYRIemyYH5SUoQ,Preston Royal Preschool,5.0,1.0,high_confidence
1425971,The Nest School San Antonio,SAN ANTONIO,7900 OLD TEZEL RD,78250 3016,7,10,2,1,0,20,1.0,0.35,266,20,1,2.6,0,1,0,0,0,ChIJh0DnhAdoXIYRreE-MFLyxww,The Nest Schools San Antonio,4.7,33.0,high_confidence
97094,ABC 123 A Cat A Me,HOUSTON,10914 CULLEN BLVD,77047 1154,1,4,1,1,0,7,0.875,0.125,89,8,0,33.3,0,1,0,0,0,ChIJh3VrswaVQIYRgq-Z35I37BA,ABC-123-A-Cat-A-Me,4.2,9.0,medium_confidence
1332380,Idea Lab - Austin,AUSTIN,8620 BURNET RD STE 500,78757 7071,3,6,2,0,2,13,1.3,0.3,49,10,0,6.1,0,0,0,0,0,ChIJh4bhOCTLRIYRp_4t6r22jnw,IDEA Lab Kids - Central Austin,4.5,13.0,medium_confidence
1460674,Alianza Eco International School PCA 3 LLC,HOUSTON,1102 ELDRIDGE PKWY,77077 1647,1,2,0,0,0,3,0.375,0.125,116,8,0,1.8,0,0,0,0,0,ChIJh5k2PVTbQIYRrTPXXN4mAQ0,Alianza Preschool Energy Corridor,5.0,40.0,medium_confidence
1355172,The Goddard School,AUSTIN,12101 ARCHELETA BLVD UNIT 1,78739,2,4,3,2,0,11,1.0,0.182,200,11,0,4.9,0,1,0,0,0,ChIJh64LccBPW4YRb-vEDIuLiCM,The Goddard School of Austin - Circle C Ranch,4.8,52.0,medium_confidence
171771,Ivy Crest Academy of Early Learning,SAN ANTONIO,21780 HARDY OAK BLVD,78258 4843,4,14,7,2,0,27,0.964,0.143,304,28,1,24.2,0,1,0,0,0,ChIJh67roSRjXIYRXEIhYXCYJY8,Ivy Crest Academy of Stone Oak,4.6,9.0,medium_confidence
1505174,Creating Little Scholars Academy,HOUSTON,3903 CYPRESS CREEK PKWY,77068 3505,3,5,6,0,1,15,2.143,0.429,64,7,0,0.0,0,0,0,0,0,ChIJh7BsbVjNQIYRhZeWDvyAIFs,Creating Little Scholars Academy,5.0,6.0,high_confidence
159110,Childrens Center of Austin,AUSTIN,6507 JESTER BLVD BLDG II,78750 8368,13,10,2,0,0,25,0.893,0.464,275,28,0,26.5,0,0,0,0,0,ChIJh95i5rs0W4YRIVqSdDvyW7Q,Children's Center of Austin - Jester,4.4,25.0,high_confidence
1492573,Immersion Montessori Academy,SAN ANTONIO,1539 E SANDALWOOD LN,78209 1729,1,2,3,1,0,7,1.0,0.143,46,7,1,0.6,0,0,0,0,0,ChIJh9PLFUP1XIYRGTiY6g5g4N0,Immersion Montessori Academy,5.0,27.0,high_confidence
236020,Castle Hills Learning Center and Day Care #6,SAN ANTONIO,4638 CENTERVIEW,78228 1201,0,6,2,0,0,8,1.0,0.0,193,8,0,21.4,0,1,0,0,0,ChIJhQ-I1BRgXIYRvoa6k-eSnI8,Castle Hills Learning Center and Day Care,2.3,9.0,high_confidence
1318289,Yoga Peace School,AUSTIN,3418 E MARTIN LUTHER KING JR B,78721 1047,1,2,1,1,0,5,0.455,0.091,47,11,1,6.7,0,1,0,0,0,ChIJhTQVinK1RIYRHGXdDRP1kSw,Yoga Peace School,4.3,6.0,high_confidence
1025269,Tomorrows Future Development Ctr,HOUSTON,8514 C E KING PKWY STE F,77044 2350,11,3,4,1,0,19,1.267,0.733,112,15,2,13.1,0,1,0,0,0,ChIJhTiu9jilQIYREqq7fmz7zFc,Tomorrow's Future Development Center,3.2,50.0,high_confidence
310455,Early Learning Place,FORT WORTH,7001 TRAIL LAKE DR,76133 6011,1,3,8,2,0,14,1.4,0.1,38,10,0,18.2,0,0,0,0,0,ChIJhUCa2gVtToYRrfvcGm3oX0k,Early Learning Place,5.0,2.0,high_confidence
105313,SW YMCA Texas Medical Center C,HOUSTON,5614 H MARK CROSSWELL JR ST,77021 1079,6,14,1,0,0,21,1.4,0.4,323,15,0,37.0,0,0,0,0,0,ChIJhVGB7Za_QIYRaqbVocebvgk,YMCA Children's Academy at Texas Medical Center,3.6,23.0,medium_confidence
372219,Gingerbread House Academy Inc.,DALLAS,1805 N GARRETT AVE,75206 7516,1,1,0,0,0,2,0.2,0.1,51,10,0,17.2,0,1,0,0,0,ChIJhW_i1aelToYRrcIcXLV27kY,Gingerbread House Academy Inc.,4.1,30.0,high_confidence
274019,The Alphabet Club,HOUSTON,14530 OLD KATY RD,77079 1024,5,14,7,1,2,29,2.417,0.417,150,12,1,19.6,0,1,0,0,0,ChIJhYBwyt_bQIYRghsMTJyxYdQ,The Alphabet Club,4.3,42.0,high_confidence
1341214,Fundamental Learning Center,HOUSTON,829 PEAKWOOD DR,77090 2905,16,18,16,1,0,51,2.684,0.842,80,19,0,5.2,0,1,0,0,0,ChIJh_2nQ8_LQIYR8cHbVPRJc0o,Fundamental Learning Center,4.3,27.0,high_confidence
95997,ST Matthews Episcopal School,AUSTIN,8134 MESA DR,78759 8615,1,1,0,1,0,3,0.6,0.2,182,5,0,35.7,0,0,0,0,0,ChIJh_5-6G7LRIYRSbzDcyxgD44,St Matthews Episcopal Day School,5.0,2.0,high_confidence
1456752,The Wynn Academy Hulen,FORT WORTH,7321 S HULEN ST,76133 6616,10,7,6,0,1,24,1.6,0.667,70,15,0,1.9,0,0,0,0,0,ChIJh_ilE3ltToYRk0RnxR8zeNQ,The Wynn Academy Hulen,4.3,11.0,high_confidence
1473081,Not Just Another Daycare,HOUSTON,13229 JONES RD,77070 4439,1,10,7,0,0,18,1.636,0.091,74,11,1,0.1,1,1,0,0,0,ChIJhbuUgD7SQIYRWTP3KYVkiH8,Not Just Another Daycare,4.2,40.0,high_confidence
143568,Brimhurst KinderCare,HOUSTON,1407 PARKWAY PLAZA DR,77077 1504,6,14,1,0,1,22,1.692,0.462,150,13,0,29.8,0,1,0,0,0,ChIJhc7DKwjcQIYR2PafxkYbv4s,Brimhurst KinderCare,4.5,71.0,high_confidence
852743,St. Maximilian Kolbe-Kolbe Kids' ECP,HOUSTON,10135 WEST RD,77064 5361,1,1,1,1,0,4,0.571,0.143,104,7,1,14.3,0,0,0,0,0,ChIJhcI519PRQIYR6sVfL5wYS0Y,St Maximilian Kolbe Catholic Church,4.9,238.0,medium_confidence
1134945,Ashleys Playhouse,AUSTIN,13343 N HWY 183 STE 200,78750 7167,6,6,2,0,0,14,0.875,0.375,66,16,0,11.5,0,0,0,0,0,ChIJhcUZotIyW4YRJoPjwAXXPYU,Ashley's Playhouse,4.4,75.0,high_confidence
317020,Baylor All Saints Child Care and Preschool,FORT WORTH,1709 ENDERLY PL,76104 4123,0,1,0,0,0,1,0.125,0.0,160,8,0,18.5,0,0,0,0,0,ChIJheRHMYJxToYRy5-mfBHhG9I,"Baylor Scott & White Health, All Saints Children's Campus",4.3,18.0,medium_confidence
1388726,Small World Learning Academy,HOUSTON,5018 ANTOINE DR,77092 3357,3,5,1,1,2,12,1.091,0.273,52,11,1,3.7,0,1,0,0,0,ChIJheq6ZwvGQIYRX6VwLuy7RXM,Small World Learning Academy,4.6,10.0,high_confidence
1390307,America's Choice Child Care,HOUSTON,11855 BISSONNET ST,77099 1904,13,20,15,0,1,49,2.333,0.619,96,21,0,3.6,0,1,0,0,0,ChIJheyjEmHdQIYR9YLwz-Acqbo,America's Choice Childcare Center - Bissonnet,4.8,47.0,medium_confidence
134269,Jumping Jacks Learning Center,HOUSTON,5214 BOYNTON DR,77045 5014,9,16,6,3,0,34,3.091,0.818,118,11,0,32.0,0,1,0,0,0,ChIJhfhRVsrrQIYRRbscwYzkm8k,Jumping Jacks Learning Center,4.7,22.0,high_confidence
558088,La Petite Academy Inc.,SAN ANTONIO,1107 W BITTERS RD,78216 7808,0,6,4,0,0,10,1.0,0.0,153,10,0,16.1,1,1,0,0,0,ChIJhfpzQ79hXIYR7jUERJE4_r8,La Petite Academy on West Bitters,4.4,32.0,medium_confidence
1475083,Idea Lab NW Austin,AUSTIN,13642 RESEARCH BLVD,78750,3,0,0,0,0,3,0.375,0.375,60,8,0,1.2,0,0,0,0,0,ChIJhyB6qu0zW4YRmsk_sdhl2X8,IDEA Lab Kids - Northwest Austin,5.0,3.0,medium_confidence
1336888,Moody Family Childcare & Youth Services Center,DALLAS,1651 MATILDA ST,75206 8880,6,7,0,0,0,13,0.565,0.261,156,23,0,5.8,0,1,0,0,0,ChIJhz1cHcKfToYRA4X65o6LIu0,Moody Family Childcare & Youth Services Center,3.0,6.0,high_confidence
118171,ALC Early Care And Education Centers,DALLAS,6610 TYREE ST,75209 4517,6,7,4,0,0,17,1.417,0.5,75,12,0,34.3,0,1,0,0,0,ChIJhz6JBoOeToYRgLSRO8y5_5g,Aisha's Learning Center,4.2,15.0,medium_confidence
1432027,Choo Choo Train Early Learning Center LLC,FORT WORTH,807 W ENON AVE,76140 3700,12,8,5,1,0,26,1.238,0.571,50,21,1,1.7,0,1,0,0,0,ChIJhzbcLyhvToYRdHiMCCnlQvA,Choo Choo Train Early Learning Center,5.0,17.0,high_confidence
96013,First United Methodist Preschool,AUSTIN,1201 LAVACA ST,78701 1831,3,3,6,0,1,13,1.182,0.273,85,11,0,24.4,1,1,0,0,0,ChIJhzhvswq1RIYRWLNAPzM9yZo,First United Methodist Preschool,4.9,13.0,high_confidence
1336755,"CG Kids, LLC DBA The Goddard School",SAN ANTONIO,10907 BIERING RD,78249 3855,4,1,1,1,0,7,0.368,0.211,169,19,0,5.9,0,0,0,0,0,ChIJi-W_W9ZnXIYR8K2L1jdDfGw,The Goddard School of San Antonio,4.6,45.0,medium_confidence
1299561,Highlands Learning Academy,SAN ANTONIO,3314 S GEVERS ST,78210 5421,1,4,2,1,0,8,0.889,0.111,64,9,0,7.3,0,1,0,0,0,ChIJi-yxqk72XIYRX1_Vn5Ccb9M,Highlands Learning Academy,4.2,23.0,high_confidence
1386556,"Armenta's Early Childhood, LLC",HOUSTON,9910 FUQUA ST STE H,77075 5169,2,5,1,3,0,11,0.786,0.143,106,14,2,3.8,0,1,0,0,0,ChIJi0ZYp0SXQIYRIyYGFvnUUdI,"Armenta's Early Childhood Development, LLC",4.6,19.0,high_confidence
303388,Great Beginnings Child Development Center Inc.,SAN ANTONIO,4630 TIMCO W,78238 1972,7,11,4,0,0,22,1.833,0.583,50,12,0,18.7,0,1,0,0,0,ChIJi3CjFbhdXIYRfW3qE5t7bDc,Great Beginnings Child Development,3.9,11.0,high_confidence
214744,American Care Academy,DALLAS,530 S R L THORNTON FWY,75203 3011,3,1,0,0,0,4,0.286,0.214,86,14,1,22.3,0,1,0,0,0,ChIJi40Kt7yZToYRQhgQSHDdoRk,American Care Academy,4.2,53.0,high_confidence
1505980,Angels on Earth DLCC,AUSTIN,7402 BRODIE LN,78745 5834,0,0,3,0,0,3,0.5,0.0,32,6,0,0.2,0,0,0,0,0,ChIJi4PUbwBLW4YRDhJePRky7Zk,ANGELS ON EARTH LHDC,5.0,4.0,medium_confidence
1294448,Wild Earth Preschool,DALLAS,525 SHELTER PLACE,75203 3013,2,1,1,0,0,4,0.4,0.2,30,10,0,7.0,0,0,0,0,0,ChIJi5BqxD_LTYYR3HlisJEwBCc,Wild Hearts Community School,5.0,4.0,medium_confidence
1310277,Angels Care and Learning Center,AUSTIN,7806 S 1ST ST,78745 6543,2,1,1,0,0,4,0.4,0.2,90,10,0,6.8,1,1,0,0,0,ChIJi5Uk7rZMW4YRft52lV6slfg,Angels Care & Learning Center,4.6,75.0,high_confidence
97700,Memorial Lutheran School,HOUSTON,5800 WESTHEIMER RD,77057 5617,6,4,2,0,0,12,0.857,0.429,250,14,0,39.3,1,0,0,0,0,ChIJi5d20djDQIYRpS8BmVSKcQM,Memorial Lutheran School,4.5,8.0,high_confidence
99724,Fairbanks KinderCare,HOUSTON,7702 FAIRBANKS N HOUSTON RD,77040 1604,2,0,2,2,1,7,1.0,0.286,99,7,2,39.2,0,1,0,0,0,ChIJi7E5fKbPQIYRHKco6JXj6W4,Fairbanks KinderCare,4.3,26.0,high_confidence
1403148,Heavenly Sent Daycare,FORT WORTH,1401 MEADOW LANE TER,76112 3412,6,9,5,0,1,21,1.5,0.429,92,14,0,3.3,0,1,0,0,0,ChIJi9yHu8ptToYR3RxSaGX-WqE,Heavenly Sent Daycare,4.5,16.0,high_confidence
172886,The Childrens Courtyard,FORT WORTH,6200 BRYANT IRVIN RD,76132 4123,9,4,2,0,0,15,0.441,0.265,272,34,0,23.9,0,1,0,0,0,ChIJiRlcJUZtToYR5-iDDSII1RQ,The Children's Courtyard on Bryant Irvin Road,4.3,45.0,medium_confidence
1378702,ITZCALI MONTESSORI SIP SCHOOL,AUSTIN,1806 SPRINGDALE RD,78721 1349,0,6,3,0,0,9,0.818,0.0,54,11,0,4.2,0,0,0,0,0,ChIJiVLFeI-3RIYRTzD4yXp-JyE,Itzcali Montessori and Spanish Immersion Preschool,4.6,11.0,medium_confidence
1309259,Studio Bella Explorers at  Sanger Elementary,DALLAS,8410 SAN LEANDRO DR,75218 4319,2,6,4,0,0,12,0.4,0.067,100,30,0,6.8,0,0,0,0,0,ChIJiWRRi3ahToYR7QFP-_VY7GU,studio bella for kids,4.3,12.0,medium_confidence
1430700,Katy Learning Academy,HOUSTON,18200 S PARKVIEW DR,77084 4511,5,10,2,0,1,18,1.636,0.455,85,11,0,2.3,0,1,0,0,0,ChIJiWxTqKbZQIYRL9I_WsB9o8c,Katy Learning Academy,4.6,25.0,high_confidence
94661,Laurel Heights United Methodist Church,SAN ANTONIO,234 W MISTLETOE AVE,78212 3411,3,6,4,0,0,13,1.083,0.25,125,12,0,38.8,1,0,0,0,0,ChIJiXjTy2hfXIYRrlPeBooRLNw,Laurel Heights Week Day School,4.4,7.0,medium_confidence
99677,Aishas Learning Center INC,DALLAS,2750 E LEDBETTER DR,75216 7514,4,0,4,0,0,8,0.571,0.286,85,14,1,38.8,0,1,0,0,0,ChIJiZENGb6XToYR79nwWyYgrUs,Aisha's Learning Center,3.2,16.0,high_confidence
154670,Academy of Little Scholars,HOUSTON,8802 W MONTGOMERY RD,77088 5930,2,9,8,3,0,22,2.75,0.25,46,8,4,27.3,0,1,0,0,0,ChIJia1-JgDJQIYRCKg_PXtJCpI,Academy of Little Scholars,5.0,6.0,high_confidence
1359264,Destiny Learning Center,DALLAS,7620 FERGUSON RD,75228 6542,0,1,2,0,0,3,0.5,0.0,18,6,0,5.2,1,0,0,0,0,ChIJiasvrS6iToYR6Je89JJZMwU,Destiny Learning Center,3.1,19.0,high_confidence
1357924,Snapdragon Preschool,AUSTIN,2117 W ANDERSON LN,78757 1221,0,2,1,0,0,3,0.273,0.0,34,11,0,4.6,0,0,0,0,0,ChIJiavnJpzLRIYRWvQqxD8YnJQ,Snapdragon Preschool - North Austin,5.0,3.0,medium_confidence
1484441,The PREP School of Kinder Ranch,SAN ANTONIO,1623 E BORGFELD DR,78260 2106,3,1,1,0,0,5,0.455,0.273,249,11,0,0.8,0,0,0,0,0,ChIJibssUZaHXIYRrodmhK18n2U,The PREP School of Kinder Ranch,4.7,26.0,high_confidence
1107511,"Angels ""R"" Wee Learning Center",HOUSTON,5621 DOLORES ST,77057 5709,9,11,4,0,0,24,2.182,0.818,59,11,2,12.3,0,1,0,0,0,ChIJidmSANjDQIYRPcB5A5RAUvI,Angels R Wee Learning Center,4.4,36.0,high_confidence
1310017,Elite City Kids Childcare and Learning Academy #2,HOUSTON,15002 ELLA BLVD STE 10,77090 5622,11,16,16,5,1,49,2.579,0.579,64,19,0,7.3,0,1,0,0,0,ChIJieC1i0zKQIYRJKd_AnBiaNw,Elite City Kids Childcare,3.9,28.0,medium_confidence
1116589,Nurtureland Academy,HOUSTON,8085 W AIRPORT BLVD,77071 3034,28,26,8,1,0,63,3.316,1.474,100,19,2,11.8,0,1,0,0,0,ChIJifCMYgDpQIYRSaXbZe-Xvs4,Nurtureland Academy,1.0,2.0,high_confidence
1464976,DBA First Advantage Learning,HOUSTON,13202 WHITE HEATHER DR,77045 3512,9,11,2,2,0,24,1.412,0.529,115,17,0,1.5,0,1,0,0,0,ChIJiwSc0NvrQIYRYYH5Ezik0VI,First Advantage Learning,5.0,28.0,high_confidence
1467550,Dino Land Academy,HOUSTON,13515 OAK BEND FOREST DR,77083 6338,0,0,1,0,0,1,0.167,0.0,35,6,0,1.5,0,1,0,0,0,ChIJixcdE_7dQIYRpTfY_usqtBU,Dino Land Academy,5.0,12.0,high_confidence
1364677,Team Tots Academy,HOUSTON,12410 TIDWELL RD,77044 2009,9,7,3,0,0,19,1.9,0.9,115,10,0,4.7,0,1,0,0,0,ChIJiy6hTMylQIYRPj26tCcih0s,TEAM Tots Academy,4.1,14.0,high_confidence
1486295,The Child Care Studio at Riverside,FORT WORTH,2400 E 1ST ST,76111 1154,0,0,0,0,0,0,0.0,0.0,133,6,0,0.9,0,0,0,0,0,ChIJj-VMbChxToYR9VBGdPbA36g,Child Care Studio at Riverside,4.6,9.0,high_confidence
1457353,Dees Kids,SAN ANTONIO,5430 TIMBERHILL,78238 3534,5,11,2,0,0,18,0.783,0.217,148,23,1,1.4,0,1,0,0,0,ChIJj0SSjdFnXIYRaS1Q2UHa2SU,Dees Kids,4.6,10.0,high_confidence
1208900,Little Life Preschool,AUSTIN,3200 CENTURY PARK BLVD,78727 1288,2,4,1,1,1,9,0.9,0.2,111,10,0,9.9,0,0,0,0,0,ChIJj1HwwpbPRIYRhw4kHwOg874,Little Life Preschool,4.4,7.0,high_confidence
1369879,Kiddie Klub Learning Center,SAN ANTONIO,8030 CROSSCREEK,78218 1619,4,15,6,1,1,27,1.929,0.286,62,14,1,4.4,0,1,0,0,0,ChIJj1SrLIT1XIYRYUaMErHrXOA,Kiddie Klub Learning Center,5.0,8.0,high_confidence
1176044,Prestige Academy,HOUSTON,6570 W BELLFORT ST,77035 2004,4,23,10,2,3,42,2.625,0.25,110,16,1,10.3,0,1,0,0,0,ChIJj1pBhsbpQIYRCKP7meG8O7U,Prestige Academy Day Care,3.0,10.0,medium_confidence
835288,Little Munchkins Learning Center,AUSTIN,2020 DENTON DR,78758 4504,2,3,1,0,0,6,0.4,0.133,300,15,0,14.2,0,1,0,0,0,ChIJj2t6PvHLRIYRcNjEDKWcg90,Little Munchkins Learning Center,4.7,75.0,high_confidence
1403231,North Park Family YMCA,FORT WORTH,9100 N BEACH ST,76244 9034,0,7,7,0,0,14,1.167,0.0,95,12,0,3.2,0,1,0,0,0,ChIJj4neL0rYTYYRN4_kilmMncw,Northpark YMCA | YMCA of Fort Worth,4.4,261.0,medium_confidence
1296844,Blessed Little Angels Academy,DALLAS,2615 GUS THOMASSON RD,75228 3018,0,0,3,0,0,3,0.429,0.0,29,7,0,7.2,0,1,0,0,0,ChIJj50KEjahToYR2Uvtd8svx3U,Blessed Little Angels Academy,4.0,8.0,high_confidence
1187894,Fiorella di Reggio Emilia School,AUSTIN,8707 MOUNTAIN CREST DR,78735 8027,0,2,2,0,0,4,0.444,0.0,85,9,0,9.9,1,1,0,0,0,ChIJj5El_w2mdo4RSSxdTbW2sig,Fiorella Reggio Emilia School (South Campus),5.0,11.0,medium_confidence
1486766,Academic Academy Christian Childcare Center,HOUSTON,11948 GLOGER ST,77039 6312,2,1,0,0,0,3,0.429,0.286,94,7,0,0.7,0,1,0,0,0,ChIJj5xWcT23QIYRMB5wzQeCRCw,Academic Academy Christian Childcare Center,3.9,32.0,high_confidence
1416247,Kiddie Corner Learning Academy,SAN ANTONIO,5002 NW LOOP 410,78229 5314,1,10,5,1,0,17,0.739,0.043,103,23,0,3.0,0,1,0,0,0,ChIJj6IOqo5dXIYRNaeT8v2EpF4,Kiddie Corner Learning Center,4.8,92.0,high_confidence
1498134,Blessed Scholar University Austin LLC,AUSTIN,1506 W KOENIG LN,78756 1416,0,0,0,0,0,0,0.0,0.0,21,6,0,0.4,0,0,0,0,0,ChIJj6Zb_63LRIYRcakWf7hRFpA,Blessed Scholar University Austin,5.0,2.0,high_confidence
1113863,The Champions Learning Center,HOUSTON,12515 FONDREN RD STE B,77035 6208,3,4,4,0,0,11,1.571,0.429,102,7,0,12.1,0,1,0,0,0,ChIJjRWow7rpQIYRK6S5f3zDSXE,The Champions Learning Center,4.5,18.0,high_confidence
162884,Bulverde Methodist Church Child?s Morning Out,SAN ANTONIO,28300 N HWY 281,78260 1706,0,2,1,1,0,4,0.5,0.0,79,8,1,25.7,0,0,0,0,0,ChIJjRvbi82HXIYRCuIeuhcifUs,Bulverde Methodist Church,4.8,51.0,medium_confidence
1389473,ChildDevelopment Center at Highland Park Presbyterian Church,DALLAS,3821 UNIVERSITY BLVD,75205 1710,6,14,12,0,0,32,0.941,0.176,80,34,0,3.6,1,0,0,0,0,ChIJjT-JCvmeToYRLylOgTY7-Dk,Highland Park Presbyterian Day School,4.8,4.0,medium_confidence
1521784,The Honey Tree Preschool & Childcare Center,HOUSTON,18629A STATE HIGHWAY 249,77070 4219,0,1,1,0,0,2,1.0,0.0,84,2,0,0.0,0,0,0,0,0,ChIJjTc4oArSQIYRl4PSki7jKD0,The Honey Tree Preschool & Child Care Center,4.3,23.0,high_confidence
1292702,Vanguard Academy,HOUSTON,9720 TOWN PARK DR STE 200,77036 2334,7,19,12,5,0,43,3.071,0.5,102,14,1,7.6,0,1,0,0,0,ChIJjU-e-TPdQIYRmrl6JYL0rUk,Vanguard Academy,4.7,24.0,high_confidence
167262,Children's Courtyard,AUSTIN,12336 N MOPAC EXPY,78758 2404,10,15,7,1,0,33,1.375,0.417,281,24,0,24.9,1,1,0,0,0,ChIJjVR6ZyLMRIYRBVAKoqdGM0M,The Children's Courtyard on North Mopac Expressway,3.9,38.0,medium_confidence
151112,Cadence Academy,DALLAS,13255 NOEL RD,75240 5065,14,7,3,0,0,24,0.857,0.5,165,28,0,28.6,0,1,0,0,0,ChIJjWLkkdwgTIYRKJdxv7h05WQ,Cadence Academy Preschool,4.4,65.0,medium_confidence
1322582,Alice in Wonderland 2,SAN ANTONIO,5104 S FLORES ST,78214 1434,7,20,11,1,0,39,2.438,0.438,57,16,0,5.9,0,1,0,0,0,ChIJjYa_fYtYXIYRkGqWWIndGgs,Alice In Wonderland Daycare,4.5,17.0,medium_confidence
1331285,First Steps Academy & Daycare,DALLAS,10120 MONROE DR,75229 5705,3,6,11,1,0,21,3.5,0.5,48,6,0,6.1,0,1,0,0,0,ChIJjYgfqoMnTIYRKuHJrf9Am2M,First Steps Academy & Daycare,4.4,7.0,high_confidence
728428,Small Steps Child Development Center,SAN ANTONIO,810 812 WEST AVE,78201,7,17,4,4,0,32,1.455,0.318,48,22,2,14.8,0,1,0,0,0,ChIJjZ_jjqpfXIYRUyxm5LB6bQA,Small Steps Child Development Center,4.3,34.0,high_confidence
1114360,First Kids Learning Center,HOUSTON,7873 HIGHWAY 6 S,77083 3399,9,14,7,4,0,34,2.429,0.643,93,14,2,12.0,0,1,0,0,0,ChIJja6NyN_dQIYR0JvxEbLoP5k,First Kids Learning Center,5.0,7.0,high_confidence
1373510,A Special Love Childcare Academy Learning Center,DALLAS,4121 MARVIN D LOVE FWY STE 100,75224 4800,2,4,0,0,1,7,0.636,0.182,77,11,0,3.9,0,1,0,0,0,ChIJjaSiEFuRToYRdi6JAVv9UZc,"A Special Love Childcare Academy Learning Center, LLC",4.6,22.0,high_confidence
1486213,Little Learners Academy,SAN ANTONIO,605 E DEWEY PL,78212 4012,3,4,2,0,1,10,0.909,0.273,57,11,0,0.9,0,1,0,0,0,ChIJjadyKQtfXIYRo_eGxoi3qzU,Little Learners Academy of SA LLC,5.0,6.0,high_confidence
1305863,Lil' Munchkins Child Care Center,SAN ANTONIO,4106 SAN PEDRO AVE,78212 1834,18,28,8,5,1,60,1.429,0.429,115,42,1,7.7,0,1,1,0,0,ChIJjav-uMtfXIYRRsQD2bLEB5g,Bea's Lil' Munchkin Child Care Center,3.4,25.0,high_confidence
410388,All Stars Day Care & Preschool,HOUSTON,917D GREENS RD,77060 1601,4,5,3,0,0,12,1.5,0.5,163,8,0,16.3,0,1,0,0,0,ChIJjc2ehQG2QIYR7ts2VYsC3DU,All Stars Day Care & Preschool,4.8,16.0,high_confidence
94933,Immaculate Conception Kindergarten and Nursery,SAN ANTONIO,2407 W TRAVIS ST,78207 3416,2,6,8,1,2,19,1.9,0.2,125,10,0,38.7,0,1,0,0,0,ChIJjcyVoi5fXIYR8q8Ab17UeYE,Immaculate Conception Kindergarten & Nursery,3.0,8.0,high_confidence
1330494,Miss Pattycake Childcare of Heights,HOUSTON,1532 W 25TH ST,77008 1517,2,2,5,0,1,10,1.667,0.333,134,6,0,6.0,0,1,0,0,0,ChIJjeWfrgXHQIYRsd5E1HBOiqA,Miss Pattycake Childcare,4.1,26.0,high_confidence
1104293,JP Morgan Chase Back Up CCC-Downtown Houston,HOUSTON,1414 FANNIN ST,77002 7614,0,2,5,0,0,7,1.4,0.0,125,5,0,12.4,1,0,0,0,0,ChIJjw9YeN6_QIYReR0pxDeQXs4,JPMorgan Chase - Downtown Houston + Back-Up Care,5.0,1.0,medium_confidence
1511301,"El Jardin, A Place Where Kids Grow LLC",SAN ANTONIO,502 W MITCHELL ST,78204 2726,0,1,1,0,0,2,0.5,0.0,33,4,0,0.0,0,0,0,0,0,ChIJjwa2yllZXIYRpsBPFIepcA4,"El Jardín, A Place Where Kids Grow LLC",5.0,2.0,high_confidence
137721,Barton Creek Child Development Center EISD,AUSTIN,1314 PATTERSON RD,78733 6501,8,4,4,0,0,16,0.133,0.067,69,120,0,26.9,1,1,0,0,0,ChIJjy0WzJBJW4YR6tjzOTy-6OI,"Barton Creek Child Development Center, Inc.",4.6,38.0,high_confidence
275950,Chinese Community Center  Child Development Center,HOUSTON,9800 TOWN PARK DR,77036 2316,4,11,8,1,1,25,2.5,0.4,270,10,1,20.1,0,1,0,0,0,ChIJjz8ALtHCQIYRIb1kWk6OOaU,Chinese Community Center,4.4,282.0,medium_confidence
1150995,KIDS UNIVERSITY PREPARATORY LEARNING CENTER,DALLAS,2020 W WHEATLAND RD,75232 4517,2,4,3,0,0,9,0.409,0.091,133,22,0,11.0,0,1,0,0,0,ChIJjzEp0TiRToYR4sBuWe_ZcNU,Kid's University Preparatory Learning Center,4.6,45.0,high_confidence
1480747,Inwood Daycare & Learning Center,HOUSTON,8021 ANTOINE DR STE A,77088 4301,11,10,10,0,0,31,1.409,0.5,160,22,0,0.0,0,1,0,0,0,ChIJk-E1QybJQIYRUQ_DP268mZI,Inwood Daycare & Learning Center,5.0,33.0,high_confidence
1315093,Poppy's Kiddie Kampus II,SAN ANTONIO,1134 GILLETTE BLVD,78224 2217,2,17,13,0,0,32,2.133,0.133,80,15,0,6.8,0,1,0,0,0,ChIJk-XS-H1XXIYR0JGbyFEjJSs,Poppy's Kiddie Kampus Inc.,5.0,4.0,high_confidence
1270988,SJB Childcare LLC dba Growing in Graces,HOUSTON,13147 W LAKE HOUSTON PKWY,77044 5391,18,26,10,0,0,54,3.176,1.059,118,17,0,8.3,0,1,0,0,0,ChIJk-gLm1auQIYRe33Cd7SZ320,Growing In Graces Summerwood,4.4,39.0,medium_confidence
99390,DePaul Children's Center,SAN ANTONIO,3050 GOLDEN AVE,78211 3883,0,1,0,0,0,1,0.1,0.0,200,10,0,39.6,1,1,0,0,0,ChIJk-rImuxZXIYRlIvyYfAKb6U,Ascension DePaul Children's Center,4.0,30.0,high_confidence
210070,Luv N Care Child Development Center,SAN ANTONIO,13211 HUEBNER RD,78230 4200,10,8,1,0,0,19,0.792,0.417,314,24,0,23.5,0,1,0,0,0,ChIJk0LEMyRhXIYRHQVpmTq92nQ,Luv-n-Care Child Development Centers,4.0,76.0,high_confidence
149361,Creative Connections Childrens Center,HOUSTON,9302 WILCREST DR,77099 2129,13,16,2,0,0,31,1.24,0.52,198,25,0,28.5,0,1,0,0,0,ChIJk2NORlfdQIYRGDAgS_Oxr-o,Creative Connections Childrens,4.5,113.0,high_confidence
165596,First Mexican Baptist Church,SAN ANTONIO,201 MEREDITH DR,78228 3231,5,9,1,1,0,16,1.6,0.5,70,10,1,25.8,0,1,0,0,0,ChIJk4XHGaVYXIYRISlSMQxAJdw,First Mexican Baptist Church of San Antonio,4.8,17.0,medium_confidence
121870,Fountain Plaza Child Incorporated,AUSTIN,825 E 53RD 1/2 ST,78751 1628,6,4,3,1,1,15,0.882,0.353,105,17,1,33.9,1,0,0,0,0,ChIJk5IdmRHKRIYRTk3zr_p-HXo,Child Inc Fountain Plaza Child Development Center,4.0,3.0,medium_confidence
299400,First Foundations Preschool,AUSTIN,11902 ANDERSON MILL RD,78726 1113,0,1,3,0,0,4,0.571,0.0,200,7,0,19.4,0,0,0,0,0,ChIJk6CVGIsyW4YRZiKVq0_VXSc,First Foundations Preschool,5.0,25.0,high_confidence
99156,Tarrytown Childrens Center,AUSTIN,2614 EXPOSITION BLVD,78703 1702,0,1,0,0,0,1,0.077,0.0,85,13,0,39.6,0,1,0,0,0,ChIJk8PydqHKRIYRKSR5O0yAt1s,Tarrytown Children's Center,3.5,4.0,high_confidence
96021,Kiddie Korner Private School,DALLAS,328 W 12TH ST,75208 6501,2,10,6,2,0,20,1.111,0.111,157,18,1,40.2,0,1,0,0,0,ChIJkRavJ4yZToYR2rUYsjlGYI0,Kiddie Korner Private School,3.8,17.0,high_confidence
1517852,Lil Ones Daycare Emporium,HOUSTON,4646 VICTORY DR,77088 7238,0,1,0,0,0,1,0.333,0.0,73,3,0,0.0,0,0,0,0,0,ChIJkRttr6zJQIYRLyGfQWEZjWg,Lil One's Daycare Emporium LLC,4.0,28.0,high_confidence
1433070,Edquisitive Montessori Northwest,SAN ANTONIO,2829 HUNTERS GREEN ST,78231 1647,1,10,8,1,0,20,1.538,0.077,113,13,0,2.4,0,1,0,0,0,ChIJkTgYuQBhXIYRBdFXkPW2f74,Edquisitive Montessori of NW Military,4.8,21.0,medium_confidence
1463856,Hands N Hands Childcare,SAN ANTONIO,538 SURREY AVE,78225 2450,4,6,3,1,0,14,0.933,0.267,93,15,1,1.6,0,1,0,0,0,ChIJkTseAflYXIYRwGhnL_pqzmM,Hands N Hands Child Care,5.0,1.0,high_confidence
287154,Lighthouse Christian Academy,FORT WORTH,7200 ROBERTSON RD,76135 9457,3,2,0,0,0,5,0.455,0.273,170,11,0,20.0,0,1,0,0,0,ChIJkUSErgbgTYYRwhIHlvhYgAU,Lighthouse Christian Academy,4.0,5.0,high_confidence
102295,Foundry Methodist Preschool,HOUSTON,8350 JONES RD,77065 4608,1,4,2,0,0,7,1.167,0.167,262,6,0,39.2,0,0,0,0,0,ChIJkUkqoaiXQIYRGSyr-uYsY-M,Foundry Pre School,5.0,5.0,medium_confidence
95996,Berkeley Methodist Child Care Center,AUSTIN,2407 BERKELEY AVE,78745 4304,6,3,2,0,0,11,1.0,0.545,75,11,0,40.1,0,1,0,0,0,ChIJkWJLQGdLW4YRroJcIjOJkTY,Berkeley United Methodist Church,4.5,22.0,medium_confidence
926713,YMCA ASP @ Ninfa Laurenzo EC,HOUSTON,205 N DELMAR ST,77011 2309,0,2,1,0,0,3,0.375,0.0,36,8,0,13.8,0,1,0,0,0,ChIJkXTW85m-QIYRy_qktnvfKec,Ninfa Laurenzo Early Childhood Center,4.3,23.0,medium_confidence
1138203,Trillium Montessori,AUSTIN,9707 ANDERSON MILL RD STE 350,78750 0020,2,8,5,0,0,15,1.25,0.167,65,12,0,11.3,0,1,0,0,0,ChIJkbGwqc8yW4YRHN76CCKA0zU,Trillium Montessori,4.9,42.0,high_confidence
1286079,Bilingual Early Learning Academy,AUSTIN,12504 TOMANET TRL,78727 4215,3,3,1,1,0,8,1.0,0.375,44,8,1,7.5,0,1,0,0,0,ChIJkcaC_CDMRIYRb4jzpbLvbHI,Bilingual Early Learning Academy,5.0,13.0,high_confidence
1389754,Learn N Play Clubhouse LLC,SAN ANTONIO,6454 RANDOLPH BLVD,78233 5323,15,17,7,3,1,43,2.389,0.833,38,18,1,3.4,0,1,0,0,0,ChIJkeQyMHaNXIYRV53LiPne0UU,Learn N' Play Clubhouse,4.8,24.0,high_confidence
166503,Childrens Courtyard,HOUSTON,16255 LONGENBAUGH DR,77095 1715,6,3,6,0,0,15,0.625,0.25,304,24,0,25.1,1,1,0,0,0,ChIJkfZESibXQIYRqn_s76EqNH4,The Children's Courtyard of Houston,4.3,42.0,medium_confidence
856968,All Star Learning Center,HOUSTON,1517 GEARS RD STE A,77067 4139,9,5,5,2,0,21,1.909,0.818,161,11,0,14.3,0,1,0,0,0,ChIJkft-1nrJQIYRM7cavzUYWBw,All Star Learning Center,4.0,43.0,high_confidence
1134514,Annette's Day Care Center Too!,DALLAS,3034 S BECKLEY AVE,75224 3502,4,0,2,0,0,6,0.429,0.286,36,14,0,11.3,0,1,0,0,0,ChIJkxaEklmXToYR68E3s8SkKDg,Annette's Daycare Center Too!,1.2,17.0,high_confidence
1517150,BCA Hollywood Park LLC,SAN ANTONIO,92 TRAILCREST ST,78232 1333,0,1,0,0,0,1,1.0,0.0,115,1,0,0.2,0,0,0,0,0,ChIJl-Ar4wKKXIYRG3vXUpFA-sk,Bilingual Child Academy Hollywood Park,4.4,26.0,medium_confidence
1317231,Over the Rainbow Christian Learning Center LLC,SAN ANTONIO,1222 FREDERICKSBURG RD,78201 5553,1,1,1,1,0,4,0.364,0.091,82,11,1,7.2,0,1,0,0,0,ChIJl0SJ3WpeXIYR8_5m4F2dsxE,-Over the Rainbow Christian Learning Center.LLC,4.3,40.0,medium_confidence
250107,Little Steps Learning Center #2,DALLAS,7121 LAKE JUNE RD,75217 1520,0,5,1,1,0,7,1.167,0.0,49,6,1,21.0,0,1,0,0,0,ChIJl1BiQSSjToYR9ITzT9DsuoQ,Little Steps Learning Center,4.3,12.0,high_confidence
211633,Teeter Totter Village,HOUSTON,9133 SCOTT ST,77051 2763,1,5,1,0,0,7,0.875,0.125,272,8,0,23.4,0,1,0,0,0,ChIJl4r-oWyVQIYRj615k6W7DqQ,Teeter Totter Village Child Development Center,3.6,22.0,medium_confidence
100564,Bethany School,AUSTIN,10010 ANDERSON MILL RD,78750 2127,3,3,1,0,0,7,1.0,0.429,140,7,0,38.7,0,0,0,0,0,ChIJl5N-JvwzW4YR007yxaRjRLA,Bethany Preschool,4.2,5.0,high_confidence
514253,Hopewell Development Center,DALLAS,5144 DOLPHIN RD,75223 2421,1,11,6,0,0,18,1.8,0.1,49,10,0,15.5,0,1,0,0,0,ChIJl5Pk7BKiToYRXziLgQGpNM4,Hopewell Development & Achievement Center,4.4,27.0,medium_confidence
1449826,The Kindness Academy,SAN ANTONIO,9480 BRAUN RD,78254 6701,4,7,6,1,2,20,1.667,0.333,120,12,1,2.1,0,0,0,0,0,ChIJl65DALZpXIYR5NxUCKqigs8,The Kindness Academy,5.0,17.0,high_confidence
1310291,LBJ Creative Ideas Learning Academy,HOUSTON,11243 VETERANS MEMORIAL DR STE A,77067 3838,16,31,12,0,4,63,3.316,0.842,75,19,0,6.9,0,1,0,0,0,ChIJl6dSw67JQIYRdAe8nDTJpsQ,LBJ Creative Ideas Learning Academy,4.0,23.0,high_confidence
94291,Marbach Christian Church DCC,SAN ANTONIO,8023 MARBACH RD,78227 1615,3,2,4,0,0,9,0.75,0.25,119,12,0,40.1,0,1,0,0,0,ChIJl6v-VaZcXIYRDjWhP7kSNck,Marbach Christian Church,4.5,50.0,high_confidence
458188,Childrens Lighthouse Learning Center at Alamo Ranch,SAN ANTONIO,5610 LONE STAR PKWY,78253 5888,2,6,3,0,0,11,0.407,0.074,249,27,0,16.2,0,0,0,0,0,ChIJl6xcBWtCXIYRdZaiFralPMQ,Children's Lighthouse of Alamo Ranch,4.4,171.0,medium_confidence
1108499,Tiny Feet Daycare #2,AUSTIN,1408 W STASSNEY LN,78745 2948,4,10,9,0,1,24,1.714,0.286,36,14,0,11.8,0,1,0,0,0,ChIJl9mjKABLW4YRLMzEDc8jvr8,Tiny Feet Daycare,5.0,1.0,high_confidence
97797,Kiddie Koop Day Care Center Inc,SAN ANTONIO,28190 US HIGHWAY 281 N,78260 1704,0,3,1,0,0,4,0.571,0.0,156,7,0,39.3,1,0,0,0,0,ChIJl9zNEtKHXIYRU4geVLQL9_A,Kiddie Koop Children's Enrichment Center,5.0,3.0,medium_confidence
361451,Country Home Learning Center #10 LTD.,SAN ANTONIO,23907 CIELO VIS,78255 9503,5,5,0,0,0,10,0.333,0.167,511,30,0,16.9,1,1,0,0,0,ChIJlRPIiRNlXIYRFl1ZKFKTrXo,Country Home Learning Center at Leon Springs,4.2,72.0,medium_confidence
310154,Childtime Learning Center,FORT WORTH,1408 MORRISON DR,76112 3711,12,10,11,1,0,34,1.0,0.353,135,34,2,18.7,0,1,0,0,0,ChIJlSdZ6JJ7ToYR52jGzH2-nl0,Childtime on Morrison,4.2,33.0,medium_confidence
167419,Respite Care of San Antonio Incorported,SAN ANTONIO,303 W FRENCH PL,78212,4,5,2,0,0,11,0.786,0.286,114,14,0,24.9,0,1,0,0,0,ChIJlT1_4GhfXIYR0zKs4fxg-_w,Respite Care of San Antonio,4.4,49.0,high_confidence
1293179,Bright Kids Daycare & Learning Center #3,SAN ANTONIO,4503 THOUSAND OAKS DR,78233 6834,20,36,18,2,4,80,0.889,0.222,108,90,4,7.6,0,1,0,0,0,ChIJlTC9JnKLXIYR1snkUXpqzm0,Bright Kids Daycare & Learning Center,2.8,19.0,high_confidence
276915,Childrens Center of Austin,AUSTIN,8100 BEE CAVE RD,78746 4944,9,9,3,1,0,22,1.467,0.6,327,15,0,20.0,0,0,0,0,0,ChIJlTbH2-o1W4YRBQRDJQgNWB0,Children's Center of Austin,4.4,16.0,high_confidence
1474176,The Learning Experience,HOUSTON,8630 JONES RD,77065 5394,0,3,2,0,0,5,0.556,0.0,162,9,0,1.1,0,1,0,0,0,ChIJlTqLkuzRQIYR6l4qx00zaTM,The Learning Experience - Jersey Village,4.5,30.0,medium_confidence
1377913,Ivy Kids of Alamo Ranch,SAN ANTONIO,5325 LONE STAR PKWY,78253,3,7,1,0,0,11,0.458,0.125,280,24,0,4.0,0,0,0,0,0,ChIJlU0y37lDXIYRFII328GeW8s,Ivy Kids of Alamo Ranch,4.5,77.0,high_confidence
171311,Sherandas Playhouse II,DALLAS,2124 N PRAIRIE CREEK RD,75227 8112,1,9,2,0,0,12,1.2,0.1,162,10,0,24.3,0,1,0,0,0,ChIJlUJnH2KjToYRlSeAsT3KErM,Sheranda's Play House,2.7,20.0,medium_confidence
95439,Happy Time Day School,FORT WORTH,1813 LAYTON AVE,76117 5438,0,0,3,0,0,3,0.5,0.0,99,6,0,39.9,1,1,0,0,0,ChIJlWirmEh3ToYRU-sTclXeJ3o,Happy Time Dayschool,4.5,26.0,medium_confidence
154584,Gethsemane Lutheran MDO,HOUSTON,4040 WATONGA BLVD,77092 5321,2,0,2,1,0,5,0.455,0.182,141,11,0,27.1,0,0,0,0,0,ChIJlXdkK2jGQIYR23FnDGbegVw,Gethsemane Lutheran Church,5.0,20.0,medium_confidence
1382468,Northstar Preschool,FORT WORTH,10332 WESTPOINT BLVD,76108 4081,8,6,4,0,0,18,0.783,0.348,191,23,0,4.0,0,1,0,0,0,ChIJlYvmb2wMToYRAxsTMedji5M,Northstar Preschool at Westpoint,4.3,93.0,medium_confidence
1458603,Village Montessori,HOUSTON,1629 W 34TH ST,77018 6215,14,17,17,1,2,51,1.889,0.519,270,27,2,1.7,0,0,0,0,0,ChIJl_FzeBDHQIYRR_zmN7eePqA,Village in the loop Preschool,5.0,21.0,medium_confidence
1516311,Kings Kids Houston Childcare LLC,HOUSTON,9702 WILLOW ST,77088 4637,0,1,0,1,0,2,1.0,0.0,64,2,1,0.1,0,0,0,0,0,ChIJla_NSmCXQIYRx9t15l9E0Ro,Kings Kids Academy,3.7,11.0,medium_confidence
1469132,Kid Kountry Early Learning Center LLC,SAN ANTONIO,11708 DONOP RD,78223 4242,5,11,9,0,0,25,1.19,0.238,113,21,0,1.7,0,1,1,0,0,ChIJlazKNDH6XIYROiNeGWJ9UZA,Kid Kountry Early Learning,3.4,38.0,high_confidence
1152889,Brighton Center,SAN ANTONIO,265 E LULLWOOD AVE,78212 5268,3,5,2,1,0,11,1.1,0.3,58,10,0,10.8,1,1,0,0,0,ChIJldCEpX5fXIYRsYh1BNM7vR4,Brighton Preschool,4.3,14.0,medium_confidence
336659,Sharons Playground Learning Center,DALLAS,3949 SAINT FRANCIS AVE STE B,75228 6175,0,2,4,0,0,6,0.6,0.0,30,10,0,17.5,1,1,0,0,0,ChIJldQCp8ajToYRf1RVgVHVK5w,Sharon's Playground Learning,4.3,11.0,high_confidence
1287902,Star of Hope Child Development Center,HOUSTON,2575 REED RD,77051 2216,1,4,4,2,0,11,1.222,0.111,272,9,1,7.7,1,0,0,0,0,ChIJldqf9EqVQIYRwmC_9u9Lubk,Star of Hope Mission - Women and Family Development Center at Star of Hope's Cornerstone Community,3.7,410.0,medium_confidence
1396589,The Nest School Plano,DALLAS,18303 DAVENPORT RD,75252 5454,2,4,0,0,0,6,0.333,0.111,206,18,0,3.3,0,1,0,0,0,ChIJleLcKVwjTIYR07VmZ1TOVzY,The Nest Schools Plano,5.0,41.0,high_confidence
164820,Heintz Preschool,SAN ANTONIO,16550 HUEBNER RD,78248 1695,4,12,12,3,3,34,3.091,0.364,93,11,2,25.0,0,0,0,0,0,ChIJlehrnp1hXIYRuaP5-PKcXBo,Heintz Preschool,5.0,11.0,high_confidence
1102411,Pinnacle Kids Academy,SAN ANTONIO,15706 CLASSEN RD,78247 2100,0,8,2,0,0,10,0.625,0.0,157,16,0,12.4,0,1,0,0,0,ChIJlfveeJKLXIYRxCPQqAp_lZw,Pinnacle Kids Academy,4.2,41.0,high_confidence
235003,Rosedale V Head Start & Child Development Center,FORT WORTH,4244 E ROSEDALE ST,76105 1825,2,0,1,0,0,3,0.2,0.133,80,15,0,21.7,0,0,0,0,0,ChIJlyg_1YB6ToYRzreH-gLpMDM,Rosedale V Child Development Center,5.0,2.0,high_confidence
100719,Gethsemane Lutheran Childrens,AUSTIN,200 W ANDERSON LN,78752 1106,2,4,2,0,0,8,0.8,0.2,132,10,0,38.5,0,0,0,0,0,ChIJlyyCwSzKRIYRy5RKR3yOYQQ,Gethsemane Lutheran Children's,5.0,6.0,high_confidence
1387199,Shining Stars Academy,HOUSTON,7711 BEECHNUT ST,77074 3101,4,8,7,3,0,22,1.571,0.286,148,14,1,3.8,0,1,0,0,0,ChIJm0XYfonCQIYRyT8RVnZB2D4,The Shining Stars Academy,4.6,26.0,high_confidence
1120072,Camp Fire First Texas at Westcliff,FORT WORTH,4300 CLAY AVE,76109 5224,0,1,0,0,0,1,0.143,0.0,80,7,0,11.7,0,1,0,0,0,ChIJm3T-_Kp3ToYRFAD1-ThvsxU,Camp Fire First Texas,3.4,9.0,medium_confidence
1479546,Westpark Star Kids Academy,HOUSTON,3969 S GESSNER RD,77063 5135,2,8,6,0,0,16,2.286,0.286,52,7,1,0.9,0,0,0,0,0,ChIJm4yFxh_DQIYRUPngMv4JfYg,Westpark Star Kids Academy,5.0,11.0,high_confidence
100135,Immanuel Lutheran Church And School,HOUSTON,306 E 15TH ST,77008 4239,6,7,1,1,0,15,1.364,0.545,277,11,1,38.8,1,0,0,0,0,ChIJm5tVWVvHQIYRYdNU0tyQ9O8,Immanuel Lutheran Church (LCMS),5.0,8.0,medium_confidence
1467075,Metropolitan Christian Academy,DALLAS,3430 S POLK ST,75224 3804,1,1,1,0,0,3,0.214,0.071,86,14,0,0.9,0,1,0,0,0,ChIJm7Fo5a2QToYRHGL9y391wtA,Metropolitan Christian Academy,4.0,8.0,high_confidence
1194459,Something Special Children's Center,HOUSTON,9602 FULTON ST,77076 4915,0,1,1,0,0,2,0.4,0.0,85,5,0,9.9,0,1,0,0,0,ChIJm7OzCBS4QIYRapQyD5Ny0iE,Something Special Child Care,3.3,19.0,high_confidence
1270375,Primrose School of Parkwood Hill,FORT WORTH,7451 PARKWOOD HILL BLVD,76137 3745,1,6,3,0,0,10,1.25,0.125,190,8,0,8.7,1,0,0,0,0,ChIJm85KlPjXTYYR7OYkRGwHqZ8,Primrose School of Parkwood Hill,4.8,44.0,high_confidence
1116900,Ascension Day School,DALLAS,8787 GREENVILLE AVE,75243 7140,1,2,0,0,0,3,0.429,0.143,99,7,0,12.1,0,0,0,0,0,ChIJm8GigAAgTIYRKaYYRSdINRc,Ascension Day School,5.0,1.0,high_confidence
1515476,Stepping Stone School XVII,AUSTIN,1007 E 40TH ST,78751 4805,0,0,0,0,0,0,0.0,0.0,88,3,0,0.2,0,0,0,0,0,ChIJm8lJFQfKRIYRYEiZa2tWwTU,Stepping Stone School - Hyde Park,4.4,29.0,medium_confidence
478929,The Discovery School,AUSTIN,8600 WHITE CLIFF DR STE 3,78759 7717,2,5,3,0,0,10,1.667,0.333,34,6,0,15.9,0,0,0,0,0,ChIJm9B78gLNRIYR_c0TQ4AbM3k,Discovery School (Explorers),5.0,13.0,medium_confidence
1281973,Lil One's Daycare Emporium 2,HOUSTON,8151 E HOUSTON RD,77028 2000,4,18,8,0,0,30,2.0,0.267,33,15,0,7.9,0,0,0,0,0,ChIJmQsPCfe6QIYR51ZWvAPY5Xc,Lil One’s Daycare Emporium LLC,4.2,5.0,high_confidence
1384323,Community Preschools at Eastex,HOUSTON,5052 SCOTT ST,77004 7904,5,4,4,0,0,13,0.867,0.333,124,15,0,3.8,0,1,0,0,0,ChIJmRd5TX6_QIYRjUqOOUsqO4I,Community Preschools at Lawson,5.0,29.0,high_confidence
1484813,Sandra's Little Learners,HOUSTON,11403 HALL RD,77089 3038,0,2,0,0,0,2,0.333,0.0,43,6,0,0.9,0,1,0,0,0,ChIJmT9brVSXQIYRGdRpKrp5kNc,Sandra's Little Learners,5.0,6.0,high_confidence
96449,La Petite Briar Forest,HOUSTON,11803 BRIAR FOREST DR,77077 4130,14,35,15,1,0,65,1.97,0.424,110,33,3,40.1,0,1,0,0,0,ChIJmTmpupbcQIYRogIqq6u4o8o,La Petite Academy on Briar Forest Dr,3.7,58.0,medium_confidence
245248,Saintsville Baptist Church Academy,FORT WORTH,2200 OAK HILL RD,76112 4011,2,2,4,0,0,8,0.8,0.2,189,10,0,21.7,1,1,0,0,0,ChIJmVgv9E16ToYRDJNhm_gZfTU,Saintsville Baptist Church,4.3,32.0,high_confidence
1107012,K n K Development and Learning Center,SAN ANTONIO,4542 E HOUSTON ST,78220 1716,9,7,16,1,0,33,2.538,0.692,48,13,0,12.7,0,1,0,0,0,ChIJmW-glq72XIYR3Op0SuS9rZs,K n K Development and Learning Center,3.0,4.0,high_confidence
1146736,Cardinal Farrell Community Center,DALLAS,321 CALUMET AVE,75211 3547,0,0,0,0,0,0,0.0,0.0,289,8,0,11.1,0,0,0,0,0,ChIJmX-YnUebToYR0UrbwbNki38,Cardinal Farrell Community Center,4.2,5.0,high_confidence
1482585,Kido International Preschool,AUSTIN,1924 S 1ST ST,78704 4254,0,2,0,0,0,2,0.286,0.0,154,7,0,0.9,0,0,0,0,0,ChIJmXMqdgC1RIYR1wsL3CcygoM,Kido International Preschool & Daycare Bouldin Creek,4.9,26.0,medium_confidence
99619,Guilbeau KinderCare,SAN ANTONIO,8980 GUILBEAU RD,78250 2650,5,10,11,0,0,26,0.703,0.135,111,37,0,38.9,0,1,0,0,0,ChIJmXN6HAhoXIYR6h6SXYu11Es,Guilbeau KinderCare,4.6,42.0,high_confidence
1396502,"Aunt Tammy's Early Learning Academy, LLC",DALLAS,4909 S COCKRELL HILL RD,75236 2019,2,5,5,1,0,13,1.625,0.25,48,8,1,3.1,0,1,0,0,0,ChIJmXtd1_GRToYRKcg2obnWPKE,Aunt tammys daycare,4.7,9.0,medium_confidence
1294447,Hillside Early Childhood Center,AUSTIN,1700 WOODLAND AVE,78741 2534,1,1,0,1,0,3,0.25,0.083,100,12,1,7.5,0,1,0,0,0,ChIJmZu4wiK1RIYR8c_XqCgiE_A,Hillside Early Childhood Center,4.4,19.0,high_confidence
1515419,Stepping Stone School III,AUSTIN,6616 MCNEIL DR,78729 7767,0,0,0,0,0,0,0.0,0.0,240,3,0,0.2,0,0,0,0,0,ChIJmch1RxzNRIYRZcYD7mKwvz8,Stepping Stone School - McNeil,3.9,39.0,high_confidence
734528,AVANCE Mangum Center,HOUSTON,4503 MANGUM RD,77092 4325,6,9,3,0,0,18,1.2,0.4,368,15,1,14.5,0,0,0,0,0,ChIJmd69Z2zGQIYRVbaR_Spd98c,Avance Mangum Education Center,4.0,24.0,high_confidence
1442078,"Daniehl LLC, DBA: First Steps Learning Center",HOUSTON,5431 BARKER CYPRESS RD STE 1500,77084 1995,3,27,9,0,0,39,0.5,0.038,102,78,0,2.3,0,1,0,0,0,ChIJmdxXmiLXQIYR92I4yGuIstk,First Steps Learning Center- Barker Cypress,4.5,36.0,medium_confidence
318303,Margaret H Cone Head Start Center,DALLAS,2919 TROY ST,75210 1364,2,0,1,0,0,3,0.333,0.222,206,9,0,17.9,0,0,0,0,0,ChIJmxNLH3CiToYRJcU611HWOhw,Margaret H Cone Head Start Center,3.6,11.0,high_confidence
1500976,The Greenwood Preschool,HOUSTON,12135 MIGHTY OAK DR,77066 2859,4,10,2,0,0,16,3.2,0.8,94,5,0,0.0,0,0,0,0,0,ChIJmxXHiT7MQIYRzeW6DAZdr7s,The Greenwood Preschool,4.5,32.0,high_confidence
94094,Cliff Temple Child Development,DALLAS,125 SUNSET AVE,75208 4516,1,1,1,1,1,5,0.455,0.091,150,11,1,38.7,0,1,0,0,0,ChIJmymy0pGZToYRERjmbPuSXDE,Cliff Temple Child Development,4.2,10.0,high_confidence
1350938,Golden Star Learning Academy,HOUSTON,12010 BAMMEL NORTH HOUSTON RD,77066 4791,12,14,7,6,0,39,3.545,1.091,80,11,2,4.6,0,1,0,0,0,ChIJmzSr53zNQIYRu-A8mrgV2mo,Golden Star Learning Academy,4.1,9.0,high_confidence
1374029,Kidspring Bilingual Learning Center,AUSTIN,7002 MENCHACA RD STE 200,78745 5352,2,3,1,0,0,6,0.4,0.133,34,15,0,4.3,0,0,0,0,0,ChIJn0JUUVlNW4YRs6RavGpz9tk,KidSpring Bilingual Learning Center,5.0,29.0,high_confidence
94770,ChildCareGroup Martin Luther King Jr Center,DALLAS,2922 MARTIN LUTHER KING JR BL,75215 2321,2,1,1,0,0,4,0.333,0.167,114,12,0,39.4,1,0,0,0,0,ChIJn0MDxI2YToYRrypNLC3a3No,"ChildCareGroup Martin Luther King, Jr Center",4.0,5.0,high_confidence
1382283,Northstar Preschool at Fair Oaks,DALLAS,7825 FAIR OAKS AVE,75231 4603,2,1,1,0,0,4,0.286,0.143,165,14,0,4.4,0,1,0,0,0,ChIJn3UZrB2gToYRUE0Hmd-Xh8Y,Northstar Preschool at Fair Oaks,4.6,48.0,high_confidence
1309561,Rollings Academy Learning Center,SAN ANTONIO,223 S WW WHITE RD,78219 4221,9,10,12,1,1,33,2.538,0.692,72,13,3,7.0,0,1,0,0,0,ChIJn44lX6j2XIYRGWp4Maq1328,Rollings Learning Academy,5.0,4.0,high_confidence
776328,Mi Casa Center,SAN ANTONIO,4820 BRANDEIS ST,78249 1730,2,3,3,0,0,8,0.8,0.2,112,10,0,14.9,0,1,0,0,0,ChIJn4VWzNFmXIYR3OX1nDaTckY,Mi Casa Child Center,4.8,59.0,high_confidence
1343306,KIPP Austin North EAC YMCA,AUSTIN,8004 CAMERON RD,78754 3808,5,6,0,1,0,12,0.8,0.333,68,15,0,6.0,0,1,0,0,0,ChIJn5Mtebu3RIYRptVDXpwlrYE,KIPP Austin Comunidad,4.6,24.0,medium_confidence
1477153,Joyful Journeys Montessori,AUSTIN,12702 SHERBOURNE ST,78729 4541,0,3,2,0,0,5,0.833,0.0,34,6,0,1.2,0,1,0,0,0,ChIJn5vwYNPNRIYR2tUJwxbQi0g,Joyful Journeys Montessori,5.0,30.0,high_confidence
162346,Tots Haven Christian Academy,FORT WORTH,5216 HELMICK AVE,76107 7514,3,5,3,1,0,12,1.333,0.333,50,9,0,25.8,1,0,0,0,0,ChIJn8Ywf_lyToYRjUgX4fgcUbE,Tot's Haven Christian Academy,5.0,21.0,high_confidence
1408103,Legacy Christian Learning Center,SAN ANTONIO,4151 CULEBRA RD,78228 4557,10,11,5,1,1,28,1.167,0.417,83,24,0,3.1,0,1,0,0,0,ChIJn8j4F4hdXIYRECIMbFvDfr0,"Legacy Christian Learning Center, LLC",4.1,37.0,high_confidence
1414626,KCE Champions LLC @ IDEA Edgecliff,FORT WORTH,1640 ALTAMESA BLVD,76134,0,0,0,0,0,0,0.0,0.0,120,8,0,3.0,0,1,0,0,0,ChIJn96e1SNvToYR3jwjir-hQpk,Champions at IDEA Edgecliff,5.0,2.0,high_confidence
1219121,Fundamental Beginnings Day Care Center,HOUSTON,607 E RICHEY RD STE D,77073 6149,8,13,9,4,0,34,1.889,0.444,104,18,1,9.7,0,1,0,0,0,ChIJn9BU62PKQIYRRTnoX3jMHiA,"Fundamental Beginnings Daycare, LLC",4.3,28.0,medium_confidence
255719,Abiding Presence Lutheran Day School,SAN ANTONIO,14700 SAN PEDRO AVE,78232 4352,0,1,2,0,0,3,0.6,0.0,102,5,0,21.3,1,0,0,0,0,ChIJn9DbDXqKXIYRRi6vwKMdIyo,Abiding Presence Lutheran Church and Day School,5.0,17.0,high_confidence
939968,Apple of My Eye Academy,HOUSTON,690 NORMANDY ST,77015 3411,3,14,5,1,0,23,1.769,0.231,132,13,0,14.2,0,1,0,0,0,ChIJn9KnApmkQIYRdQUmrqT5zFg,Apple of My Eye Academy,4.3,30.0,high_confidence
1313917,Friendship Kids,AUSTIN,14455 FM 1826,78737 9629,0,0,0,0,0,0,0.0,0.0,81,6,0,6.9,0,0,0,0,0,ChIJnQaGYrRPW4YR1_VnOh2p9Gk,Friendship Kids,5.0,1.0,high_confidence
94602,Trotter YMCA Child Care Center,HOUSTON,1331 AUGUSTA DR,77057 2415,8,9,0,0,1,18,1.2,0.533,350,15,3,39.5,0,1,0,0,0,ChIJnROVmePDQIYR91oEDx-HU2s,Trotter Family YMCA,4.5,449.0,medium_confidence
200017,Scribbles Learning Center Inc,DALLAS,8025 UMPHRESS RD,75217 1841,1,4,2,1,0,8,0.889,0.111,27,9,2,23.4,0,1,0,0,0,ChIJnS4RIkCjToYRxHnrDBUst80,Scribbles Learning Center,3.6,7.0,high_confidence
98563,Westminster Presbyterian Day School,AUSTIN,3208 EXPOSITION BLVD,78703 1200,0,0,0,0,1,1,0.2,0.0,65,5,0,38.7,1,0,0,0,0,ChIJnSNtrqLKRIYRX-QDLe5OtNg,Westminster Presbyterian Day School,3.0,2.0,high_confidence
1377024,The Learning Experience,FORT WORTH,9056 TEHAMA RIDGE PKWY,76177 2094,12,3,5,0,1,21,0.778,0.444,216,27,1,4.0,0,1,0,0,0,ChIJnTkYzSXZTYYRHMRapojbK1w,The Learning Experience - Fort Worth-Heritage,4.7,74.0,medium_confidence
1279194,Cornerstone Learning Center 2,DALLAS,814 S BELT LINE RD,75253 3109,5,7,4,1,0,17,1.0,0.294,114,17,1,7.9,0,1,0,0,0,ChIJnWQ38YS6ToYR0xQ_nc7x0x0,Cornerstone Learning Center 2,4.8,27.0,high_confidence
1470564,Mary's Little Lamb Academy,HOUSTON,13450 CULLEN BLVD,77047 3826,11,10,5,0,0,26,2.0,0.846,71,13,0,1.3,0,1,0,0,0,ChIJnXQ9VlWVQIYR32gEC2v2akg,Mary's Little Lamb Academy,3.4,7.0,high_confidence
998928,ABC Children's Learning Center,HOUSTON,8385 ANTOINE DR,77088 2503,9,17,10,3,1,40,3.077,0.692,105,13,2,13.3,0,1,0,0,0,ChIJnXtHUcvIQIYR2GMV_4KLeP8,ABC Children's Learning Center,4.9,68.0,high_confidence
1453453,"Liberated Montessori ,Oak Cliff",DALLAS,813 N ZANG BLVD,75208 4234,5,12,2,0,0,19,1.357,0.357,152,14,0,1.3,1,0,0,0,0,ChIJnaalecSZToYRYSOCXDSIdHA,Liberated Montessori at Oak Cliff,4.9,9.0,high_confidence
156330,Childrens Courtyard,FORT WORTH,3955 REGGIS CT,76155 3950,5,0,3,0,0,8,0.5,0.312,199,16,0,26.9,0,1,0,0,0,ChIJnb1HceWAToYRAxUiuDGnex8,The Children's Courtyard on Reggis Court,4.6,70.0,medium_confidence
1244721,Little Steps Academy,FORT WORTH,3121 FOREST AVE,76112 7001,7,29,8,2,0,46,2.706,0.412,47,17,2,9.0,0,1,0,0,0,ChIJncWicBV6ToYRpuyyAHPUpzU,Little Steps Academy,3.5,13.0,high_confidence
296116,Childrens Courtyard,FORT WORTH,8701 S HULEN ST,76123 2700,10,9,6,0,0,25,0.962,0.385,322,26,0,18.9,0,1,0,0,0,ChIJnd9fmV1sToYR3VpR-t3wDHw,The Children's Courtyard on S. Hulen Street,4.6,63.0,medium_confidence
94330,Concordia Lutheran Child Care Center,SAN ANTONIO,16801 HUEBNER RD,78258 4456,1,3,3,0,0,7,0.7,0.1,275,10,0,27.5,0,0,0,0,0,ChIJnfd95ypiXIYRJhZK6Y2nEvU,Concordia Lutheran Church,4.7,42.0,medium_confidence
1372695,Angels on Earth Learning & Adventure Center,DALLAS,2805 PEAVY RD,75228 4772,3,11,8,1,0,23,0.821,0.107,239,28,0,4.3,0,1,0,0,0,ChIJnwcmjTKiToYR097K-EcjqAc,Angel's On Earth Learning & Adventure Center,4.7,15.0,high_confidence
1521630,Childcare Network #307,FORT WORTH,140 EXPEDITION DR,76108 4448,1,3,4,0,0,8,2.667,0.333,208,3,0,0.0,0,0,0,0,0,ChIJnwiFd34MToYRJXgCPSQFMV8,Childcare Network,4.1,56.0,high_confidence
1419888,Mi Casa Child Center,SAN ANTONIO,4331 MEDICAL DR BLDG 1,78229 3307,3,6,4,2,0,15,1.0,0.2,134,15,1,2.9,0,1,0,0,0,ChIJnwiwcfBhXIYRc-E2dfZZOPM,Mi Casa Child Center,4.4,45.0,high_confidence
309832,Edge Park United Methodist Preschool,FORT WORTH,5616 CROWLEY RD,76134 1002,0,1,0,0,0,1,0.111,0.0,38,9,0,18.9,0,0,0,0,0,ChIJnyTuwAtuToYRixXw-2cEUMY,Edge Park United Methodist Preschool,4.2,5.0,high_confidence
1377592,Benbrook Community Center YMCA,FORT WORTH,1899 WINSCOTT RD,76126 4337,4,14,6,0,1,25,1.562,0.25,140,16,3,4.1,0,1,0,0,0,ChIJo229mIUSToYRMVLOfSBL7Rg,Benbrook Community Center YMCA | YMCA of Fort Worth,4.6,293.0,medium_confidence
96579,Aunt Faye Early Learning Academy,DALLAS,2638 S BECKLEY AVE,75224 2936,9,3,9,1,0,22,1.571,0.643,54,14,0,39.8,0,1,0,0,0,ChIJo2d25uKZToYROTzobaYRBb0,Aunt Faye Early Learning Academy,5.0,2.0,high_confidence
1354272,Childcare Paradise Learning Center,DALLAS,2146 E OVERTON RD,75216 5713,2,8,1,0,0,11,0.733,0.133,85,15,0,5.4,0,1,0,0,0,ChIJo2mvQBOOToYReBskzvik2f8,Childcare Paradise Learning Center,4.1,9.0,high_confidence
550028,Little Learning Center,SAN ANTONIO,1730 W HUISACHE AVE,78201 5411,0,1,1,0,0,2,0.25,0.0,68,8,0,15.8,0,1,0,0,0,ChIJo3lA2hxfXIYR5cwJ0ujWVPs,Little Learning Center,4.0,21.0,high_confidence
1329517,Betty's Babies Child Care and Learning Center,SAN ANTONIO,6231 VIVA MAX DR,78238 5163,7,15,4,2,0,28,1.077,0.269,84,26,2,6.2,0,1,0,0,0,ChIJo4IyMcddXIYRRCu7OjWh8V0,Betty's Babies Child Care LLC,4.4,29.0,medium_confidence
1521461,Mini Scholars Academy LLC,DALLAS,1825 W CLARENDON DR,75208 7629,0,2,0,0,0,2,1.0,0.0,78,2,0,0.0,0,0,0,0,0,ChIJo5GlQAAfTIYRFxAyO660Ezk,Mini scholars academy,5.0,1.0,high_confidence
258590,Martin Luther King Pre-Kindergarten ASP,HOUSTON,3930 W FUQUA ST,77045 6302,1,3,4,1,0,9,1.286,0.143,53,7,0,20.7,0,1,0,0,0,ChIJo7JFqKDrQIYR4rcDmCx0wjg,Martin Luther King Early Child,4.7,30.0,medium_confidence
1469010,KCE Champions LLC @ KIPP Somos,SAN ANTONIO,8915 CALLAGHAN RD,78230 4510,1,4,0,0,0,5,0.714,0.143,120,7,1,1.6,1,1,0,0,0,ChIJo7tsRfxhXIYRqs4XcdpCqsg,Champions at KIPP Somos Primary,5.0,2.0,medium_confidence
554172,"The Children's Garden, A Place to Bloom",SAN ANTONIO,1575 GOLIAD RD,78223 2719,3,9,9,0,0,21,2.1,0.3,56,10,0,15.7,0,1,0,0,0,ChIJo8YOrKj3XIYRLsQhYUheqYQ,The Children's Garden,3.9,7.0,medium_confidence
1479290,"The Heights Christian School, LLC",HOUSTON,1331 STUDEWOOD ST BLDG A,77008 4575,1,7,2,0,0,10,1.111,0.111,92,9,0,1.0,0,0,0,0,0,ChIJoQGozCqzOqIRPkXp3vynXKc,"The Heights Christian School, LLC",5.0,20.0,high_confidence
104739,Y Early Learning Center,SAN ANTONIO,835 W SOUTHCROSS BLVD,78211 2744,1,5,7,0,0,13,1.083,0.083,152,12,0,37.4,0,1,0,0,0,ChIJoRA5NFJYXIYRuz-slKDG-Dc,Y Living Center,4.9,14.0,medium_confidence
1482747,Little Wonder Academy,SAN ANTONIO,11093 BANDERA RD,78250 6814,0,5,3,0,0,8,1.143,0.0,95,7,0,1.0,0,1,0,0,0,ChIJoRMtt3hoXIYROYWi8wiZa_s,Little Wonder Academy,4.7,23.0,high_confidence
1183305,Unique Childcare III,HOUSTON,6362 MARTIN LUTHER KING BLVD STE E-C,77021 4437,2,4,8,0,0,14,0.583,0.083,76,24,0,10.2,0,1,0,0,0,ChIJoRTzrii-QIYRuPhAhu7e49Y,Unique Childcare lll,5.0,13.0,high_confidence
1401115,The Kenworthy School,HOUSTON,880 W 28TH ST,77008 1710,8,14,10,0,0,32,2.133,0.533,280,15,0,3.2,0,1,0,0,0,ChIJoRfrrnTHQIYR2cXx8iV1y9E,The Kenworthy School,4.5,21.0,high_confidence
155575,Lil Angels Day Care Center,AUSTIN,6006 CAMERON RD,78723 1845,0,0,2,0,0,2,0.333,0.0,44,6,0,27.1,0,1,0,0,0,ChIJoTH15x3KRIYR9wEDZb7DQHo,Lil' Angels Daycare Center,4.9,45.0,high_confidence
1334011,Play 2 Learn Child Development Center,SAN ANTONIO,1507 NOGALITOS ST,78204 2504,2,1,2,0,0,5,0.385,0.154,30,13,0,5.9,0,1,0,0,0,ChIJoTkbaH1ZXIYRUGLBmOsYUc4,Play 2 Learn Child Development Center,4.6,9.0,high_confidence
1521386,The Day School at Grace Church Lake Highlands,DALLAS,10101 WALNUT HILL LN,75238 2166,0,0,0,0,0,0,0.0,0.0,103,2,0,0.0,0,0,0,0,0,ChIJoUDn43IhTIYRbiNNPUOt8Xc,Grace Church Lake Highlands,5.0,9.0,medium_confidence
1273298,Richland Academy,DALLAS,9850 WALNUT ST,75243 2829,3,5,3,0,0,11,0.917,0.25,170,12,0,8.6,0,1,0,0,0,ChIJoUPVn7ofTIYRx5g1j-_n21w,Richland Academy Learning Center,3.8,24.0,medium_confidence
1116468,Carousel Academy,DALLAS,4500 S LANCASTER RD # 75,75216 7167,0,5,4,0,0,9,1.5,0.0,80,6,1,12.0,0,1,0,0,0,ChIJoV7orp-XToYRw3QXK3cdtOE,Carousel Academy,5.0,9.0,high_confidence
162616,Houston Heights DC Center,HOUSTON,902 W 8TH ST,77007 1408,4,16,5,1,0,26,2.889,0.444,150,9,1,25.3,1,0,0,0,0,ChIJoXAADkXHQIYRP2LIcjLohtw,Houston Heights Daycare and Learning Center,4.4,48.0,medium_confidence
1368570,Amiguitos Spanish Immersion Academy,AUSTIN,9912 VIKKI TER,78736 7840,2,4,3,0,0,9,0.529,0.118,41,17,1,4.5,0,1,0,0,0,ChIJoYiCaeJLW4YRl46XJ05YvJs,Amiguitos Spanish Immersion Academy,4.7,29.0,high_confidence
1242694,The Learning Experience,HOUSTON,2435 ELDRIDGE PKWY S,77077 5255,7,3,2,0,1,13,0.765,0.412,200,17,0,9.1,0,1,0,0,0,ChIJo_vaZkDcQIYRrbnU5gUi-vY,The Learning Experience - Eldridge,4.5,112.0,high_confidence
1251597,Right Fit Kids Academy,HOUSTON,5703 RICKY ST,77033 2417,2,10,1,0,0,13,0.929,0.143,33,14,0,8.9,0,1,0,0,0,ChIJoa3VKrqVQIYR_o5gzpEkFK0,Right Fit Day Care,4.5,8.0,medium_confidence
1305328,Star Center Gymnastics,AUSTIN,3100 W SLAUGHTER LN STE B,78748 5738,4,3,2,0,0,9,1.125,0.5,100,8,0,7.1,0,0,0,0,0,ChIJoawPS2hMW4YRMrV3p5mjETM,Star Center Gymnastics,3.9,23.0,high_confidence
108571,Child Development Center at Temple Beth Israel,AUSTIN,3901 SHOAL CREEK BLVD,78756 3815,9,10,6,0,1,26,0.897,0.31,139,29,2,35.8,1,0,0,0,0,ChIJobJh8oXKRIYRSjmf0lPYmkk,Child Development Center at Congregation Beth Israel,5.0,6.0,medium_confidence
1369556,Books & Bibs Childcare and Learning,SAN ANTONIO,6756 MONTGOMERY,78239 3245,1,2,0,0,0,3,0.273,0.091,92,11,0,4.5,0,1,0,0,0,ChIJobc3GifzXIYRMykC52qdjRQ,Books & Bibs Child Care And Learning Academy,4.6,18.0,medium_confidence
1403182,"We Luv Kids Learning Center, LLC",SAN ANTONIO,11220 PERRIN BEITEL RD STE 114,78217 2506,4,15,6,1,0,26,1.733,0.267,113,15,0,3.2,0,1,0,0,0,ChIJoca5EPaLXIYR6fBFUGP5PcQ,"We Luv Kids Learning Center, LLC",5.0,26.0,high_confidence
1468852,Montessori Children?s House & School,SAN ANTONIO,4911 GOLDEN QUAIL,78240 1541,0,3,1,1,0,5,0.714,0.0,75,7,0,1.5,0,1,0,0,0,ChIJod3HCEdnXIYRGh0VHFSXS4s,Montessori Children's House & School,4.5,32.0,high_confidence
1241022,Foundation In Christ LLC,SAN ANTONIO,1739 COMMERCIAL AVE,78221 1009,0,3,2,0,0,5,0.556,0.0,99,9,0,8.8,0,1,0,0,0,ChIJoejJ4kVYXIYRcWxsKy3V99o,Foundation In Christ,4.1,15.0,high_confidence
1494133,Momma Bear Child Care,DALLAS,1201 W CAMP WISDOM RD STE 320,75232 3446,0,0,0,0,0,0,0.0,0.0,89,6,0,0.4,0,0,0,0,0,ChIJoxGhXq2RToYRE3gN3Z-wihI,Momma Bear Child Care,5.0,15.0,high_confidence
1494310,Brainy Kidz Academy,HOUSTON,3648 CYPRESS CREEK PKWY STE 139,77068 3630,7,5,4,1,1,18,2.0,0.778,59,9,0,0.6,0,0,0,0,0,ChIJoz8OwgrNQIYRfDrhsZRqJOw,Brainy Kidz Academy,5.0,2.0,high_confidence
1357248,Lovers Lane UMC Creative School,DALLAS,10066 MARSH LN,75229 6065,0,0,0,0,0,0,0.0,0.0,110,6,0,5.3,0,0,0,0,0,ChIJp-a7I_OdToYRIm3QxpWB0mY,The Creative School,4.5,2.0,medium_confidence
1416764,Brilliant Bee Preschool Academy,AUSTIN,15501 RANCH ROAD 620 N STE 1000,78717 5272,5,6,8,1,1,21,1.75,0.417,12,12,0,2.9,0,0,0,0,0,ChIJp1YIrn8zW4YRd324L6Yy1ZM,Brilliant Bee Preschool Academy,4.8,24.0,high_confidence
915992,Brenda & John H. Duncan Rise School Of Houston,HOUSTON,5618 H. Mark Crosswell  Street Jr,77021,0,0,0,0,0,0,0.0,0.0,153,5,0,13.9,1,0,0,0,0,ChIJp1mt6hDAQIYRc6avKRNp50s,Rise School of Houston,5.0,11.0,medium_confidence
1461531,Weathersby Learning Center LLC,HOUSTON,15703 LONGENBAUGH DR STE H,77095 1649,0,2,0,0,0,2,0.25,0.0,79,8,0,1.7,0,1,0,0,0,ChIJp4zM76zXQIYRgJR2QRex0d4,Weathersby Learning Center,5.0,11.0,high_confidence
1188881,"Wesley United Community Center, Inc.",FORT WORTH,3600 N CRUMP ST,76106 4422,3,3,3,1,0,10,1.111,0.333,100,9,0,10.1,0,0,0,0,0,ChIJp5U9FIV2ToYRrHtBx97sXzw,UCC Wesley Center,4.4,85.0,medium_confidence
1514090,Principrin School 2,HOUSTON,3640 W 12TH ST,77008 6050,4,10,4,0,0,18,0.692,0.154,471,26,0,0.3,0,0,0,0,0,ChIJp8MWkCHHQIYR6MwyOY6Pwfg,Principrin School,4.9,72.0,high_confidence
1118562,Precious Moments Learning Center,HOUSTON,6113 LANGLEY RD,77016 3323,1,8,3,3,0,15,0.938,0.062,195,16,0,11.9,0,1,0,0,0,ChIJp8qxDaa7QIYRpE6oQ8mHjjA,Precious Moments Learning Center,5.0,3.0,high_confidence
117940,John Wesley United Methodist,HOUSTON,5830 BERMUDA DUNES DR,77069 1806,1,0,1,1,0,3,0.429,0.143,156,7,0,34.9,1,0,0,0,0,ChIJpRfTh63NQIYRm2EDWbGeNKg,John Wesley Methodist Church,4.8,57.0,medium_confidence
168934,Momentous Institute,DALLAS,106 E 10TH ST,75203 2236,1,1,0,1,0,3,0.5,0.167,56,6,1,25.3,1,0,0,0,0,ChIJpTDMX5CZToYRq4699MYdqn8,Momentous Institute - Oak Cliff Campus,4.7,84.0,medium_confidence
318555,Bustos Daycare and Learning Center,SAN ANTONIO,959 SW 34TH ST,78237 3536,0,3,2,0,0,5,0.833,0.0,40,6,0,18.0,0,1,0,0,0,ChIJpU50ZlZZXIYR5z39L0iKpQg,Bustos Daycare & Learning Center,3.8,16.0,high_confidence
1334981,"Growth Academy, LLC",HOUSTON,11503 MARTIN LUTHER KING BLVD,77048 1867,4,11,9,1,0,25,1.923,0.308,136,13,0,5.9,0,1,0,0,0,ChIJpU87aQCVQIYRlvqU30k9qv0,Growth Academy,5.0,76.0,high_confidence
1256056,Kappi Kids Academy,HOUSTON,14923 BELLAIRE BLVD,77083 2510,0,5,1,0,0,6,1.2,0.0,35,5,0,8.7,0,1,0,0,0,ChIJpVMaOHfeQIYRJ9O3XTm-x7E,Kappi Kids Academy,4.8,50.0,high_confidence
1525193,Kindercity Champions,HOUSTON,7022 CHETWOOD DR STE G,77081 6107,0,0,0,0,0,0,0.0,0.0,58,1,0,0.0,0,0,0,0,0,ChIJp_GjoiDCQIYRkjnJ2b1mR8g,Kindercity Champions Childcare Center,3.2,30.0,medium_confidence
1461674,Rainbow Land Child Care Center,DALLAS,5739 WORTH ST,75214 4612,3,2,2,0,0,7,1.4,0.6,36,5,0,2.0,0,1,0,0,0,ChIJpfBAfQCZToYRGNQqOYdH5e0,Rainbow Land,5.0,7.0,medium_confidence
94723,Madison Square Child Development Center,SAN ANTONIO,319 CAMDEN ST,78215 2002,5,8,3,1,1,18,0.667,0.185,85,27,0,40.2,0,1,0,0,0,ChIJpwdG7FBfXIYR6j92XchRj6w,Madison Square Child Development Center,4.6,25.0,high_confidence
1525108,Near Southside Montessori,FORT WORTH,305 W BROADWAY AVE,76104 1238,0,0,0,0,0,0,0.0,0.0,80,2,0,0.0,0,0,0,0,0,ChIJpxJiXwVxToYRMVmQ5VH3QLc,Near Southside Montessori,5.0,3.0,high_confidence
1089218,Discovery Early Learning Center,FORT WORTH,9130 WHITE SETTLEMENT RD,76108 2026,0,2,1,0,0,3,0.333,0.0,214,9,0,13.3,0,1,0,0,0,ChIJpxeCh4MMToYRQLFXFwwJNGo,Discovery Early Learning Center,4.0,22.0,high_confidence
1384527,Spanish Schoolhouse Fort Worth,FORT WORTH,6789 CAMP BOWIE BLVD,76116 7112,5,3,1,0,1,10,0.714,0.357,187,14,0,4.4,0,0,0,0,0,ChIJpyS_JyBzToYRrP2ML4jS6wE,Spanish Schoolhouse Fort Worth,4.9,65.0,high_confidence
1342058,Urban School Solution Learning Center,HOUSTON,1100 WILCREST DR STE 112,77042 1642,7,24,11,3,1,46,4.182,0.636,100,11,3,5.5,0,1,0,0,0,ChIJq-GSOdfdQIYR3QfpKXd88hw,Urban School Solutions,3.5,8.0,medium_confidence
136712,Skyrise School of Bent Tree,DALLAS,4025 FRANKFORD RD,75287 6607,2,3,4,1,0,10,0.625,0.125,153,16,0,31.4,0,1,0,0,0,ChIJq0M_mQ4kTIYRyd4V73hSd4s,Skyrise School of Bent Tree,4.1,62.0,high_confidence
1526906,Tierra Encantada Garden Oaks,HOUSTON,900 W 34TH ST STE 100,77018 6319,1,0,0,0,0,1,1.0,1.0,104,1,0,0.0,0,0,0,0,0,ChIJq1sf67DHQIYRfMki5P-wUFw,Tierra Encantada - Garden Oaks,5.0,1.0,high_confidence
95434,Hope Lutheran Day Care Center,SAN ANTONIO,5714 CALLAGHAN RD,78228 1101,3,5,6,0,0,14,0.824,0.176,122,17,0,40.0,0,1,0,0,0,ChIJq2Q9FtxdXIYRSgArGRtdlZE,Hope Lutheran Learning Center,4.4,27.0,medium_confidence
104931,"Country Home Learning Center #3, LTD.",SAN ANTONIO,6750 POSS RD,78238 2258,7,1,1,0,0,9,0.281,0.219,465,32,0,30.7,0,1,0,0,0,ChIJq2bW13ZdXIYRjF04xDxQwWE,Country Home Learning Center at Leon Valley,4.1,172.0,medium_confidence
1357917,Snapdragon Preschool,AUSTIN,6800 W GATE BLVD STE 111,78745 4868,0,0,2,0,0,2,0.286,0.0,36,7,0,4.8,0,0,0,0,0,ChIJq3H9h-xLW4YRl74l15Bd6Jc,Snapdragon Preschool - South Austin,5.0,7.0,medium_confidence
1469003,Arka Montessori Academy of Risinger,FORT WORTH,5801 W. RISINGER RD.,76123,9,3,0,0,0,12,0.706,0.529,160,17,0,1.5,0,1,0,0,0,ChIJq3sgmPhtToYR22P-sq8Gn3s,Arka Montessori Academy of Risinger,4.3,39.0,high_confidence
95071,Holy Cross Lutheran Early Learning,HOUSTON,7901 WESTVIEW DR,77055 6729,0,2,3,0,0,5,0.833,0.0,61,6,0,40.2,0,0,0,0,0,ChIJq40CqiPEQIYRNB4ngkEXyQk,Holy Cross Early Learning Center,4.1,10.0,medium_confidence
1350969,Brainy Bees Childcare Center,HOUSTON,15633 WESTPARK DR STE 100,77082 3951,5,18,12,4,0,39,3.545,0.455,102,11,1,5.3,0,1,0,0,0,ChIJq5SWn6vfQIYREbc18VCzGpU,Brainy Bees Childcare Center,4.5,23.0,high_confidence
406988,Valero Family Center,SAN ANTONIO,1 VALERO WAY,78249 1616,5,5,0,0,0,10,0.556,0.278,232,18,0,16.5,0,1,0,0,0,ChIJq6qq741mXIYRPP8rm5jSdp4,Valero Family Wellness Center - Health By Design,5.0,2.0,medium_confidence
94521,Good Samaritan Center,SAN ANTONIO,1600 SALTILLO ST,78207 6842,1,7,3,0,0,11,1.222,0.111,95,9,0,40.2,0,1,0,0,0,ChIJq6qqqtZYXIYR3BquLoKgCBY,Good Samaritan Center,4.6,252.0,high_confidence
1469479,Panda Bear Academy,HOUSTON,3416 FONDREN RD,77063 5666,14,27,14,0,0,55,3.667,0.933,112,15,0,0.9,1,1,0,0,0,ChIJq7HHNgfDQIYRQVdkBR505to,"Panda Bear Academy - Houston, Texas",4.2,55.0,medium_confidence
367437,"EC Learning Academy, INC",HOUSTON,1106 GREENS PKWY,77067 4244,10,22,14,5,3,54,3.0,0.556,112,18,2,16.7,0,1,0,0,0,ChIJq7T_jHfJQIYRvRIBJPIsqgY,E C Learning Academy,4.6,24.0,high_confidence
1311371,Mi Escuelita Preschool at Casa View,DALLAS,11540 FERGUSON RD,75228 1825,0,1,2,0,0,3,0.273,0.0,42,11,0,6.9,1,1,0,0,0,ChIJq8Htsc6nToYRYwknhK2oH-0,Mi Escuelita Preschool,3.7,7.0,medium_confidence
94920,Open Door Central,AUSTIN,1717 W 10TH ST,78703 3907,4,0,3,0,0,7,0.636,0.364,85,11,0,38.5,1,0,0,0,0,ChIJq8RaImq1RIYRqT5ZBvVxbvQ,Open Door Preschool,5.0,23.0,medium_confidence
1479504,Todays Child Learning Center,AUSTIN,9908 DESSAU RD,78754 3943,1,1,1,0,0,3,0.3,0.1,46,10,0,1.1,0,1,0,0,0,ChIJq8oaNQzJRIYR7EZVXu5WpBQ,Today's Child,4.4,7.0,medium_confidence
232346,Good Shepherd Ep Church Parents Day Out,DALLAS,11122 MIDWAY RD,75229 4118,2,3,1,0,0,6,0.75,0.25,90,8,0,21.7,0,0,0,0,0,ChIJq8su8VInTIYRC3AfgpDMLP0,Episcopal Church of the Good Shepherd,5.0,23.0,medium_confidence
1102989,Life Time Fitness Camps,SAN ANTONIO,5639 WORTH PKWY,78257 5067,1,5,2,0,2,10,1.429,0.143,150,7,0,12.1,0,0,0,0,0,ChIJq9mJ1jxkXIYRJEgFSQHPryk,Life Time,3.9,554.0,medium_confidence
1460752,Kido International Preschool,HOUSTON,1307 YALE ST,77008 4287,1,2,4,0,1,8,1.143,0.143,220,7,0,1.7,0,0,0,0,0,ChIJqRG0bNnHQIYRXRfL7pA-ueU,Kido International Preschool & Daycare Heights,4.6,18.0,medium_confidence
960968,Handprints Academy,DALLAS,702 S HAMPTON RD,75208 7817,1,10,3,0,0,14,1.4,0.1,322,10,1,13.6,0,1,0,0,0,ChIJqTx9p0CaToYRBgcBJ--FQAg,Handprints Academy,4.0,46.0,high_confidence
1429880,The Nest School Park Cypress,HOUSTON,18150 PARK CYPRESS ST,77094 1321,14,5,3,0,1,23,1.438,0.875,333,16,0,2.5,0,1,0,0,0,ChIJqUWzu8HZQIYRTFCQ1m1hYfg,The Nest Schools Park Cypress,4.5,46.0,high_confidence
910495,Amviet Learning Center LLC,HOUSTON,7419 S KIRKWOOD RD STE D,77072 3350,4,5,3,1,0,13,2.167,0.667,49,6,0,13.9,0,1,0,0,0,ChIJqV47Uz3dQIYRqu192dyklgo,Alief Learning Center,2.9,24.0,high_confidence
1499888,Center For Transforming Lives Riverside CDC,FORT WORTH,3001 S RIVERSIDE DR,76119 2621,1,0,0,0,0,1,0.2,0.2,182,5,0,0.2,1,0,0,0,0,ChIJqWAR8kFxToYRpCb9zW9NAzQ,Center for Transforming Lives,4.0,83.0,high_confidence
97539,Ascension Child Development Center,HOUSTON,2525 SEAGLER RD,77042 3119,3,4,4,1,0,12,1.714,0.429,94,7,1,39.8,0,0,0,0,0,ChIJqZDaCjfDQIYRaU8zKQiiSEY,Ascension Episcopal School,4.6,10.0,medium_confidence
1502164,Kidz Rocket 1,HOUSTON,15015 WESTHEIMER PKWY STE O,77082 1677,1,3,2,0,0,6,1.2,0.2,67,5,0,0.1,0,0,0,0,0,ChIJqZO1P5neQIYRZ-a4CgvCZPo,Kidz Rocket Learning Center,4.3,57.0,medium_confidence
1515149,Nurture & Grow Learning Center LLC,HOUSTON,3609 DREYFUS ST,77021 5553,0,0,0,0,0,0,0.0,0.0,74,2,0,0.1,1,0,0,0,0,ChIJqa7ALf8K7EMRM3ilL3pfM9g,Nurture & Grow Learning Center LLC,5.0,8.0,high_confidence
1380261,The Lilypad Garden School,SAN ANTONIO,18952 REDLAND RD,78259 3572,4,2,3,2,0,11,0.647,0.235,218,17,1,4.4,0,0,0,0,0,ChIJqbg2zYiJXIYRyD5KJtHJQ2o,The Lilypad Garden School,4.1,63.0,high_confidence
614588,New Kids on the Block Learning Center  No. 2,SAN ANTONIO,623 S WW WHITE RD,78220 1732,5,5,8,0,0,18,1.385,0.385,93,13,0,15.2,0,1,0,0,0,ChIJqcffpK_2XIYRvKw08p5iJkg,New Kids On The Block Learning Center,4.6,11.0,high_confidence
1439699,Reach for the Stars Daycare,SAN ANTONIO,7604 W MILITARY DR,78227 1928,4,10,5,1,0,20,1.818,0.364,76,11,1,2.2,0,1,0,0,0,ChIJqy-w5ZhdXIYReEe32SrQk_c,Reach For The Stars Daycare Center,4.7,12.0,high_confidence
97816,Kiddie Kare,DALLAS,4126 MARYLAND AVE,75216 6122,0,0,0,0,0,0,0.0,0.0,38,6,0,39.2,0,1,0,0,0,ChIJqyX-iGqXToYRuc2bNot_EDY,Kiddie Kare Daycare Center,1.8,15.0,medium_confidence
97340,Macarthur Park Lutheran School,SAN ANTONIO,2903 NACOGDOCHES RD,78217 4522,1,4,2,1,0,8,1.333,0.167,102,6,0,40.1,0,1,0,0,0,ChIJqzmHtdWKXIYRnv_lQUhKoxs,MacArthur Park Lutheran School,5.0,5.0,high_confidence
1155790,Yeshiva Torat Emet,HOUSTON,11330 BRAESRIDGE DR,77071 2300,4,4,0,2,0,10,1.667,0.667,323,6,2,10.8,0,0,0,0,0,ChIJr-NH6eHpQIYRhyaxbEuivEM,YTE - Yeshiva Torat Emet,4.8,10.0,high_confidence
1170329,Oxford Academy,HOUSTON,12602 HILLCROFT ST,77035 5428,11,16,7,2,0,36,2.4,0.733,164,15,1,10.2,0,1,0,0,0,ChIJr1fYhpnpQIYRnQdLM4q9C_U,Oxford Academy,4.6,11.0,high_confidence
974270,Crossroads Early Learning  Center,HOUSTON,12110 E SAM HOUSTON PKWY N,77044 5135,2,0,0,0,0,2,0.222,0.222,160,9,0,13.4,0,1,0,0,0,ChIJr3G5mr6vQIYRS4MvQHnnrPg,Crossroads Early learning Center,4.6,47.0,high_confidence
1338404,AVANCE Bammel Head Start,HOUSTON,17309 RED OAK DR,77090 1243,0,14,2,4,4,24,0.632,0.0,153,38,2,4.8,0,0,0,0,0,ChIJr3PJoObHQIYRQf0s4_NFGeg,Acres Homes AVANCE Head Start,5.0,2.0,medium_confidence
1387169,Tree House Early Learning Academy,HOUSTON,1476 WILCREST DR,77042 2229,5,14,2,1,0,22,1.467,0.333,85,15,0,3.8,0,1,0,0,0,ChIJr5YB5h3dQIYR2-dWAmZoiQc,Tree House Early Learning Academy,4.4,49.0,high_confidence
157220,Aldine ISD West Transportation Nursery,HOUSTON,9900 ANTOINE DR,77086 2900,0,2,1,0,0,3,0.6,0.0,78,5,0,26.9,0,0,0,0,0,ChIJr9l6j9LOQIYRrthgR13-yC4,Aldine ISD Transportation,2.7,97.0,medium_confidence
997728,ABC Children's Academy #2,HOUSTON,9450 ROUND UP LN,77064 5364,1,6,2,0,1,10,1.25,0.125,144,8,0,13.4,0,1,0,0,0,ChIJrROGDdHRQIYRenTpMzpOn2c,ABC Children's Academy,4.6,47.0,high_confidence
417808,Building Blocks Academy-Evergreen,HOUSTON,1920 EVERGREEN DR,77087 2806,8,25,5,0,0,38,1.357,0.286,115,28,0,16.4,0,1,0,0,0,ChIJrRmmaMC9QIYR2_ej9I5N7yw,Building Blocks Academy Evergreen,4.6,80.0,medium_confidence
1121158,Lil Learners Academy,HOUSTON,9712 FONDREN RD,77096 3616,3,10,3,0,2,18,1.059,0.176,90,17,0,11.9,0,1,0,0,0,ChIJrRqqBdjpQIYRAz4u8ons11w,Lil' Learners Academy,4.9,62.0,high_confidence
363120,YMCA Briarmeadow Afterschool Program,HOUSTON,3601 DUNVALE RD,77063 5707,1,5,3,0,0,9,1.0,0.111,102,9,0,16.8,0,0,0,0,0,ChIJrTLELqzDQIYRMvJqgFxcOl4,Briarmeadow Afterschool Program Child Care,5.0,1.0,medium_confidence
1104292,Life Time Fitness Camps,HOUSTON,7717 WILLOW CHASE BLVD,77070 5870,1,17,8,1,0,27,3.857,0.143,120,7,0,12.3,0,0,0,0,0,ChIJrUeISenNQIYRU8SYbFI5MAY,Life Time,3.9,731.0,medium_confidence
1451136,Super Kids Academy,FORT WORTH,1908 EVERMAN PKWY,76140 5118,4,6,3,0,1,14,0.824,0.235,85,17,0,2.0,0,1,0,0,0,ChIJrVug8OhvToYRSAc_udlRp84,Super Kids,4.2,42.0,medium_confidence
1487383,The Pillars Christian Learning Center,SAN ANTONIO,7852 RIMROCK SPRINGS,78253,5,6,0,0,1,12,0.6,0.25,203,20,0,0.8,0,1,0,0,0,ChIJrWCKWV5rXIYRuuFVPsJIG5M,The Pillars Christian Learning Centers - Talley,4.4,23.0,high_confidence
1157371,Cedar Bend Child INC,AUSTIN,1808 CEDAR BEND DR,78758 2600,9,6,3,0,0,18,1.0,0.5,100,18,0,10.9,0,0,0,0,0,ChIJrXk8lqbORIYR_6eBBRUbTRI,Child Inc. Cedar Bend Child Development Center,3.8,8.0,medium_confidence
1467593,Angels Care and Learning Center #2,AUSTIN,4905 MAUFRAIS LN,78744 2031,1,1,3,0,0,5,0.625,0.125,126,8,0,1.6,0,1,0,0,0,ChIJrZTeOgGzRIYRcrkufFZ93Tk,Angels Care & Learning Center - Maufrais,5.0,32.0,medium_confidence
102877,ACC Children's Lab School,AUSTIN,3401 WEBBERVILLE RD # 5000,78702 3004,1,0,1,0,1,3,0.273,0.091,50,11,0,26.6,1,1,0,0,0,ChIJrcQ37tq1RIYR41nQ1HRU62s,Austin Community College Children's Lab School,5.0,7.0,medium_confidence
1326690,Mariner Montessori,HOUSTON,6018 FAIRDALE LN,77057 6102,1,9,4,1,1,16,1.6,0.1,241,10,0,6.2,0,1,0,0,0,ChIJrdPE5S7DQIYRP6FU8KMCmbo,Mariner Montessori School,4.7,75.0,high_confidence
1375077,My Little College 2,SAN ANTONIO,8600 WURZBACH RD STE 602,78240 4332,5,19,12,1,1,38,1.652,0.217,45,23,0,4.2,0,1,0,0,0,ChIJrebdAKBhXIYRoB7MvkSG3rQ,My Little College 2,5.0,13.0,high_confidence
299562,Sunrise Early Learning And Development Center,FORT WORTH,3108 STALCUP RD,76119 1550,0,2,0,1,0,3,0.5,0.0,70,6,1,18.9,1,1,0,0,0,ChIJrejqYul6ToYR5mZbljoHmT8,Sunrise Early Learning & Dev,3.5,13.0,medium_confidence
105238,Silver Spoons Preschool,SAN ANTONIO,1627 MEADOW WAY DR,78227 1663,1,2,0,0,0,3,0.429,0.143,148,7,0,35.8,0,1,0,0,0,ChIJrw6LG6dcXIYRT6s0GCs2mkw,Silver Spoons Pre-School,4.4,18.0,high_confidence
135558,Sonshine School,AUSTIN,9300 BEE CAVE RD,78733 6207,0,0,2,0,0,2,0.333,0.0,100,6,0,27.7,0,0,0,0,0,ChIJrwyUQd81W4YRS4ztYncLpiI,SonShine School,5.0,2.0,high_confidence
95700,Fair Haven Day School,HOUSTON,1330 GESSNER RD,77055 4005,1,2,1,0,0,4,0.364,0.091,220,11,0,37.9,0,0,0,0,0,ChIJrx1qDMHEQIYRI-MPkjDmTC0,Fair Haven Day School,4.6,63.0,high_confidence
1509937,Kinder Bloom Academy,HOUSTON,6903 HUFFMEISTER RD,77084 1558,1,0,2,1,0,4,2.0,0.5,106,2,1,0.3,0,0,0,0,0,ChIJrx7eML_QQIYRAbl-cs_OZIs,Kinder Bloom Academy,4.2,28.0,high_confidence
302607,Montessori at Sundance Square,FORT WORTH,201 JONES ST,76102 7214,1,4,2,0,0,7,0.583,0.083,221,12,0,19.3,0,0,0,0,0,ChIJry17Uz9xToYRAd76jRrJN6I,Bright Horizons at Sundance Square,4.7,61.0,medium_confidence
1370702,Montessori Kids Universe Shavano,SAN ANTONIO,13807 RED MAPLE WOOD,78249 3995,7,9,4,1,0,21,0.875,0.292,146,24,2,4.4,0,0,0,0,0,ChIJrz15bThnXIYRoncKdZj6xos,Montessori Kids Universe Shavano,4.6,47.0,high_confidence
1474886,My Little Rascals New Start CDC,DALLAS,2907 N HAMPTON RD,75212 5032,18,29,6,0,0,53,2.409,0.818,71,22,0,1.6,1,1,0,0,0,ChIJs-QE97-bToYRTeD3YT0s07o,Little Rascals 2 Daycare,4.1,16.0,medium_confidence
210526,Center Of Hope Crystal CDC,DALLAS,4815 CASS ST,75235 8011,0,2,0,0,0,2,0.333,0.0,65,6,0,22.7,0,1,0,0,0,ChIJs1YoSK-eToYRfHTw7o6UgOU,Union Gospel Mission - Center of Hope,3.4,86.0,medium_confidence
94158,St. Martin's Lutheran Day School,AUSTIN,606 W 15TH ST,78701 1514,3,5,1,0,0,9,0.562,0.188,176,16,0,39.9,1,0,0,0,0,ChIJs1kCWXS1RIYRJdsGeCHk8sw,St. Martin's EV. Lutheran Church & Preschool,4.8,60.0,medium_confidence
94581,North Fort Worth Head Start and CDC,FORT WORTH,901 NW 30TH ST,76106,6,3,0,0,0,9,0.692,0.462,83,13,0,38.6,0,1,0,0,0,ChIJs2cJCyN0ToYR-z4M-6Z-e-I,North Fort Worth Head Start And Cdc,3.0,6.0,high_confidence
168712,Lighthouse Learning Center,DALLAS,5525 W ILLINOIS AVE,75211 6612,0,0,1,0,0,1,0.2,0.0,200,5,0,24.8,1,1,0,0,0,ChIJs2zBx7qaToYRaTNuFZfm6zQ,Lighthouse Learning Center,4.8,26.0,high_confidence
160874,Comunidad Child Care Center,DALLAS,1721 N GARRETT AVE,75206 7514,0,3,4,0,1,8,1.6,0.0,34,5,0,26.0,0,1,0,0,0,ChIJs5ZIiDSfToYRhQWyVsh1C6o,Communidad Child Care Center,4.0,8.0,high_confidence
1316789,Club Busy Bee - Mayde Creek,HOUSTON,2698 GREENHOUSE RD,77084 4408,4,12,10,2,2,30,1.154,0.154,60,26,4,6.7,0,1,0,0,0,ChIJs5keE00hQYYRBHZr2ZBddBM,Club Busy Bee,4.5,39.0,medium_confidence
1238503,The Precinct Academy and Daycare,SAN ANTONIO,7500 ECKHERT RD STE 140,78240 3067,5,22,24,2,0,53,2.524,0.238,82,21,0,9.3,0,1,0,0,0,ChIJs6CptGJdXIYRK2fC5GXixvw,The Precinct Academy & Daycare,4.5,26.0,high_confidence
1469620,Baby Boss Learning Center,SAN ANTONIO,4704 SAN PEDRO AVE,78212 1438,4,4,2,1,0,11,1.375,0.5,81,8,1,1.5,0,1,0,0,0,ChIJs8JP5lVfXIYRJqSrQrhn3o8,Baby Boss Learning Center,4.6,98.0,high_confidence
116984,La Petite Academy,FORT WORTH,5432 BASSWOOD BLVD,76137 4400,9,8,13,2,1,33,1.031,0.281,140,32,1,35.4,1,1,0,0,0,ChIJs8vwIALYTYYR0-7RVH9juCw,La Petite Academy on Basswood Blvd,4.2,65.0,medium_confidence
163137,Westchase Academy,HOUSTON,10085 WESTPARK DR STE D,77042 5928,11,14,3,2,0,30,1.875,0.688,129,16,1,25.6,0,1,0,0,0,ChIJsRJ7ISHDQIYRU-KZpJASXgE,Westchase Academy & Daycare,3.8,22.0,medium_confidence
1286157,Crayola Learning Center,HOUSTON,9908 BEECHNUT ST STE I,77036 6410,6,6,2,2,0,16,1.333,0.5,87,12,0,8.0,0,1,0,0,0,ChIJsRZDB9rDQIYRc5EOTNz4Z4k,Crayola Learning Center,4.8,36.0,high_confidence
1514962,Stepping Stone School XI,AUSTIN,3811 HARMON AVE,78751 4425,0,1,1,0,0,2,0.333,0.0,136,6,0,0.2,0,0,0,0,0,ChIJsSHjS4u1RIYR2FJs3RMoZwQ,Stepping Stone School at Mueller/UT,4.5,33.0,medium_confidence
1502557,Eastside YMCA,FORT WORTH,1500 SANDY LN,76112 3529,0,1,0,0,0,1,0.25,0.0,174,4,0,0.1,0,0,0,0,0,ChIJsShed5V7ToYRkMrQGUsUHlQ,Eastside YMCA | YMCA of Fort Worth,4.3,52.0,medium_confidence
310755,Larrys Learning Academy,HOUSTON,4214 F ST,77072 5366,2,7,7,0,0,16,3.2,0.4,63,5,0,18.4,0,1,0,0,0,ChIJsSpDsxzdQIYR3XWOoDWysWE,Larry's Learning Center,2.6,10.0,medium_confidence
1285167,The Prep School of Bee Cave,AUSTIN,14001 BEE CAVE PKWY,78738 6523,9,1,0,0,0,10,0.455,0.409,263,22,0,7.8,0,0,0,0,0,ChIJsUKsQwY5W4YR89OPpmwR01I,The PREP School of Bee Cave,5.0,14.0,high_confidence
134032,Circle C Child Development Center,AUSTIN,5917 LA CROSSE AVE,78739 1601,2,3,2,0,0,7,0.5,0.143,391,14,0,31.6,1,1,0,0,0,ChIJsU_pjLFOW4YRdpgnlDu5e1U,Circle C Child Development Center,4.2,21.0,high_confidence
1021488,Kid's World Learning Center,HOUSTON,16210 WEST RD,77095 5581,2,2,0,0,0,4,0.571,0.286,262,7,0,13.1,0,1,0,0,0,ChIJsVOAtNPWQIYR95xYFNPVVT8,Kids World Learning Center,4.7,189.0,high_confidence
1469603,RCC Child Learning Center,SAN ANTONIO,903 S WW WHITE RD,78220 2528,2,3,6,0,0,11,0.917,0.167,59,12,0,1.0,0,1,0,0,0,ChIJsVZ3Tgb3XIYRBjh98DwtM4g,RCC Child Learning Center,5.0,3.0,high_confidence
194662,Big Dreams & Lil' Wonders Academy,HOUSTON,11010 PERRY RD STE C,77064 4603,6,9,2,0,1,18,2.0,0.667,91,9,0,23.7,0,1,0,0,0,ChIJsXzBkuDRQIYRXjycvCwyQyw,Big Dreams & Lil Wonders Christian Academy,4.5,34.0,high_confidence
1313972,Bell's Little Angels,HOUSTON,2010 RESEDA DR,77062 6004,3,2,1,0,0,6,0.857,0.429,223,7,0,6.9,0,1,0,0,0,ChIJsYlH9PWcQIYRa4mDLvcC2EI,Bell's Little Angels Preschool,4.7,101.0,high_confidence
689208,Cadence Academy,SAN ANTONIO,10014 WILDHORSE PKWY,78254 6072,16,10,4,0,0,30,0.938,0.5,176,32,1,14.6,0,1,0,0,0,ChIJsYriZU5oXIYRj-fijIcNTLg,Cadence Academy Preschool,4.7,182.0,medium_confidence
100555,The Woods Private School,HOUSTON,15002 LAKEWOOD FOREST DR,77070 1321,1,8,5,0,0,14,2.0,0.143,350,7,0,38.5,1,0,0,0,0,ChIJsZWZmVnSQIYR2CKs-e1eyOA,The Woods Private School,5.0,6.0,high_confidence
1313510,Browns Earlybird Academy,FORT WORTH,5675 WESTCREEK DR,76133 3235,3,13,11,0,1,28,2.545,0.273,45,11,0,6.9,0,1,0,0,0,ChIJs_P26edtToYR1OFbFg-uIAU,Browns Earlybird Academy,3.7,3.0,high_confidence
1512231,Didactica Spanish Preschool,AUSTIN,2903 RANCH ROAD 620 N BLDG C,78734 2208,0,2,0,0,0,2,0.5,0.0,56,4,0,-0.0,1,0,0,0,0,ChIJsbMoERkxW4YRhAh7rHfvDYI,Didactica Spanish Immersion Preschool,5.0,2.0,high_confidence
1362133,Bright Beginnings Schoolhouse,AUSTIN,9604 FM 1826 BLDG 2,78737 2550,3,0,0,0,0,3,0.3,0.3,19,10,0,4.9,0,0,0,0,0,ChIJscNSo2NJW4YRVAYszUXMqho,Bright Beginnings Schoolhouse FM 1826,5.0,3.0,high_confidence
1495141,Childcare Express Learning Center,SAN ANTONIO,2034 AUSTIN HWY,78218 2503,0,1,0,0,0,1,0.143,0.0,125,7,0,0.5,0,0,0,0,0,ChIJscnuPi_1XIYRXu0v5IyAIcg,Childcare Express Learning Center LLC,4.3,8.0,high_confidence
1468740,Bilingual Minds,AUSTIN,10613 N FM 620 RD,78726 1706,2,5,6,1,0,14,1.75,0.25,68,8,0,1.6,0,0,0,0,0,ChIJscxMczszW4YRbLB1IYyM2IY,Bilingual Minds Preschool In Austin,4.8,9.0,medium_confidence
1489087,La Tribu Rural,AUSTIN,9000 MENCHACA RD,78748 5309,1,3,0,0,1,5,1.25,0.25,102,4,0,1.1,0,0,0,0,0,ChIJsfsqOGRNW4YRJpIiRcVgIF0,La Tribu Rural,5.0,15.0,high_confidence
1511264,Grace Point Day School,SAN ANTONIO,9650 HUEBNER RD,78240 1511,3,10,3,0,0,16,2.667,0.5,54,6,0,0.3,0,0,0,0,0,ChIJswgPIpxnXIYRTh4nKvLaZr0,Grace Point Day School,5.0,5.0,high_confidence
1437239,Bezos Academy Houston - North Shore,HOUSTON,5800 UVALDE RD BLDG 11,77049 4513,1,0,0,0,0,1,0.1,0.1,126,10,0,2.1,0,0,0,0,0,ChIJsxaIY9mlQIYRuae4aMAUvBM,Bezos Academy Houston - North Shore,5.0,4.0,high_confidence
1186229,Sproutstart Academy- Spring Valley Location,HOUSTON,1504 WIRT RD,77055 4919,0,5,6,1,1,13,1.857,0.0,44,7,1,10.4,0,0,0,0,0,ChIJsxo39SPEQIYRmKpIEU-tFRo,SproutStart Academy,4.2,12.0,medium_confidence
1273254,The PREP School of Stone Oak,SAN ANTONIO,24372 WILDERNESS OAK,78258 7803,3,4,0,0,0,7,0.538,0.231,222,13,0,8.3,0,0,0,0,0,ChIJt-D0sjCIXIYRcGCtl3JhxOI,PREP School of Stone Oak - Private Preschool,4.3,48.0,medium_confidence
94208,Hamilton Park Methodist Church,DALLAS,11881 SCHROEDER RD,75243 3656,1,0,2,0,0,3,0.5,0.167,70,6,0,38.8,1,1,0,0,0,ChIJt-ES_BAgTIYRiJ48FgeI9No,Hamilton Park United Methodist Church,4.7,69.0,high_confidence
582408,Hiram Clarke Head Start,HOUSTON,3810 W FUQUA ST,77045 6402,0,3,1,1,0,5,1.0,0.0,68,5,1,15.6,0,0,0,0,0,ChIJt1smJQrrQIYRu6N0K24bpgU,Head Start - Hiram Clarke,5.0,2.0,high_confidence
1332180,Cornerstone Learning Academy & Childcare #2,HOUSTON,12495 SCARSDALE BLVD,77089 6137,2,6,2,0,0,10,0.385,0.077,108,26,0,6.1,0,0,0,0,0,ChIJt2yb4j2aQIYRRE4Lu0OlxNs,"Cornerstone Learning Academy & Childcare, LLC",4.8,52.0,high_confidence
1454639,KCE Champions LLC @ KIPP Unity,HOUSTON,8500 HIGHWAY 6 S,77083 5709,1,2,0,0,0,3,0.333,0.111,120,9,0,2.0,1,1,0,0,0,ChIJt3hJcNTdQIYR2AzR6Z4oEu0,Champions at KIPP Unity Primary,1.0,1.0,medium_confidence
755428,Key Concepts Kan Learning Center,HOUSTON,4245A COOK RD,77072 1102,0,2,1,0,0,3,0.6,0.0,46,5,0,14.8,0,1,0,0,0,ChIJt56ShgPdQIYRjq9GAxq3Gt4,Key Concepts Kan Learning Center,4.3,18.0,high_confidence
1423744,Spanish School 4kids,HOUSTON,215 W 23RD ST,77008 2545,3,12,9,2,0,26,2.167,0.25,49,12,2,2.3,0,0,0,0,0,ChIJt7D5Q3vHQIYR8SfXwGOzmeM,Spanish School 4kids INC,5.0,63.0,high_confidence
112390,Southern Crest Day Care Ctr,DALLAS,2324 LOCUST AVE,75216 6443,0,0,1,0,0,1,0.143,0.0,90,7,0,39.6,0,1,0,0,0,ChIJt7qgCZuXToYRtWOu3VfEOxg,Southern Crest Learning Center,4.8,4.0,medium_confidence
530188,St. Cuthbert Episcopal Preschool,HOUSTON,17020 WEST RD,77095 5578,1,4,6,0,0,11,2.2,0.2,145,5,0,15.8,0,0,0,0,0,ChIJtS96lObWQIYRH_t3si9xuHI,St. Cuthbert School,5.0,5.0,medium_confidence
96964,My Friends House,AUSTIN,7050 VILLAGE CENTER DR,78731 3024,4,8,3,0,0,15,1.154,0.308,170,13,0,39.4,0,1,0,0,0,ChIJtU-2XRrLRIYRg-3tTzx-6n4,My Friend's House Child Development Center,4.3,16.0,medium_confidence
164006,Bright Horizons Family Center,AUSTIN,6111 DAVIS LN,78749 3682,2,3,1,0,1,7,0.778,0.222,244,9,0,25.6,1,1,0,0,0,ChIJtY1O2llJW4YRRbdwaZJjD-c,Bright Horizons Family Center at Oak Hill,4.2,16.0,high_confidence
142198,A Place  For Kids Luth CH Of RE,SAN ANTONIO,6011 GRISSOM RD,78238 2228,8,6,1,0,1,16,0.889,0.444,126,18,0,29.9,0,1,0,0,0,ChIJtYTiu3NdXIYReaWq4Q9uiww,A Place For Kids - Christian Learning Center,4.3,22.0,medium_confidence
97569,Alamo Heights Presbyterian Church,SAN ANTONIO,6201 BROADWAY ST,78209 4562,9,12,5,1,1,28,1.12,0.36,156,25,0,39.8,0,0,0,0,0,ChIJte9h9m31XIYRQlj8zW3SRhQ,Alamo Heights Presbyterian Church,4.5,32.0,high_confidence
240767,Grace Kids Academy,HOUSTON,14505 GULF FWY,77034 5360,13,12,4,0,0,29,1.0,0.448,191,29,1,21.4,0,1,0,0,0,ChIJtefskymaQIYRMmkEONQt4Fw,Grace Kids Academy,4.3,37.0,high_confidence
1342387,"Angel Watch Academy, LLC",HOUSTON,17335 FM 529 RD STE D,77095 1170,3,3,1,0,0,7,1.0,0.429,33,7,0,5.4,0,1,0,0,0,ChIJteg3zPzXQIYRSeJDkaj2lwY,Angel Watch Academy,4.9,36.0,high_confidence
1111152,Children's Lighthouse Potranco,SAN ANTONIO,425 GROSENBACHER RD,78245 3493,1,0,0,0,0,1,0.091,0.091,223,11,0,12.2,0,0,0,0,0,ChIJtfdKrgxEXIYRk1bPa5JVxQ4,Children's Lighthouse of San Antonio - Potranco,4.8,178.0,medium_confidence
322869,Luv-N-Care Child Development Center,SAN ANTONIO,21130 GATHERING OAK,78260 3196,3,6,2,0,0,11,0.786,0.214,239,14,0,16.8,0,1,0,0,0,ChIJtfu89EViXIYRMnDIcIR00Rc,Luv-n-Care Child Development Centers,4.1,39.0,high_confidence
1447253,NextGen Learning Center,SAN ANTONIO,6401 BANDERA RD,78238 1512,1,5,1,0,0,7,0.5,0.071,94,14,0,1.5,0,1,0,0,0,ChIJtwIITkRdXIYRUSZ4FjcY6gc,NextGen Learning Center,4.3,11.0,high_confidence
1248193,"Carousel Childcare Center, LLC",SAN ANTONIO,143 POSTWOOD DR,78228 1719,4,9,3,0,0,16,0.8,0.2,49,20,0,9.0,0,1,0,0,0,ChIJtyWdodtdXIYRNkpygNUfd9g,"Carousel Childcare Center, LLC",4.7,50.0,high_confidence
1472584,Campus Adventures @ Montopolis,AUSTIN,1701 VARGAS RD,78741 3649,0,4,3,1,0,8,1.333,0.0,80,6,0,1.2,0,1,0,0,0,ChIJtzH35R20RIYRm9EVDTD7CH0,IDEA Montopolis,3.7,28.0,medium_confidence
97388,University Baptist Wee School,SAN ANTONIO,6465 BABCOCK RD,78249 2955,0,2,3,0,0,5,1.0,0.0,100,5,0,39.8,0,0,0,0,0,ChIJu-ILLwFnXIYRtbSqN98rxMc,University Baptist Church,4.6,14.0,medium_confidence
1338017,Primrose School of Austin at Mueller,AUSTIN,2200 ALDRICH ST STE 130,78723 3477,10,7,11,1,0,29,1.115,0.385,284,26,0,5.9,0,1,0,0,0,ChIJu-mzmty1RIYROEoFe96D3lw,Primrose School of Austin at Mueller,4.4,61.0,high_confidence
1366533,"Kiddie Kraft  Preschool,LLC",DALLAS,9949 MCCREE RD,75238 3446,1,5,4,0,0,10,0.833,0.083,214,12,0,5.0,0,0,0,0,0,ChIJu1DEtdqhToYRtORtF2Zrrb4,Kiddie Krafts Preschool,4.5,16.0,high_confidence
167601,Little Tyke North Beach,FORT WORTH,7001 N BEACH ST,76137 1810,6,6,2,0,1,15,0.682,0.273,103,22,0,24.9,0,1,0,0,0,ChIJu204-3XYTYYRg2wSkCc-NMA,Little Tyke Learning Centers,4.0,26.0,medium_confidence
104771,Grace Episcopal School,HOUSTON,4040 W BELLFORT ST,77025 5307,2,3,0,0,1,6,0.6,0.2,153,10,0,37.5,0,0,0,0,0,ChIJu8lmBXnqQIYRvhAlz1HC8Hk,Grace Episcopal Church,4.9,28.0,medium_confidence
1204238,University of Texas Child Dev Center,AUSTIN,1601 CONGRESS AVE,78701,7,1,0,1,0,9,0.321,0.25,241,28,1,10.1,1,1,0,0,0,ChIJu8u10J-1RIYR_kGjy13PNEs,UT Child Development Center,4.0,7.0,medium_confidence
141325,Educare Child Care  No 3,SAN ANTONIO,6307 THUNDER DR,78238 2925,2,2,1,0,0,5,0.417,0.167,119,12,0,30.1,0,1,0,0,0,ChIJu9eMYa9dXIYRYhUEB7qHejA,Educare Child Care Inc,3.6,17.0,high_confidence
1515009,Stepping Stone School XII,AUSTIN,7700 W PARMER LN,78729 8101,0,1,0,0,0,1,0.167,0.0,307,6,0,0.2,0,0,0,0,0,ChIJuRWr1wzNRIYR1dcWnW1kaB0,Stepping Stone School - Parmer,4.5,52.0,medium_confidence
933969,Stair Steps 2 Learning,HOUSTON,13303 WINDFERN RD,77064 3138,10,22,13,1,0,46,4.182,0.909,130,11,2,13.9,0,1,0,0,0,ChIJuRg_5uzRQIYRw3vqeh-qLe0,Stair Steps 2 Learning,4.4,7.0,high_confidence
1451236,Amazon Jungle Learning Academy,FORT WORTH,1818 ROBERTS CUT OFF RD,76114 1812,1,8,5,1,0,15,1.364,0.091,119,11,2,2.1,0,1,0,0,0,ChIJuS2EgPENToYRiN34H-yQjSo,Amazon Jungle Learning Academy,3.5,11.0,high_confidence
95548,West University United Methodist School,HOUSTON,3611 UNIVERSITY BLVD,77005 3359,2,5,4,0,0,11,1.833,0.333,225,6,1,38.5,1,0,0,0,0,ChIJuTYDW1LAQIYRi9XV72nQJTE,West U Methodist School,3.7,3.0,medium_confidence
328214,Kipling Street Academy,HOUSTON,1425 KIPLING ST,77006 4123,2,1,1,0,0,4,0.364,0.182,162,11,0,17.8,1,0,0,0,0,ChIJuThvV5zAQIYRCXaXVZrgttI,Kipling Street Academy,3.7,18.0,high_confidence
95487,KinderCare Learning Center,AUSTIN,610 EMERALD WOOD DR,78745 2127,6,6,11,1,0,24,1.333,0.333,105,18,0,40.1,0,1,0,0,0,ChIJuVVLjK60RIYREEl6XNfjpb4,Emerald Wood KinderCare,4.0,27.0,medium_confidence
1509663,Guidepost Montessori at Bee Cave,AUSTIN,14058 BEE CAVE PKWY BLDG C,78738 7072,2,0,0,0,0,2,0.25,0.25,221,8,0,0.0,1,0,0,0,0,ChIJuXnCZp05W4YRThSJhSZXekk,Guidepost Montessori at Bee Cave,4.8,33.0,high_confidence
156879,"Kreative Kids Academy, LLC",DALLAS,9664 WALNUT ST,75243 2325,9,2,1,0,0,12,0.8,0.6,275,15,0,27.4,0,1,0,0,0,ChIJuXvsMrkfTIYRrCXqCKnYqvc,Kreative Kids Academy,4.0,40.0,high_confidence
1309375,Holy Word Early Learning Center,AUSTIN,10601 BLUFF BEND DR,78753 3915,3,7,6,0,1,17,1.214,0.214,154,14,0,7.0,0,1,0,0,0,ChIJuY_BLWvJRIYRJEFONHQqlaI,Holy Word Early Learning Center,5.0,26.0,high_confidence
1314951,Mother Theresa's Child Dev Center,HOUSTON,802 RANKIN RD STE B3,77073 4602,7,11,4,1,0,23,1.917,0.583,62,12,2,6.8,0,1,0,0,0,ChIJu_4ExlrLQIYRnn1XU1Cu3KM,MOTHER THERESA DAY CARE,4.5,23.0,medium_confidence
97099,Ridgewood Park Weekday Programs,DALLAS,6445 E LOVERS LN,75214 2217,0,1,0,0,0,1,0.167,0.0,100,6,0,39.0,0,0,0,0,0,ChIJuaJy-X-fToYRR9N2XFz57Lc,Ridgewood Park Pre-School,4.5,8.0,medium_confidence
1132957,"Lil' Peas & Sprouts Learning Center, LLC",SAN ANTONIO,5990 VILLAGE PARK,78250 4000,2,8,3,0,0,13,0.812,0.125,158,16,0,11.4,0,1,0,0,0,ChIJubWonLtCXIYRxxp21BL4tv0,Lil' Peas & Sprouts Learning Center,3.6,37.0,high_confidence
1495685,Coolwood Early Head Start and Head Start,HOUSTON,767 COOLWOOD DR,77013 5628,4,2,1,0,0,7,0.875,0.5,106,8,0,0.6,0,0,0,0,0,ChIJudo6nVWjQIYRw2JMmCIuIAY,Coolwood Head Start Center,4.2,6.0,medium_confidence
113323,Community Academy Day Care Center,DALLAS,1755 E ANN ARBOR AVE,75216 6336,16,12,12,0,0,40,2.105,0.842,40,19,1,37.9,0,1,0,0,0,ChIJuedJE3SXToYRKq35l3yzioc,Community Academy Day Care Center,4.0,4.0,high_confidence
1515595,Stepping Stone School II,AUSTIN,8419 BOWLING GREEN DR,78757 7015,0,0,0,0,0,0,0.0,0.0,51,4,0,0.2,0,0,0,0,0,ChIJuwI9S7zLRIYR-Cwby65K5AA,Stepping Stone School - Northcross/Domain,4.4,29.0,medium_confidence
110570,"Country Home Learning Center #6, LTD.",SAN ANTONIO,8155 FREDERICKSBURG RD,78229 3311,1,1,1,0,0,3,0.12,0.04,301,25,0,34.9,0,1,0,0,0,ChIJuwk91apgXIYRrkq3-8WPUQ0,Country Home Learning Center at Medical Center,4.1,112.0,medium_confidence
1155308,Lena Pope Early Learning Center,FORT WORTH,3200 SANGUINET ST,76107,2,6,2,1,0,11,0.786,0.143,116,14,0,10.8,1,0,0,0,0,ChIJuxhbIqtzToYR_b2bKi5gMs8,Lena Pope Early Learning Center,4.3,26.0,high_confidence
1321238,Jeanette's Little Haven Enrichment Center,DALLAS,6868 WALLING LN,75231 7204,11,24,6,0,0,41,1.864,0.5,175,22,0,7.0,1,1,0,0,0,ChIJuykxgyWgToYRjJMrQkrAQVU,"Jeanette's Little Haven, Inc.",2.9,10.0,medium_confidence
1303687,Claire's Christian Day School,DALLAS,5608 NORTHAVEN RD,75230 2976,1,2,8,1,0,12,1.714,0.143,199,7,0,7.6,0,0,0,0,0,ChIJuzw_r7yfToYRC1-PEO8W73k,Claire's Day School,4.7,31.0,medium_confidence
95394,St. Thomas Episcopal School,SAN ANTONIO,1416 N LOOP 1604 E,78232 1427,1,7,6,1,1,16,2.286,0.143,34,7,0,40.1,0,0,0,0,0,ChIJv-yNLR2KXIYRtmgU6ivvHmQ,St. Thomas Episcopal Church and School,4.5,40.0,high_confidence
152118,Childrens Village KidConnect,HOUSTON,6218 AUDEN ST,77005 2816,4,13,2,1,0,20,2.222,0.444,195,9,1,28.0,0,0,0,0,0,ChIJv03wa_XBQIYRxd4i7oLblOI,A Children's Village | West University,5.0,9.0,medium_confidence
1386237,Merit Children's Academy LLC,DALLAS,2700 FAIRMOUNT ST,75201 1913,9,10,4,0,0,23,1.0,0.391,141,23,0,3.7,0,0,0,0,0,ChIJv1VYeK-ZToYRer0dpQ0A-20,Merit Children's Academy,4.2,59.0,high_confidence
95454,Christian Childhood Development Center,DALLAS,9015 PLANO RD,75238 3655,2,1,2,0,1,6,0.857,0.286,134,7,0,39.8,0,0,0,0,0,ChIJv4RwrPagToYRhPjOMy7Y9Bw,Christian Childhood Developmnt,5.0,2.0,high_confidence
983949,Park South YMCA,DALLAS,2500 ROMINE AVE,75215 3755,10,15,19,1,0,45,2.143,0.476,100,21,1,12.6,0,1,0,0,0,ChIJv8GkOGKYToYRPXCnt8WTEbQ,Park South Family YMCA,4.6,108.0,high_confidence
95639,St. Georges Episcopal School,AUSTIN,4301 N IH 35,78722 1103,1,2,0,0,0,3,0.231,0.077,120,13,0,39.6,1,0,0,0,0,ChIJv8rQ9wnKRIYRDVVuLnKLX-s,St. George's Episcopal School,5.0,4.0,high_confidence
764588,Voice of Hope Ministries,DALLAS,4120 GENTRY DR,75212 1219,1,1,4,0,0,6,0.75,0.125,170,8,0,14.1,0,1,0,0,0,ChIJvRtdzWSbToYRRUTl6tX6QUs,Voice of Hope Ministries Inc,4.6,58.0,high_confidence
1489981,National School Of Martial Arts,SAN ANTONIO,15700 CHASE HILL BLVD,78256 1011,0,0,0,0,0,0,0.0,0.0,68,3,0,1.1,0,0,0,0,0,ChIJvShPVnpmXIYR6jgw-t9iasA,National School of Martial Arts,4.9,145.0,high_confidence
1394426,Kids Garden,HOUSTON,6729 STELLA LINK RD,77005 4342,4,6,5,0,0,15,1.667,0.444,47,9,0,3.5,0,0,0,0,0,ChIJvT2rbBPBQIYRpNeA8yIsbPs,Kids Garden Houston,4.7,19.0,medium_confidence
1312666,Primrose School of Park Cities,DALLAS,4011 INWOOD RD,75209 5711,4,3,0,0,0,7,0.583,0.333,250,12,0,6.9,1,0,0,0,0,ChIJvTCnDUWfToYRIsUJn1VmUug,Primrose School of Park Cities,4.8,30.0,high_confidence
1368959,Children's Center of Excellence and Daycare,HOUSTON,12609 S GESSNER RD,77071 2803,31,35,15,2,1,84,2.1,0.775,81,40,2,4.4,0,1,0,0,0,ChIJvTINWh_pQIYRsCwAvRdSBAg,Children's Center of Excellence & Daycare,5.0,11.0,high_confidence
96189,Skyrise School of South Hulen,FORT WORTH,7224 KINGSWOOD DR,76133 6612,0,21,15,1,2,39,1.3,0.0,100,30,2,38.9,1,1,0,0,0,ChIJvTaoGKptToYROA19FbqyPn0,Skyrise School of South Hulen,4.6,34.0,high_confidence
1484341,Smart Ducklings Daycare #2,SAN ANTONIO,4025 E SOUTHCROSS BLVD BLDG 3,78222 3670,8,4,1,0,0,13,1.625,1.0,56,8,0,0.8,0,1,0,0,0,ChIJvV0MYQD3XIYRANd8mKeCSgU,Smart Ducklings Daycare #2,5.0,15.0,high_confidence
210266,Childrens Courtyard,AUSTIN,5914 W WILLIAM CANNON DR,78749 1972,19,37,12,0,1,69,2.029,0.559,357,34,3,22.9,0,0,0,0,0,ChIJvVOiVNtLW4YRHI176ZYma08,The Children's Courtyard on W. William Cannon Drive,4.0,60.0,medium_confidence
1470332,Lil Ones Daycare Emporium,HOUSTON,5802 TIDWELL RD,77016 4744,1,1,1,0,0,3,0.375,0.125,42,8,2,1.2,1,1,0,0,0,ChIJvWeGsfW5QIYRCXuAALmmjBA,Lil One's Daycare Emporium LLC,4.1,19.0,high_confidence
1105196,Life Time Fitness Camps,HOUSTON,815 TOWN AND COUNTRY LN,77024 2238,5,10,1,0,2,18,1.8,0.5,100,10,1,12.2,0,0,0,0,0,ChIJvXnzS7LEQIYRvRutUAaRXfg,Life Time,3.9,679.0,medium_confidence
1358299,Square One Early Education Academy LLC,HOUSTON,5119 MARTIN LUTHER KING BLVD,77021 3003,4,3,1,0,0,8,1.143,0.571,34,7,0,4.9,0,1,0,0,0,ChIJvXuYhR2_QIYRdC2Hwp_mfj4,Square One Early Education Academy LLC,4.6,11.0,high_confidence
287508,Barbara Jordan International Pre School,HOUSTON,3015 N MACGREGOR WAY,77004 7628,4,10,6,1,0,21,1.909,0.364,308,11,1,19.5,0,1,0,0,0,ChIJvZ3LrKK_QIYR0dkHSmhDXLs,Barbara Jordan International Preschool,4.4,9.0,high_confidence
162006,Bent Tree Day School,DALLAS,18273 VAIL ST,75287 4926,3,4,3,0,0,10,0.769,0.231,275,13,0,25.9,0,1,0,0,0,ChIJvZmQKhIkTIYRyG3KJRZjVro,Bent Tree Day School,4.0,58.0,high_confidence
1367834,WillowWood Learning Academy,HOUSTON,14207 STATE HIGHWAY 249 STE A1,77086 2742,6,11,1,0,1,19,0.95,0.3,102,20,0,4.1,0,1,0,0,0,ChIJvaAee4DPQIYRFdhneSL2jYY,Willow Wood Learning Academy,4.7,12.0,high_confidence
1471122,Little Disciples of Jesus Learning Center,HOUSTON,2320 CYPRESS CREEK PKWY,77068 3700,7,10,4,1,1,23,2.556,0.778,42,9,0,1.3,0,1,0,0,0,ChIJvcgLtfDLQIYRjML3UytEM8s,Little Disciples of Jesus Learning Center (LDJ),5.0,3.0,high_confidence
1506176,Ready Learners Academy,HOUSTON,6629 LIVERPOOL ST,77021 4320,0,0,0,0,0,0,0.0,0.0,120,4,0,0.1,0,0,0,0,0,ChIJvfsDG3W_QIYRREthQEs2NvU,Ready Learners Academy at Yellowstone Park,5.0,1.0,medium_confidence
1090058,Buckner Family Hope Center at Northside,HOUSTON,8600 SWEETWATER LN,77037 2729,0,2,1,0,0,3,0.375,0.0,54,8,0,12.9,0,0,0,0,0,ChIJvxW34YrJQIYRS1JLeLMRNOk,Buckner Children and Family Services of Houston,3.4,5.0,medium_confidence
1464590,The Learning Experience,SAN ANTONIO,21578 BULVERDE RD,78259 2141,8,6,4,0,0,18,1.059,0.471,160,17,1,1.5,0,1,0,0,0,ChIJvxlNBTmJXIYRS3vgwfufsPA,The Learning Experience - Bulverde,4.9,78.0,high_confidence
196909,JPMorgan Chase Back-Up Child Care Center,SAN ANTONIO,3700 WISEMAN BLVD,78251 4322,1,0,1,0,0,2,0.222,0.111,150,9,0,23.5,0,0,0,0,0,ChIJvyNgQulDXIYRyeQsEx88ewc,JPMorgan Chase - San Antonio + Back-Up Care,5.0,6.0,medium_confidence
1492993,Awesome Kids Academy,HOUSTON,8642 HIGHWAY 6 N,77095 2101,1,2,2,0,0,5,0.833,0.167,57,6,0,0.4,0,0,0,0,0,ChIJw0jxbyHRQIYRFQYJUQjAhXA,Awesome Kids Academy,5.0,3.0,high_confidence
162932,Montessori Country Day,HOUSTON,5117 LA BRANCH ST,77004 5837,3,0,0,0,0,3,0.375,0.375,77,8,0,25.9,0,0,0,0,0,ChIJw0rFKH-_QIYRvV-TgvreE_w,Montessori Country Day School,4.5,6.0,high_confidence
1353528,Happy Hearts Bilingual Learning Center,AUSTIN,1112 W SLAUGHTER LN,78748 6431,1,6,4,0,0,11,1.1,0.1,96,10,0,5.5,0,1,0,0,0,ChIJw2woAOxMW4YRcsHE02UbByE,Happy Hearts Bilingual Learning Center,4.3,27.0,high_confidence
314172,Primrose School of Eldridge Parkway,HOUSTON,2150 ELDRIDGE PKWY,77077 1757,2,2,1,0,0,5,0.556,0.222,198,9,0,18.5,1,0,0,0,0,ChIJw3gCS2vcQIYRkmxUWPVrYIc,Primrose School of Eldridge Parkway,4.5,102.0,high_confidence
112163,Saint Michael Episcopal School,DALLAS,8011 DOUGLAS AVE,75225 6502,0,2,3,1,0,6,0.6,0.0,368,10,0,39.5,0,0,0,0,0,ChIJw4zdq0SeToYRQrvRPeK_drE,Saint Michael Episcopal School,5.0,1.0,high_confidence
233555,A Time & A Season Christian Dayschool,DALLAS,835 N MARSALIS AVE,75203 1405,0,3,0,0,0,3,0.375,0.0,49,8,0,21.9,0,1,0,0,0,ChIJw5Df1Z-ZToYR0wm4L0C9s2U,A Time & A Season Christian Dayschool,4.7,15.0,high_confidence
302500,Small Steps Nurturing Center-5th Ward,HOUSTON,2902 JENSEN DR,77026 6020,9,5,1,0,0,15,0.938,0.562,189,16,0,19.0,1,0,0,0,0,ChIJw85aKyW5QIYRC6Bg3H4pqL0,Small Steps Nurturing Center,4.9,58.0,high_confidence
1471077,Global Kiddos Academy,HOUSTON,5030 GESSNER RD STE 106,77041 7810,7,7,10,1,0,25,1.786,0.5,42,14,2,0.9,0,1,0,0,0,ChIJw9UI-gnFQIYRigrQi27rZgM,Global Kiddos Academy,4.0,33.0,high_confidence
305083,TTLC DBA The Children's Courtyard,AUSTIN,6801 DALLAS DR,78729 7865,14,29,11,3,1,58,1.568,0.378,170,37,1,19.2,0,0,0,0,0,ChIJwQBsMg_NRIYRRCOtLznDHRA,The Children's Courtyard on Dallas Drive,3.9,31.0,medium_confidence
1332637,Aim High Preparatory LLC,HOUSTON,2349 FM 1960 RD,77073 2501,14,14,5,0,1,34,1.619,0.667,164,21,2,5.9,0,1,0,0,0,ChIJwQwlnle1QIYRcZVKYY4YIP0,Aim High Preparatory,4.9,28.0,high_confidence
1086428,Pathway to Learning,HOUSTON,4950 FM 1960 RD W,77069 4515,5,6,7,2,2,22,1.692,0.385,132,13,1,13.1,0,1,0,0,0,ChIJwStjvkTMQIYRIU--LgnH1jY,Pathway To Learning,4.0,26.0,high_confidence
1421313,Little Wishes and Big Dreams Playhouse LTD,SAN ANTONIO,19274 REDLAND RD,78259 3341,13,9,2,0,0,24,0.75,0.406,219,32,0,2.7,0,1,0,0,0,ChIJwVi1RqOJXIYR6Iev-bq7RRQ,Little Wishes Big Dreams Childcare,4.4,44.0,medium_confidence
1248859,Ages and Stages Child Care Center,HOUSTON,485 W PARKER RD,77091 3202,15,18,16,3,0,52,3.467,1.0,60,15,1,9.1,0,1,0,0,0,ChIJwVrOd-PHQIYRE2BpXZvzrYo,Ages And Stages Child Care Center,4.8,37.0,high_confidence
100272,Crown of Life Lutheran School,SAN ANTONIO,19291 STONE OAK PKWY,78258 3254,3,1,0,0,0,4,0.4,0.3,105,10,0,38.7,0,0,0,0,0,ChIJwXHWUm1iXIYRBnhf468huZs,Crown-Life Lutheran Pre-School,5.0,1.0,high_confidence
1469555,Aunt Chi Daycare & Learning Center,HOUSTON,15415 WESTHEIMER RD,77082 1403,4,12,5,4,0,25,3.125,0.5,27,8,0,1.6,0,1,0,0,0,ChIJwYLjAB7BQIYRsDE5q0Mq-5g,AUNT CHI DAYCARE & LEARNING CENTER,5.0,2.0,high_confidence
116125,Aldine ISD Transportation Early Childhood Development Center,HOUSTON,1420 ALDINE MEADOWS RD,77032 2916,0,0,0,0,0,0,0.0,0.0,68,7,0,35.3,0,0,0,0,0,ChIJwZXMjGC2QIYRjoP1wpdexMI,AISD Child Development Center,4.5,4.0,medium_confidence
1481578,Loveworld Christian Childcare Center,HOUSTON,11124 CYPRESS N. HOUSTON,77065,7,9,6,1,2,25,2.273,0.636,82,11,2,0.8,0,1,0,0,0,ChIJway6-E_TQIYR7Nl7ZHIgsrg,LoveWorld Christian ChildCare,4.8,25.0,high_confidence
1217665,Kid Care Learning Center,SAN ANTONIO,6237 EVERS RD,78238 1503,0,2,0,1,0,3,0.273,0.0,105,11,1,9.6,0,1,0,0,0,ChIJwcMy5JpdXIYRtXgEXBu-pWE,KidCare Learning Center,4.3,29.0,high_confidence
1467295,Kidz Learning Kampus,HOUSTON,13630 BEAMER RD STE 118,77089 6038,1,3,2,0,0,6,1.0,0.167,86,6,0,2.0,1,1,0,0,0,ChIJwcWH4j2aQIYR5muK4R12YSM,Kidz Learning Kampus Child Care,4.2,59.0,medium_confidence
1356340,KCE Champions LLC @ Uplift Atlas,DALLAS,1474 ANNEX AVE,75204 6803,1,4,1,0,0,6,0.462,0.077,365,13,0,4.9,0,1,0,0,0,ChIJweeoqsCZToYRkk8Lvyoiwgo,Champions at Uplift Atlas Preparatory,1.0,1.0,medium_confidence
1508163,Tiny Blessings Academy,HOUSTON,10826 S GESSNER RD,77071 3502,11,18,3,1,2,35,3.5,1.1,104,10,0,0.0,0,0,0,0,0,ChIJwft7MarpQIYRzaGWBiAVdjk,Tiny Blessings Academy,5.0,8.0,high_confidence
1287707,Joys of Heaven Child Care and Learning Center,SAN ANTONIO,610 AVALON ST,78213 4019,0,1,0,0,0,1,0.091,0.0,53,11,0,7.7,0,1,0,0,0,ChIJwwgROctfXIYRBrkHOA5qZp8,Joys of Heaven Daycare and Learning Center,3.3,7.0,high_confidence
1372785,Alphabetz Montessori Culebra LLC,SAN ANTONIO,12026 CULEBRA RD,78253 6478,26,15,16,0,0,57,1.213,0.553,274,47,0,4.2,0,0,1,0,0,ChIJwxx_DVRpXIYRuL00YLiaR8Q,Alphabetz Montessori,4.7,102.0,medium_confidence
95282,Northwood Montessori School,HOUSTON,14901 WELCOME LN,77014 1405,1,4,3,8,0,16,3.2,0.2,91,5,3,38.6,1,0,0,0,0,ChIJwyeMoYPLQIYRWuhbPulOR5A,Northwood Montessori School AMI,5.0,28.0,high_confidence
279004,Kingdom Kids Preschool,HOUSTON,9730 GRANT RD,77070 4512,1,4,0,0,0,5,0.714,0.143,68,7,0,19.9,0,0,0,0,0,ChIJwywR3urTQIYRbgW26f3EGzU,CFCC Kingdom Kids Preschool,5.0,5.0,high_confidence
1392873,Primrose School at White Rock,DALLAS,718 N BUCKNER BLVD STE 200,75218 2719,3,0,1,0,0,4,0.211,0.158,306,19,0,3.5,1,0,0,0,0,ChIJx-7snf2hToYRk-PUXhtTKW8,Primrose School at White Rock,4.9,17.0,high_confidence
426268,Bracken Methodist Church Preschool,SAN ANTONIO,20377 FM 2252,78266 2614,3,4,1,0,0,8,1.0,0.375,196,8,0,16.3,0,1,0,0,0,ChIJx-RIt4WRXIYRmEGlRE9HGx8,Bracken Methodist Church & Preschool,4.6,81.0,high_confidence
1469823,Bright Minds Learning Center,DALLAS,2726 W ILLINOIS AVE,75233 1004,11,16,6,0,0,33,1.65,0.55,134,20,0,0.8,0,1,0,0,0,ChIJx-n9mlqbToYR1rS3mWdfhNA,Bright Minds Learning Center,3.8,13.0,high_confidence
603948,Cuddly Kids Hourly Weekly Care,DALLAS,6464 E LOVERS LN,75214 2227,0,1,5,0,0,6,1.0,0.0,35,6,0,15.4,0,0,0,0,0,ChIJx35aUdWhToYRFeS4KPulY3A,Cuddly Kids Hourly and weekly Daycare,3.4,31.0,high_confidence
1089626,Pooh Bear'z MK#3,HOUSTON,4635 BELLFORT ST,77051 2001,0,8,3,0,0,11,1.0,0.0,33,11,0,12.8,0,0,0,0,0,ChIJx80iD3qVQIYRflgLiYaK4I8,Pooh Bear'z MK # 3 Childcare Center,4.4,14.0,medium_confidence
723989,Crossing Borders International Preschool,HOUSTON,2353 RICE BLVD,77005 2621,4,2,4,1,1,12,1.2,0.4,249,10,0,14.9,0,0,0,0,0,ChIJx87aEGfAQIYRvpBIgVrg-5Y,Crossing Borders International School & Camps,4.7,111.0,high_confidence
1446995,BeYOUtiful Beginnings,FORT WORTH,5601 BASSWOOD BLVD STE 105,76137 6902,5,1,2,1,0,9,0.818,0.455,68,11,0,2.2,0,1,0,0,0,ChIJx8sdHhPZTYYRGBqWXgPKdhw,BeYOUtiful Beginnings,5.0,8.0,high_confidence
108359,First Presbyterian Mothers Day,HOUSTON,5300 MAIN ST,77004 6811,2,5,0,0,0,7,1.167,0.333,102,6,0,35.9,0,0,0,0,0,ChIJx9TuLnm_QIYRcYdCrrO07UE,First Presbyterian Church of Houston,4.5,50.0,medium_confidence
1179423,CENTRAL MONTESSORI SCHOOL,HOUSTON,14311 PARK ROW,77084 5695,1,0,2,1,0,4,0.667,0.167,136,6,1,10.1,0,0,0,0,0,ChIJxQBFhN7bQIYRhK_wug0ldQQ,Central Montessori School,4.7,9.0,high_confidence
1331007,International Montessori House of Children,AUSTIN,6420 HART LN,78731 3137,4,3,4,1,0,12,1.091,0.364,64,11,0,6.5,0,0,0,0,0,ChIJxQqISxrLRIYRdg8Dhgw1R9U,International Montessori - Far West Campus,4.8,23.0,medium_confidence
1369032,Inspiring Hearts Leon Springs,SAN ANTONIO,23943 IH 10 W,78257,3,8,11,2,1,25,2.273,0.273,33,11,0,4.5,0,0,0,0,0,ChIJxWGhMaJlXIYRkZBmC3wvxNY,Inspiring Hearts Day School,5.0,9.0,medium_confidence
914709,Genesis Foundation Child Care Learning Center,DALLAS,801 W KIEST BLVD,75224 3330,0,2,1,1,0,4,0.5,0.0,33,8,1,14.0,0,1,0,0,0,ChIJxWY6kKyQToYRqGxA30sYaSw,Genesis Foundation Childcare & Learning Center,4.9,31.0,high_confidence
1509880,Little Inspires Montessori,FORT WORTH,3312 PARK LAKE DR,76133 4602,2,7,4,0,0,13,2.6,0.4,227,5,0,0.3,0,0,0,0,0,ChIJxWcZTQBtToYR7e7hHHXHkcg,Little Inspires Montessori,4.8,5.0,high_confidence
249313,Discovery World Learning Center,SAN ANTONIO,5455 PRUE RD,78240 1624,1,8,7,2,0,18,2.25,0.125,108,8,0,21.1,0,1,0,0,0,ChIJxWv9Tj1nXIYRpaa2yfGlTSs,Discovery World Learning Center,4.4,50.0,high_confidence
1117036,Twinkle Wonders School of Learning,HOUSTON,5442 RICHMOND AVE,77056 6614,34,55,32,3,4,128,2.977,0.791,60,43,1,11.9,0,1,0,0,0,ChIJx_CcjXzBQIYRDIM5bGPLOLs,Twinkle Wonders School At The Galleria,4.1,55.0,medium_confidence
94407,Baptist Temple Day Care Center,SAN ANTONIO,901 E DREXEL AVE,78210 3105,6,6,4,0,0,16,0.8,0.3,234,20,1,38.4,0,1,0,0,0,ChIJx_DY20P2XIYRr-G4EAZklCY,Baptist Temple Early Learning Center,4.3,28.0,medium_confidence
106293,St Philips Methodist Discover Club,HOUSTON,5501 BEECHNUT ST,77096 1005,0,4,3,0,0,7,1.4,0.0,71,5,0,36.6,0,0,0,0,0,ChIJx_cv4RrCQIYRQ5FSxp2eO2s,St Philip's United Methodist Church,4.8,41.0,medium_confidence
1435372,Bezos Academy Houston- Denver Harbor,HOUSTON,6402 MARKET ST,77020 6840,2,3,0,1,0,6,0.667,0.222,63,9,1,2.4,0,0,0,0,0,ChIJxdIK_cS9QIYR678OAte0X1M,Bezos Academy Houston - Denver Harbor,5.0,7.0,high_confidence
1284235,Carriage Lane Learning Center,HOUSTON,8434 WEST RD,77064 7928,1,3,5,0,0,9,1.0,0.111,117,9,0,8.4,0,1,0,0,0,ChIJxxenbavPQIYRm-yhzzi6M_g,Carriage Lane Learning Center,4.6,17.0,high_confidence
1347081,Smart Ducklings Daycare,SAN ANTONIO,1630 GOLIAD RD,78223 2722,10,22,18,2,0,52,2.167,0.417,97,24,1,4.8,0,1,0,0,0,ChIJxyhQyHT3XIYR-yBvrC1XP5M,Smart Ducklings Daycare,5.0,17.0,high_confidence
1347814,Healy Murphy Child Development,SAN ANTONIO,611 CHESTNUT ST,78202 1917,2,6,3,0,0,11,0.393,0.071,145,28,0,5.8,0,1,0,0,0,ChIJy01XzL31XIYRdwblmQqn_mE,Healy Murphy Child Development Center,5.0,2.0,high_confidence
1388710,Smarty Pants Learning Center,SAN ANTONIO,6749 BANDERA RD,78238 1438,0,2,0,1,0,3,0.214,0.0,91,14,1,3.8,0,1,0,0,0,ChIJy12_2dNdXIYRxPq9lhgUTWU,Smarty Pants Learning Center,3.7,19.0,high_confidence
1463915,Victory Kids Christian Academy,DALLAS,5115 VETERANS DR,75241 1536,0,1,4,0,0,5,0.5,0.0,12,10,0,1.6,0,1,0,0,0,ChIJy1MmZTyZToYRMGUbGuCOVEE,Victory Kids Christian Academy,4.0,4.0,high_confidence
157141,Mount Olive Lutheran Church,HOUSTON,10310 SCARSDALE BLVD,77089 5665,0,3,3,0,1,7,1.167,0.0,50,6,0,27.0,0,0,0,0,0,ChIJyRso_A6aQIYRCkkmVYy0TOE,Mt Olive Lutheran Church,4.7,19.0,high_confidence
1126531,Little Leaders Academy,HOUSTON,4223 JURA DR,77084 3458,1,3,0,1,1,6,0.6,0.1,102,10,0,11.7,0,1,0,0,0,ChIJySdZm_HZQIYRDZqIvsRvlsQ,Little Leaders Academy,4.8,90.0,high_confidence
1448306,Centro Child Development Center,DALLAS,3822 W KIEST BLVD,75233 1606,2,3,0,1,0,6,0.6,0.2,93,10,1,1.9,0,1,0,0,0,ChIJyT1uRXOaToYRYL5IAswjad4,Centro Child Development Center formerly Kiest Park Christian Preschool,4.4,26.0,medium_confidence
1163591,Nature Preschool Center,AUSTIN,6030 W HIGHWAY 290,78735 8708,1,2,1,0,0,4,0.444,0.111,37,9,0,10.5,0,0,0,0,0,ChIJyWkkaMhLW4YRLiNUeJnYFgI,Nature Preschool Center (Southwest Austin),5.0,27.0,medium_confidence
104839,La Petite Academy Eckhert,SAN ANTONIO,5718 ECKHERT RD,78240 3900,7,13,8,0,0,28,1.556,0.389,136,18,0,37.6,0,1,0,0,0,ChIJyXJhJkZnXIYR03I_bbLKXRY,La Petite Academy on Eckhert Road,3.5,39.0,high_confidence
1380073,Amazing Creations Academy LLC,FORT WORTH,6138 WESTCREEK DR,76133 3332,1,6,1,0,0,8,0.571,0.071,125,14,0,3.9,0,1,0,0,0,ChIJyYlvK3ltToYR2iF4VuCG2ys,Amazing Creations Academy,3.9,7.0,high_confidence
1361857,MBS Kids Early Learning Academy,HOUSTON,18920 MAYDE CREEK RD,77084,13,3,2,0,0,18,0.947,0.684,220,19,0,4.8,0,1,0,0,0,ChIJy_o8zUvZQIYRH9s93dN-3mc,MBS Kids Early Learning Academy,4.5,42.0,high_confidence
1379909,Happy Kids Stop in Play Childcare,HOUSTON,10711 MILLRIDGE NORTH DR,77070 4827,6,8,9,3,0,26,1.083,0.25,108,24,1,4.2,0,1,0,0,0,ChIJya3i26TTQIYRiMFS5iE_VwY,Happy Kids Stop N Play Learning Academy Cypress,3.5,37.0,medium_confidence
1483033,La Maternelle French Academy,HOUSTON,2301 S DAIRY ASHFORD RD,77077 5717,0,2,2,0,0,4,0.667,0.0,120,6,0,0.8,0,0,0,0,0,ChIJycUJcmDcQIYRD4eM1QpRqFM,La Maternelle French Academy,4.5,35.0,high_confidence
1516851,Empower Kidz Drop In,AUSTIN,2951 RANCH ROAD 620 S STE 107,78738 5637,0,0,0,0,0,0,0.0,0.0,35,2,0,0.2,0,0,0,0,0,ChIJyd0nyVM5W4YRe2hz98e5tBE,Empower Kidz Drop-In,5.0,9.0,high_confidence
1336061,Brentwood Children's Academy,HOUSTON,7210 N ELDRIDGE PKWY,77041 1856,3,4,1,0,0,8,0.667,0.25,195,12,0,5.9,0,1,0,0,0,ChIJyxYDFvTQQIYRXmal3zaT2Ok,Brentwood Children's Academy,4.9,68.0,high_confidence
1180749,"Tiny Tots Childcare Center, LLC",HOUSTON,620 MAXEY RD,77013 5800,2,8,4,3,1,18,2.0,0.222,131,9,1,10.1,0,1,0,0,0,ChIJyz_bHKmkQIYRX8K2qj21aE0,"Tiny Tots Childcare Center, LLC",4.4,32.0,high_confidence
1431254,Open Door Preschool North,AUSTIN,11704 N LAMAR BLVD,78753 2116,2,4,2,0,0,8,0.615,0.154,106,13,0,2.4,1,1,0,0,0,ChIJyzrpxLFHiwQRQxix1BYCLKQ,Open Door Preschool North,5.0,8.0,high_confidence
1330115,Riding Rainbows Child Development Center,DALLAS,7605 C F HAWN FWY,75217 6526,6,4,2,3,0,15,1.0,0.4,166,15,1,5.9,1,1,0,0,0,ChIJz-Qff0ijToYRMjhWeP6k6xs,Riding Rainbows Child Development,4.7,16.0,high_confidence
1518730,Raising Little Stars Academy,HOUSTON,2720 WESTERLAND DR,77063 3828,1,2,1,0,0,4,2.0,0.5,84,2,1,-0.0,0,0,0,0,0,ChIJz-oQ-gDDQIYRYE0_0c90_8s,Raising Little Stars Academy - (My Children’s choice Academy #2),5.0,52.0,medium_confidence
323384,Kindercity,HOUSTON,3750 S GESSNER RD,77063 5132,12,13,16,1,2,44,2.444,0.667,81,18,1,17.8,0,1,0,0,0,ChIJz26fDR_DQIYRaMEoEwOUjB0,Kindercity,3.7,45.0,high_confidence
328617,Primrose School of Columbus Trail,FORT WORTH,5330 COLUMBUS TRL,76123 2970,9,2,2,0,0,13,0.361,0.25,182,36,0,18.1,1,0,0,0,0,ChIJz31Yq-RsToYRJ6_-nbH88p0,Primrose School of Columbus Trail,4.9,43.0,high_confidence
762988,Primrose School of Southwest Austin,AUSTIN,4920 DAVIS LN,78749 3628,0,5,2,0,0,7,0.7,0.0,201,10,0,14.6,1,0,0,0,0,ChIJz3T3v_BLW4YRhBBTnx6jFck,Primrose School of Southwest Austin,4.6,22.0,high_confidence
101980,Bear Creek UMC School,HOUSTON,16000 RIPPLING WATER DR,77084 2908,0,1,0,1,0,2,0.4,0.0,175,5,1,39.6,0,1,0,0,0,ChIJz3eJCOzbQIYRDv0Qk-bhE2o,Bear Creek United Methodist Church School,5.0,9.0,medium_confidence
1282642,Everlasting Learning Child Development Center,HOUSTON,16001 MOORE RD,77049 4865,9,4,7,1,0,21,1.5,0.643,99,14,0,7.9,0,1,0,0,0,ChIJz3ix3C6kQIYRDRI6Q3QL56s,Everlasting Learning Child Development Center,4.3,30.0,high_confidence
1469342,Happy Hearts Bilingual Learning Center,AUSTIN,200 W STASSNEY LN,78745 3129,10,4,12,8,0,34,1.0,0.294,103,34,2,1.4,0,1,0,0,0,ChIJz3q-cgC1RIYR4szpe_sFFSk,Happy Hearts Bilingual Learning Center,5.0,1.0,high_confidence
112075,Skyrise School of Summerfields,FORT WORTH,3800 BASSWOOD BLVD,76137 1452,9,5,7,0,1,22,0.629,0.257,138,35,0,38.7,1,1,0,0,0,ChIJz3xMznvYTYYRUamG2819xgA,Skyrise School of Summerfields,4.3,47.0,high_confidence
288412,Oakmont KinderCare,FORT WORTH,7901 OAKMONT BLVD,76132 4213,9,6,4,1,0,20,0.513,0.231,163,39,1,19.8,1,1,0,0,0,ChIJz46GN0VtToYRWBlUcGqOfvQ,Oakmont KinderCare,4.1,42.0,high_confidence
94728,Cedars Montessori School of Oak Hill,AUSTIN,9704 CIRCLE DR,78736 7924,0,2,0,0,0,2,0.4,0.0,91,5,0,38.7,0,0,0,0,0,ChIJz5_eTlZIW4YRow3Wqd5GJvI,Cedars Montessori School,4.4,13.0,high_confidence
1379152,Precious Jewels Learning Center,HOUSTON,5531 WINDFERN RD,77041 7561,4,12,10,1,0,27,2.7,0.4,27,10,1,4.1,0,1,0,0,0,ChIJz6ENLmbFQIYR2EOOY_vX8CI,Precious Jewels Daycare Center,4.2,11.0,medium_confidence
1484438,Little Tots University LLC,DALLAS,238 W 10TH ST,75208 4523,2,12,5,0,0,19,2.111,0.222,48,9,0,0.7,1,1,0,0,0,ChIJz6v4uzWZToYRGLi3dUzgaUk,Little Tots University,4.4,31.0,high_confidence
169865,JP Morgan Chase Backup Center,HOUSTON,1010 WITTE RD,77055 6017,2,3,11,0,0,16,1.333,0.167,117,12,0,24.6,1,0,0,0,0,ChIJz7tvhynFQIYRAJ8voMkpnHA,JPMorgan Chase - West Houston + Back-Up Care,4.7,13.0,medium_confidence
1389652,Cielito Lindo Spanish Immersion Preschool,AUSTIN,12410 TOMANET TRL,78758 2412,0,7,2,0,0,9,0.692,0.0,33,13,0,3.5,0,1,0,0,0,ChIJz8YIMiHJRIYRsj7Z_zV1mTI,Cielito Lindo Spanish Immersion Preschool,5.0,11.0,high_confidence
1152063,The Rise School of Austin,AUSTIN,4800 MANOR RD BLDG J,78723 5471,1,0,4,0,0,5,0.455,0.091,150,11,0,11.4,0,0,0,0,0,ChIJz8bHM6FLW4YROdsu4EurDiw,The Rise School of Austin Preschool,5.0,10.0,high_confidence
1435960,Creme de la Creme,HOUSTON,1400 SAN JACINTO ST,77002 7622,5,2,2,0,0,9,0.692,0.385,295,13,0,2.7,0,0,0,0,0,ChIJzQ-fUjy_QIYRND3vxiHiirA,Crème de la Crème School of Houston,4.8,41.0,medium_confidence
504568,Habibis Hutch Preschool,AUSTIN,2004 BERT AVE,78704 7528,0,8,5,0,0,13,1.625,0.0,96,8,0,16.4,0,0,0,0,0,ChIJzQ03sNO0RIYRD4xxxA7hx5E,Habibi's Hutch Preschool,4.4,9.0,high_confidence
1419997,Urban Strategies EHS Houston,HOUSTON,6615 IRVINGTON BLVD,77022 5625,5,5,5,1,0,16,0.8,0.25,102,20,1,2.7,0,0,0,0,0,ChIJzQAVEPi4QIYRnO3Of8tyk_8,Urban Strategies Early Head Start,5.0,3.0,medium_confidence
639148,Kuddles & Kisses Early Childhood Center LLC,DALLAS,4041 W WHEATLAND RD STE 128,75237 4060,5,8,2,0,0,15,1.071,0.357,51,14,0,15.0,0,1,0,0,0,ChIJzQBHb6SRToYRsyw4Zf4_y74,Kuddles and Kisses Childcare,4.6,25.0,medium_confidence
728149,Bethel's Family Christian Academy,HOUSTON,14442 FONMEADOW DR,77035 5222,2,5,3,0,0,10,0.909,0.182,277,11,0,14.6,0,1,0,0,0,ChIJzXDMQaPpQIYRzk5yIw6KY_g,Bethel’s Family Christian Academy,4.4,62.0,high_confidence
1506878,Little Miracles Montessori,HOUSTON,2501 W HOLCOMBE BLVD STE A,77030 1955,1,4,2,1,1,9,2.25,0.25,47,4,2,0.0,0,0,0,0,0,ChIJzXvuvEHAQIYR1NyV_jVnXy8,Little Miracles Montessori,4.5,17.0,high_confidence
239903,Kinderstars,HOUSTON,6230 SYNOTT RD,77083 1922,0,4,1,0,0,5,0.714,0.0,113,7,0,21.4,0,1,0,0,0,ChIJzYKwRALdQIYRPsLYX_9Dgk8,Kinder Stars Daycare,5.0,10.0,medium_confidence
112179,Blanche Headstart and Child Development,FORT WORTH,2900 STALCUP RD,76119 1546,4,1,0,0,0,5,0.455,0.364,93,11,0,39.4,0,1,0,0,0,ChIJzYXBWOl6ToYReB8O3PTNtFQ,Blanche Child Care Center,5.0,4.0,medium_confidence
155937,Tiny Land Learning Academy,HOUSTON,7411 CRESTMONT ST,77033 1119,4,6,0,0,0,10,0.625,0.25,63,16,0,27.1,0,1,0,0,0,ChIJzYd5iy25QIYRs8sUWfwB_R0,Dreamland Daycare and Early Learning Center,5.0,9.0,medium_confidence
1465073,Rainbow Childrens Station Northwest,SAN ANTONIO,6864 INGRAM RD,78238 4112,6,9,8,1,0,24,1.263,0.316,22,19,1,1.1,0,1,0,0,0,ChIJzZz4xvhdXIYRR3RPSyagHi0,Rainbow Children's Station Northwest,5.0,8.0,high_confidence
1512586,Ivy Prep Preschool Galleria,HOUSTON,2605 POTOMAC DR,77057 4529,0,1,0,0,0,1,0.333,0.0,33,3,0,0.3,0,0,0,0,0,ChIJz_Cum3vDQIYRdK-i7T2fsCg,Ivy Prep Preschool Galleria,5.0,6.0,high_confidence
1089297,After 3 After School Programs,HOUSTON,13800 WESTERLOCH DR,77077 1900,45,81,48,6,0,180,1.818,0.455,200,99,0,12.7,0,0,0,0,0,ChIJz_fVc9zDQIYRdYlfo7Urbrg,After 3 After School Programs,3.6,14.0,high_confidence
94430,Spring Branch Presbyterian Academy,HOUSTON,1215 CAMPBELL RD,77055 6401,5,14,4,0,1,24,2.667,0.556,255,9,0,36.3,0,0,0,0,0,ChIJzb6YTWfEQIYRQChgqiGEnCE,Spring Branch Presbyterian Academy,4.4,14.0,high_confidence
94911,El Buen Pastor Early Childhood Development Center,AUSTIN,1208 WILLOW ST,78702 4341,7,16,15,1,0,39,3.25,0.583,50,12,1,38.5,0,1,0,0,0,ChIJzbdo5621RIYRzDdIDZqqIgk,El Buen Pastor Early Childhood Development Center,3.3,3.0,high_confidence
1118305,Pre-K 4 SA - North Education Center,SAN ANTONIO,3635 MEDICAL DR,78229 2180,0,4,2,3,0,9,0.75,0.0,520,12,2,11.9,0,0,0,0,0,ChIJzcI7UKRgXIYRne26Hje_X6M,Pre-K 4 SA - North Education Center,3.8,21.0,high_confidence
173349,NMZ Day Care Center Inc,DALLAS,8835 STULTS RD,75243 4111,3,12,3,1,0,19,1.583,0.25,150,12,0,24.3,0,0,0,0,0,ChIJzdfBigIgTIYR5XEdxXMV0aM,New Mt Zion Day Care Center,4.3,22.0,medium_confidence
1308417,Apogee STEM Discovery Learning Academy LLC,HOUSTON,12921 S POST OAK RD,77045 3001,3,6,4,0,0,13,1.083,0.25,136,12,0,7.1,0,1,0,0,0,ChIJzfAiIWzrQIYRvqYza7brAok,Apogee STEM Discovery Learning Academy,4.2,26.0,high_confidence
1405683,Boss Kidz Learning Center and Company,DALLAS,4737 VILLAGE FAIR DR STE 103,75224 5100,0,1,1,0,0,2,0.133,0.0,25,15,0,3.0,0,1,0,0,0,ChIJzfDB3DeXToYRzCHAdMiBuiU,Boss Kidz Learning Center & Company,5.0,8.0,high_confidence
1380824,Highland Preschool and Childcare Center,HOUSTON,5335 W RICHEY RD,77066 3323,8,21,8,1,1,39,2.6,0.533,187,15,0,3.9,0,1,0,0,0,ChIJzfhQVVzNQIYRxNa04g-BbWY,Highland Preschool and Childcare Center,5.0,10.0,high_confidence
157301,Browning Head Start Center,HOUSTON,607 NORTHWOOD ST,77009 4510,0,0,0,1,0,1,0.111,0.0,87,9,1,26.8,0,0,0,0,0,ChIJzwE8cpa4QIYRqxACARQ-E4I,Browning Head Start Center,5.0,2.0,high_confidence
96346,Poppy's Kiddie Kampus,SAN ANTONIO,200 BRIGGS ST,78211 3604,2,20,8,0,0,30,1.429,0.095,111,21,0,40.0,0,1,0,0,0,ChIJzyb0iJRZXIYRn02IMoGJdHA,Poppy's Kiddie Kampus Inc.,3.8,24.0,high_confidence
1326667,Kingdom Family Children's Learning Center,FORT WORTH,1027 ASH CRESCENT ST,76104 5508,3,8,4,0,0,15,1.154,0.231,68,13,0,6.0,0,1,0,0,0,ChIJzylDk5txToYRJTzVpJr32pI,Kingdom Family Children’s Learning Center,5.0,13.0,high_confidence
1329131,Primrose School of Stone Oak,SAN ANTONIO,689 KNIGHTS CROSS DR,78258 2966,1,3,0,1,0,5,0.417,0.083,190,12,1,6.2,1,1,0,0,0,ChIJzypFR21iXIYRcf1ZTJT8Y_I,Primrose School of Stone Oak,4.8,174.0,high_confidence
